{
  "meta": {
    "data_version": "1.1.0",
    "created": "2024-05-21",
    "revision": 1
  },
  "info": {
    "balls_per_over": 6,
    "city": "Ahmedabad",
    "dates": [
      "2024-05-21"
    ],
    "event": {
      "name": "Indian Premier League",
      "stage": "Qualifier 1"
    },
    "gender": "male",
    "match_type": "T20",
    "officials": {
      "match_referees": [
        "J Srinath"
      ],
      "reserve_umpires": [
        "MV Saidharshan Kumar"
      ],
      "tv_umpires": [
        "KN Ananthapadmanabhan"
      ],
      "umpires": [
        "AK Chaudhary",
        "R Pandit"
      ]
    },
    "outcome": {
      "winner": "Kolkata Knight Riders",
      "by": {
        "wickets": 8
      }
    },
    "overs": 20,
    "player_of_match": [
      "MA Starc"
    ],
    "players": {
      "Sunrisers Hyderabad": [
        "TM Head",
        "Abhishek Sharma",
        "RA Tripathi",
        "Nithish Kumar Reddy",
        "Shahbaz Ahmed",
        "H Klaasen",
        "Abdul Samad",
        "Sanvir Singh",
        "PJ Cummins",
        "B Kumar",
        "V Viyaskanth",
        "T Natarajan"
      ],
      "Kolkata Knight Riders": [
        "Rahmanullah Gurbaz",
        "SP Narine",
        "VR Iyer",
        "SS Iyer",
        "RK Singh",
        "AD Russell",
        "Ramandeep Singh",
        "MA Starc",
        "VG Arora",
        "Harshit Rana",
        "CV Varun"
      ]
    },
    "registry": {
      "people": {
        "AD Russell": "bbd41817",
        "AK Chaudhary": "fdcc6236",
        "Abdul Samad": "8e514b4c",
        "Abhishek Sharma": "f29185a1",
        "B Kumar": "2e81a32d",
        "CV Varun": "5b7ab5a9",
        "H Klaasen": "235c2bb6",
        "Harshit Rana": "77b1aa15",
        "J Srinath": "bad31fac",
        "KN Ananthapadmanabhan": "3144063a",
        "MA Starc": "3fb19989",
        "MV Saidharshan Kumar": "54b6007b",
        "Nithish Kumar Reddy": "aad0c365",
        "PJ Cummins": "ded9240e",
        "R Pandit": "8a604384",
        "RA Tripathi": "77255a9e",
        "RK Singh": "0a509d6b",
        "Rahmanullah Gurbaz": "0bacade8",
        "Ramandeep Singh": "be24ead0",
        "SP Narine": "9d430b40",
        "SS Iyer": "85ec8e33",
        "Sanvir Singh": "b0f2baf4",
        "Shahbaz Ahmed": "f9e6e7ef",
        "T Natarajan": "ce794613",
        "TM Head": "12b610c2",
        "V Viyaskanth": "03a83c50",
        "VG Arora": "7c3b3b78",
        "VR Iyer": "a24be938"
      }
    },
    "season": "2024",
    "team_type": "club",
    "teams": [
      "Sunrisers Hyderabad",
      "Kolkata Knight Riders"
    ],
    "toss": {
      "decision": "bat",
      "winner": "Sunrisers Hyderabad"
    },
    "venue": "Narendra Modi Stadium, Ahmedabad"
  },
  "innings": [
    {
      "team": "Sunrisers Hyderabad",
      "overs": [
        {
          "over": 0,
          "deliveries": [
            {
              "batter": "TM Head",
              "bowler": "MA Starc",
              "non_striker": "Abhishek Sharma",
              "runs": {
                "batter": 0,
                "extras": 0,
                "total": 0
              }
            },
            {
              "batter": "TM Head",
              "bowler": "MA Starc",
              "non_striker": "Abhishek Sharma",
              "runs": {
                "batter": 0,
                "extras": 0,
                "total": 0
              },
              "wickets": [
                {
                  "player_out": "TM Head",
                  "kind": "bowled"
                }
              ]
            },
            {
              "batter": "RA Tripathi",
              "bowler": "MA Starc",
              "non_striker": "Abhishek Sharma",
              "runs": {
                "batter": 0,
                "extras": 0,
                "total": 0
              }
            },
            {
              "batter": "RA Tripathi",
              "bowler": "MA Starc",
              "non_striker": "Abhishek Sharma",
              "runs": {
                "batter": 4,
                "extras": 0,
                "total": 4
              }
            },
            {
              "batter": "RA Tripathi",
              "bowler": "MA Starc",
              "non_striker": "Abhishek Sharma",
              "runs": {
                "batter": 0,
                "extras": 0,
                "total": 0
              }
            },
            {
              "batter": "RA Tripathi",
              "bowler": "MA Starc",
              "non_striker": "Abhishek Sharma",
              "runs": {
                "batter": 4,
                "extras": 0,
                "total": 4
              }
            }
          ]
        },
        {
          "over": 1,
          "deliveries": [
            {
              "batter": "Abhishek Sharma",
              "bowler": "VG Arora",
              "non_striker": "RA Tripathi",
              "runs": {
                "batter": 2,
                "extras": 0,
                "total": 2
              }
            },
            {
              "batter": "Abhishek Sharma",
              "bowler": "VG Arora",
              "extras": {
                "wides": 1
              },
              "non_striker": "RA Tripathi",
              "runs": {
                "batter": 0,
                "extras": 1,
                "total": 1
              }
            },
            {
              "batter": "Abhishek Sharma",
              "bowler": "VG Arora",
              "non_striker": "RA Tripathi",
              "runs": {
                "batter": 1,
                "extras": 0,
                "total": 1
              }
            },
            {
              "batter": "RA Tripathi",
              "bowler": "VG Arora",
              "non_striker": "Abhishek Sharma",
              "runs": {
                "batter": 1,
                "extras": 0,
                "total": 1
              }
            },
            {
              "batter": "Abhishek Sharma",
              "bowler": "VG Arora",
              "non_striker": "RA Tripathi",
              "runs": {
                "batter": 0,
                "extras": 0,
                "total": 0
              }
            },
            {
              "batter": "Abhishek Sharma",
              "bowler": "VG Arora",
              "non_striker": "RA Tripathi",
              "runs": {
                "batter": 0,
                "extras": 0,
                "total": 0
              },
              "wickets": [
                {
                  "player_out": "Abhishek Sharma",
                  "fielders": [
                    {
                      "name": "AD Russell"
                    }
                  ],
                  "kind": "caught"
                }
              ]
            },
            {
              "batter": "Nithish Kumar Reddy",
              "bowler": "VG Arora",
              "non_striker": "RA Tripathi",
              "runs": {
                "batter": 0,
                "extras": 0,
                "total": 0
              }
            }
          ]
        },
        {
          "over": 2,
          "deliveries": [
            {
              "batter": "RA Tripathi",
              "bowler": "MA Starc",
              "non_striker": "Nithish Kumar Reddy",
              "runs": {
                "batter": 1,
                "extras": 0,
                "total": 1
              }
            },
            {
              "batter": "Nithish Kumar Reddy",
              "bowler": "MA Starc",
              "extras": {
                "wides": 1
              },
              "non_striker": "RA Tripathi",
              "runs": {
                "batter": 0,
                "extras": 1,
                "total": 1
              }
            },
            {
              "batter": "Nithish Kumar Reddy",
              "bowler": "MA Starc",
              "non_striker": "RA Tripathi",
              "runs": {
                "batter": 1,
                "extras": 0,
                "total": 1
              }
            },
            {
              "batter": "RA Tripathi",
              "bowler": "MA Starc",
              "non_striker": "Nithish Kumar Reddy",
              "runs": {
                "batter": 4,
                "extras": 0,
                "total": 4
              }
            },
            {
              "batter": "RA Tripathi",
              "bowler": "MA Starc",
              "non_striker": "Nithish Kumar Reddy",
              "runs": {
                "batter": 1,
                "extras": 0,
                "total": 1
              }
            },
            {
              "batter": "Nithish Kumar Reddy",
              "bowler": "MA Starc",
              "non_striker": "RA Tripathi",
              "runs": {
                "batter": 0,
                "extras": 0,
                "total": 0
              }
            },
            {
              "batter": "Nithish Kumar Reddy",
              "bowler": "MA Starc",
              "non_striker": "RA Tripathi",
              "runs": {
                "batter": 0,
                "extras": 0,
                "total": 0
              }
            }
          ]
        },
        {
          "over": 3,
          "deliveries": [
            {
              "batter": "RA Tripathi",
              "bowler": "VG Arora",
              "non_striker": "Nithish Kumar Reddy",
              "runs": {
                "batter": 2,
                "extras": 0,
                "total": 2
              }
            },
            {
              "batter": "RA Tripathi",
              "bowler": "VG Arora",
              "non_striker": "Nithish Kumar Reddy",
              "runs": {
                "batter": 0,
                "extras": 0,
                "total": 0
              }
            },
            {
              "batter": "RA Tripathi",
              "bowler": "VG Arora",
              "extras": {
                "noballs": 1
              },
              "non_striker": "Nithish Kumar Reddy",
              "runs": {
                "batter": 4,
                "extras": 1,
                "total": 5
              }
            },
            {
              "batter": "RA Tripathi",
              "bowler": "VG Arora",
              "non_striker": "Nithish Kumar Reddy",
              "runs": {
                "batter": 0,
                "extras": 0,
                "total": 0
              }
            },
            {
              "batter": "RA Tripathi",
              "bowler": "VG Arora",
              "non_striker": "Nithish Kumar Reddy",
              "runs": {
                "batter": 1,
                "extras": 0,
                "total": 1
              }
            },
            {
              "batter": "Nithish Kumar Reddy",
              "bowler": "VG Arora",
              "non_striker": "RA Tripathi",
              "runs": {
                "batter": 2,
                "extras": 0,
                "total": 2
              }
            },
            {
              "batter": "Nithish Kumar Reddy",
              "bowler": "VG Arora",
              "extras": {
                "wides": 1
              },
              "non_striker": "RA Tripathi",
              "runs": {
                "batter": 0,
                "extras": 1,
                "total": 1
              }
            },
            {
              "batter": "Nithish Kumar Reddy",
              "bowler": "VG Arora",
              "non_striker": "RA Tripathi",
              "runs": {
                "batter": 1,
                "extras": 0,
                "total": 1
              }
            }
          ]
        },
        {
          "over": 4,
          "deliveries": [
            {
              "batter": "Nithish Kumar Reddy",
              "bowler": "MA Starc",
              "non_striker": "RA Tripathi",
              "runs": {
                "batter": 4,
                "extras": 0,
                "total": 4
              }
            },
            {
              "batter": "Nithish Kumar Reddy",
              "bowler": "MA Starc",
              "non_striker": "RA Tripathi",
              "runs": {
                "batter": 1,
                "extras": 0,
                "total": 1
              }
            },
            {
              "batter": "RA Tripathi",
              "bowler": "MA Starc",
              "non_striker": "Nithish Kumar Reddy",
              "runs": {
                "batter": 1,
                "extras": 0,
                "total": 1
              }
            },
            {
              "batter": "Nithish Kumar Reddy",
              "bowler": "MA Starc",
              "non_striker": "RA Tripathi",
              "runs": {
                "batter": 0,
                "extras": 0,
                "total": 0
              }
            },
            {
              "batter": "Nithish Kumar Reddy",
              "bowler": "MA Starc",
              "non_striker": "RA Tripathi",
              "runs": {
                "batter": 0,
                "extras": 0,
                "total": 0
              },
              "wickets": [
                {
                  "player_out": "Nithish Kumar Reddy",
                  "fielders": [
                    {
                      "name": "Rahmanullah Gurbaz"
                    }
                  ],
                  "kind": "caught"
                }
              ]
            },
            {
              "batter": "Shahbaz Ahmed",
              "bowler": "MA Starc",
              "non_striker": "RA Tripathi",
              "runs": {
                "batter": 0,
                "extras": 0,
                "total": 0
              },
              "wickets": [
                {
                  "player_out": "Shahbaz Ahmed",
                  "kind": "bowled"
                }
              ]
            }
          ]
        },
        {
          "over": 5,
          "deliveries": [
            {
              "batter": "RA Tripathi",
              "bowler": "Harshit Rana",
              "non_striker": "H Klaasen",
              "runs": {
                "batter": 0,
                "extras": 0,
                "total": 0
              }
            },
            {
              "batter": "RA Tripathi",
              "bowler": "Harshit Rana",
              "non_striker": "H Klaasen",
              "runs": {
                "batter": 1,
                "extras": 0,
                "total": 1
              }
            },
            {
              "batter": "H Klaasen",
              "bowler": "Harshit Rana",
              "non_striker": "RA Tripathi",
              "runs": {
                "batter": 4,
                "extras": 0,
                "total": 4
              }
            },
            {
              "batter": "H Klaasen",
              "bowler": "Harshit Rana",
              "non_striker": "RA Tripathi",
              "runs": {
                "batter": 0,
                "extras": 0,
                "total": 0
              }
            },
            {
              "batter": "H Klaasen",
              "bowler": "Harshit Rana",
              "non_striker": "RA Tripathi",
              "runs": {
                "batter": 0,
                "extras": 0,
                "total": 0
              }
            },
            {
              "batter": "H Klaasen",
              "bowler": "Harshit Rana",
              "non_striker": "RA Tripathi",
              "runs": {
                "batter": 1,
                "extras": 0,
                "total": 1
              }
            }
          ]
        },
        {
          "over": 6,
          "deliveries": [
            {
              "batter": "H Klaasen",
              "bowler": "SP Narine",
              "non_striker": "RA Tripathi",
              "runs": {
                "batter": 1,
                "extras": 0,
                "total": 1
              }
            },
            {
              "batter": "RA Tripathi",
              "bowler": "SP Narine",
              "non_striker": "H Klaasen",
              "runs": {
                "batter": 1,
                "extras": 0,
                "total": 1
              }
            },
            {
              "batter": "H Klaasen",
              "bowler": "SP Narine",
              "non_striker": "RA Tripathi",
              "runs": {
                "batter": 0,
                "extras": 0,
                "total": 0
              }
            },
            {
              "batter": "H Klaasen",
              "bowler": "SP Narine",
              "non_striker": "RA Tripathi",
              "runs": {
                "batter": 1,
                "extras": 0,
                "total": 1
              }
            },
            {
              "batter": "RA Tripathi",
              "bowler": "SP Narine",
              "non_striker": "H Klaasen",
              "runs": {
                "batter": 1,
                "extras": 0,
                "total": 1
              }
            },
            {
              "batter": "H Klaasen",
              "bowler": "SP Narine",
              "non_striker": "RA Tripathi",
              "runs": {
                "batter": 1,
                "extras": 0,
                "total": 1
              }
            }
          ]
        },
        {
          "over": 7,
          "deliveries": [
            {
              "batter": "H Klaasen",
              "bowler": "Harshit Rana",
              "non_striker": "RA Tripathi",
              "runs": {
                "batter": 1,
                "extras": 0,
                "total": 1
              }
            },
            {
              "batter": "RA Tripathi",
              "bowler": "Harshit Rana",
              "non_striker": "H Klaasen",
              "runs": {
                "batter": 1,
                "extras": 0,
                "total": 1
              }
            },
            {
              "batter": "H Klaasen",
              "bowler": "Harshit Rana",
              "non_striker": "RA Tripathi",
              "runs": {
                "batter": 1,
                "extras": 0,
                "total": 1
              }
            },
            {
              "batter": "RA Tripathi",
              "bowler": "Harshit Rana",
              "extras": {
                "wides": 1
              },
              "non_striker": "H Klaasen",
              "runs": {
                "batter": 0,
                "extras": 1,
                "total": 1
              }
            },
            {
              "batter": "RA Tripathi",
              "bowler": "Harshit Rana",
              "non_striker": "H Klaasen",
              "runs": {
                "batter": 6,
                "extras": 0,
                "total": 6
              }
            },
            {
              "batter": "RA Tripathi",
              "bowler": "Harshit Rana",
              "non_striker": "H Klaasen",
              "runs": {
                "batter": 1,
                "extras": 0,
                "total": 1
              }
            },
            {
              "batter": "H Klaasen",
              "bowler": "Harshit Rana",
              "non_striker": "RA Tripathi",
              "runs": {
                "batter": 1,
                "extras": 0,
                "total": 1
              }
            }
          ]
        },
        {
          "over": 8,
          "deliveries": [
            {
              "batter": "H Klaasen",
              "bowler": "SP Narine",
              "non_striker": "RA Tripathi",
              "runs": {
                "batter": 1,
                "extras": 0,
                "total": 1
              }
            },
            {
              "batter": "RA Tripathi",
              "bowler": "SP Narine",
              "non_striker": "H Klaasen",
              "runs": {
                "batter": 4,
                "extras": 0,
                "total": 4
              }
            },
            {
              "batter": "RA Tripathi",
              "bowler": "SP Narine",
              "non_striker": "H Klaasen",
              "runs": {
                "batter": 1,
                "extras": 0,
                "total": 1
              }
            },
            {
              "batter": "H Klaasen",
              "bowler": "SP Narine",
              "non_striker": "RA Tripathi",
              "runs": {
                "batter": 2,
                "extras": 0,
                "total": 2
              }
            },
            {
              "batter": "H Klaasen",
              "bowler": "SP Narine",
              "non_striker": "RA Tripathi",
              "runs": {
                "batter": 6,
                "extras": 0,
                "total": 6
              }
            },
            {
              "batter": "H Klaasen",
              "bowler": "SP Narine",
              "non_striker": "RA Tripathi",
              "runs": {
                "batter": 4,
                "extras": 0,
                "total": 4
              }
            }
          ]
        },
        {
          "over": 9,
          "deliveries": [
            {
              "batter": "RA Tripathi",
              "bowler": "AD Russell",
              "non_striker": "H Klaasen",
              "runs": {
                "batter": 1,
                "extras": 0,
                "total": 1
              }
            },
            {
              "batter": "H Klaasen",
              "bowler": "AD Russell",
              "non_striker": "RA Tripathi",
              "runs": {
                "batter": 4,
                "extras": 0,
                "total": 4
              }
            },
            {
              "batter": "H Klaasen",
              "bowler": "AD Russell",
              "non_striker": "RA Tripathi",
              "runs": {
                "batter": 1,
                "extras": 0,
                "total": 1
              }
            },
            {
              "batter": "RA Tripathi",
              "bowler": "AD Russell",
              "non_striker": "H Klaasen",
              "runs": {
                "batter": 4,
                "extras": 0,
                "total": 4
              }
            },
            {
              "batter": "RA Tripathi",
              "bowler": "AD Russell",
              "non_striker": "H Klaasen",
              "runs": {
                "batter": 1,
                "extras": 0,
                "total": 1
              }
            },
            {
              "batter": "H Klaasen",
              "bowler": "AD Russell",
              "non_striker": "RA Tripathi",
              "runs": {
                "batter": 1,
                "extras": 0,
                "total": 1
              }
            }
          ]
        },
        {
          "over": 10,
          "deliveries": [
            {
              "batter": "H Klaasen",
              "bowler": "CV Varun",
              "extras": {
                "noballs": 1
              },
              "non_striker": "RA Tripathi",
              "runs": {
                "batter": 1,
                "extras": 1,
                "total": 2
              }
            },
            {
              "batter": "RA Tripathi",
              "bowler": "CV Varun",
              "non_striker": "H Klaasen",
              "runs": {
                "batter": 0,
                "extras": 0,
                "total": 0
              }
            },
            {
              "batter": "RA Tripathi",
              "bowler": "CV Varun",
              "non_striker": "H Klaasen",
              "runs": {
                "batter": 1,
                "extras": 0,
                "total": 1
              }
            },
            {
              "batter": "H Klaasen",
              "bowler": "CV Varun",
              "non_striker": "RA Tripathi",
              "runs": {
                "batter": 1,
                "extras": 0,
                "total": 1
              }
            },
            {
              "batter": "RA Tripathi",
              "bowler": "CV Varun",
              "non_striker": "H Klaasen",
              "runs": {
                "batter": 4,
                "extras": 0,
                "total": 4
              }
            },
            {
              "batter": "RA Tripathi",
              "bowler": "CV Varun",
              "non_striker": "H Klaasen",
              "runs": {
                "batter": 1,
                "extras": 0,
                "total": 1
              }
            },
            {
              "batter": "H Klaasen",
              "bowler": "CV Varun",
              "non_striker": "RA Tripathi",
              "runs": {
                "batter": 0,
                "extras": 0,
                "total": 0
              },
              "wickets": [
                {
                  "player_out": "H Klaasen",
                  "fielders": [
                    {
                      "name": "RK Singh"
                    }
                  ],
                  "kind": "caught"
                }
              ]
            }
          ]
        },
        {
          "over": 11,
          "deliveries": [
            {
              "batter": "RA Tripathi",
              "bowler": "SP Narine",
              "non_striker": "Abdul Samad",
              "runs": {
                "batter": 1,
                "extras": 0,
                "total": 1
              }
            },
            {
              "batter": "Abdul Samad",
              "bowler": "SP Narine",
              "non_striker": "RA Tripathi",
              "runs": {
                "batter": 6,
                "extras": 0,
                "total": 6
              }
            },
            {
              "batter": "Abdul Samad",
              "bowler": "SP Narine",
              "non_striker": "RA Tripathi",
              "runs": {
                "batter": 0,
                "extras": 0,
                "total": 0
              }
            },
            {
              "batter": "Abdul Samad",
              "bowler": "SP Narine",
              "non_striker": "RA Tripathi",
              "runs": {
                "batter": 0,
                "extras": 0,
                "total": 0
              }
            },
            {
              "batter": "Abdul Samad",
              "bowler": "SP Narine",
              "non_striker": "RA Tripathi",
              "runs": {
                "batter": 1,
                "extras": 0,
                "total": 1
              }
            },
            {
              "batter": "RA Tripathi",
              "bowler": "SP Narine",
              "non_striker": "Abdul Samad",
              "runs": {
                "batter": 1,
                "extras": 0,
                "total": 1
              }
            }
          ]
        },
        {
          "over": 12,
          "deliveries": [
            {
              "batter": "RA Tripathi",
              "bowler": "CV Varun",
              "extras": {
                "wides": 1
              },
              "non_striker": "Abdul Samad",
              "runs": {
                "batter": 0,
                "extras": 1,
                "total": 1
              }
            },
            {
              "batter": "RA Tripathi",
              "bowler": "CV Varun",
              "non_striker": "Abdul Samad",
              "runs": {
                "batter": 1,
                "extras": 0,
                "total": 1
              }
            },
            {
              "batter": "Abdul Samad",
              "bowler": "CV Varun",
              "non_striker": "RA Tripathi",
              "runs": {
                "batter": 0,
                "extras": 0,
                "total": 0
              }
            },
            {
              "batter": "Abdul Samad",
              "bowler": "CV Varun",
              "non_striker": "RA Tripathi",
              "runs": {
                "batter": 1,
                "extras": 0,
                "total": 1
              }
            },
            {
              "batter": "RA Tripathi",
              "bowler": "CV Varun",
              "non_striker": "Abdul Samad",
              "runs": {
                "batter": 0,
                "extras": 0,
                "total": 0
              }
            },
            {
              "batter": "RA Tripathi",
              "bowler": "CV Varun",
              "non_striker": "Abdul Samad",
              "runs": {
                "batter": 1,
                "extras": 0,
                "total": 1
              }
            },
            {
              "batter": "Abdul Samad",
              "bowler": "CV Varun",
              "non_striker": "RA Tripathi",
              "runs": {
                "batter": 1,
                "extras": 0,
                "total": 1
              }
            }
          ]
        },
        {
          "over": 13,
          "deliveries": [
            {
              "batter": "Abdul Samad",
              "bowler": "SP Narine",
              "non_striker": "RA Tripathi",
              "runs": {
                "batter": 6,
                "extras": 0,
                "total": 6
              }
            },
            {
              "batter": "Abdul Samad",
              "bowler": "SP Narine",
              "non_striker": "RA Tripathi",
              "runs": {
                "batter": 0,
                "extras": 0,
                "total": 0
              },
              "wickets": [
                {
                  "player_out": "RA Tripathi",
                  "fielders": [
                    {
                      "name": "Rahmanullah Gurbaz"
                    },
                    {
                      "name": "AD Russell"
                    }
                  ],
                  "kind": "run out"
                }
              ]
            },
            {
              "batter": "Sanvir Singh",
              "bowler": "SP Narine",
              "non_striker": "Abdul Samad",
              "replacements": {
                "match": [
                  {
                    "in": "Sanvir Singh",
                    "out": "Abhishek Sharma",
                    "team": "Sunrisers Hyderabad",
                    "reason": "impact_player"
                  }
                ]
              },
              "runs": {
                "batter": 0,
                "extras": 0,
                "total": 0
              },
              "wickets": [
                {
                  "player_out": "Sanvir Singh",
                  "kind": "bowled"
                }
              ]
            },
            {
              "batter": "PJ Cummins",
              "bowler": "SP Narine",
              "non_striker": "Abdul Samad",
              "runs": {
                "batter": 2,
                "extras": 0,
                "total": 2
              }
            },
            {
              "batter": "PJ Cummins",
              "bowler": "SP Narine",
              "non_striker": "Abdul Samad",
              "runs": {
                "batter": 0,
                "extras": 0,
                "total": 0
              }
            },
            {
              "batter": "PJ Cummins",
              "bowler": "SP Narine",
              "non_striker": "Abdul Samad",
              "runs": {
                "batter": 0,
                "extras": 0,
                "total": 0
              }
            }
          ]
        },
        {
          "over": 14,
          "deliveries": [
            {
              "batter": "Abdul Samad",
              "bowler": "Harshit Rana",
              "non_striker": "PJ Cummins",
              "runs": {
                "batter": 0,
                "extras": 0,
                "total": 0
              }
            },
            {
              "batter": "Abdul Samad",
              "bowler": "Harshit Rana",
              "non_striker": "PJ Cummins",
              "runs": {
                "batter": 1,
                "extras": 0,
                "total": 1
              }
            },
            {
              "batter": "PJ Cummins",
              "bowler": "Harshit Rana",
              "non_striker": "Abdul Samad",
              "runs": {
                "batter": 1,
                "extras": 0,
                "total": 1
              }
            },
            {
              "batter": "Abdul Samad",
              "bowler": "Harshit Rana",
              "non_striker": "PJ Cummins",
              "runs": {
                "batter": 0,
                "extras": 0,
                "total": 0
              },
              "wickets": [
                {
                  "player_out": "Abdul Samad",
                  "fielders": [
                    {
                      "name": "SS Iyer"
                    }
                  ],
                  "kind": "caught"
                }
              ]
            },
            {
              "batter": "B Kumar",
              "bowler": "Harshit Rana",
              "non_striker": "PJ Cummins",
              "runs": {
                "batter": 0,
                "extras": 0,
                "total": 0
              }
            },
            {
              "batter": "B Kumar",
              "bowler": "Harshit Rana",
              "non_striker": "PJ Cummins",
              "runs": {
                "batter": 0,
                "extras": 0,
                "total": 0
              }
            }
          ]
        },
        {
          "over": 15,
          "deliveries": [
            {
              "batter": "PJ Cummins",
              "bowler": "CV Varun",
              "non_striker": "B Kumar",
              "runs": {
                "batter": 0,
                "extras": 0,
                "total": 0
              }
            },
            {
              "batter": "PJ Cummins",
              "bowler": "CV Varun",
              "non_striker": "B Kumar",
              "runs": {
                "batter": 0,
                "extras": 0,
                "total": 0
              }
            },
            {
              "batter": "PJ Cummins",
              "bowler": "CV Varun",
              "non_striker": "B Kumar",
              "runs": {
                "batter": 0,
                "extras": 0,
                "total": 0
              }
            },
            {
              "batter": "PJ Cummins",
              "bowler": "CV Varun",
              "non_striker": "B Kumar",
              "runs": {
                "batter": 1,
                "extras": 0,
                "total": 1
              }
            },
            {
              "batter": "B Kumar",
              "bowler": "CV Varun",
              "non_striker": "PJ Cummins",
              "runs": {
                "batter": 0,
                "extras": 0,
                "total": 0
              }
            },
            {
              "batter": "B Kumar",
              "bowler": "CV Varun",
              "non_striker": "PJ Cummins",
              "review": {
                "by": "Sunrisers Hyderabad",
                "umpire": "AK Chaudhary",
                "batter": "B Kumar",
                "decision": "struck down",
                "type": "wicket",
                "umpires_call": true
              },
              "runs": {
                "batter": 0,
                "extras": 0,
                "total": 0
              },
              "wickets": [
                {
                  "player_out": "B Kumar",
                  "kind": "lbw"
                }
              ]
            }
          ]
        },
        {
          "over": 16,
          "deliveries": [
            {
              "batter": "PJ Cummins",
              "bowler": "Harshit Rana",
              "non_striker": "V Viyaskanth",
              "runs": {
                "batter": 0,
                "extras": 0,
                "total": 0
              }
            },
            {
              "batter": "PJ Cummins",
              "bowler": "Harshit Rana",
              "non_striker": "V Viyaskanth",
              "runs": {
                "batter": 0,
                "extras": 0,
                "total": 0
              }
            },
            {
              "batter": "PJ Cummins",
              "bowler": "Harshit Rana",
              "non_striker": "V Viyaskanth",
              "runs": {
                "batter": 1,
                "extras": 0,
                "total": 1
              }
            },
            {
              "batter": "V Viyaskanth",
              "bowler": "Harshit Rana",
              "non_striker": "PJ Cummins",
              "runs": {
                "batter": 1,
                "extras": 0,
                "total": 1
              }
            },
            {
              "batter": "PJ Cummins",
              "bowler": "Harshit Rana",
              "non_striker": "V Viyaskanth",
              "runs": {
                "batter": 4,
                "extras": 0,
                "total": 4
              }
            },
            {
              "batter": "PJ Cummins",
              "bowler": "Harshit Rana",
              "non_striker": "V Viyaskanth",
              "runs": {
                "batter": 1,
                "extras": 0,
                "total": 1
              }
            }
          ]
        },
        {
          "over": 17,
          "deliveries": [
            {
              "batter": "PJ Cummins",
              "bowler": "CV Varun",
              "non_striker": "V Viyaskanth",
              "runs": {
                "batter": 6,
                "extras": 0,
                "total": 6
              }
            },
            {
              "batter": "PJ Cummins",
              "bowler": "CV Varun",
              "non_striker": "V Viyaskanth",
              "runs": {
                "batter": 1,
                "extras": 0,
                "total": 1
              }
            },
            {
              "batter": "V Viyaskanth",
              "bowler": "CV Varun",
              "non_striker": "PJ Cummins",
              "runs": {
                "batter": 1,
                "extras": 0,
                "total": 1
              }
            },
            {
              "batter": "PJ Cummins",
              "bowler": "CV Varun",
              "non_striker": "V Viyaskanth",
              "runs": {
                "batter": 1,
                "extras": 0,
                "total": 1
              }
            },
            {
              "batter": "V Viyaskanth",
              "bowler": "CV Varun",
              "non_striker": "PJ Cummins",
              "runs": {
                "batter": 1,
                "extras": 0,
                "total": 1
              }
            },
            {
              "batter": "PJ Cummins",
              "bowler": "CV Varun",
              "non_striker": "V Viyaskanth",
              "runs": {
                "batter": 1,
                "extras": 0,
                "total": 1
              }
            }
          ]
        },
        {
          "over": 18,
          "deliveries": [
            {
              "batter": "PJ Cummins",
              "bowler": "MA Starc",
              "non_striker": "V Viyaskanth",
              "runs": {
                "batter": 0,
                "extras": 0,
                "total": 0
              }
            },
            {
              "batter": "PJ Cummins",
              "bowler": "MA Starc",
              "non_striker": "V Viyaskanth",
              "runs": {
                "batter": 1,
                "extras": 0,
                "total": 1
              }
            },
            {
              "batter": "V Viyaskanth",
              "bowler": "MA Starc",
              "non_striker": "PJ Cummins",
              "runs": {
                "batter": 1,
                "extras": 0,
                "total": 1
              }
            },
            {
              "batter": "PJ Cummins",
              "bowler": "MA Starc",
              "non_striker": "V Viyaskanth",
              "runs": {
                "batter": 0,
                "extras": 0,
                "total": 0
              }
            },
            {
              "batter": "PJ Cummins",
              "bowler": "MA Starc",
              "non_striker": "V Viyaskanth",
              "runs": {
                "batter": 6,
                "extras": 0,
                "total": 6
              }
            },
            {
              "batter": "PJ Cummins",
              "bowler": "MA Starc",
              "non_striker": "V Viyaskanth",
              "runs": {
                "batter": 4,
                "extras": 0,
                "total": 4
              }
            }
          ]
        },
        {
          "over": 19,
          "deliveries": [
            {
              "batter": "V Viyaskanth",
              "bowler": "AD Russell",
              "non_striker": "PJ Cummins",
              "runs": {
                "batter": 3,
                "extras": 0,
                "total": 3
              }
            },
            {
              "batter": "PJ Cummins",
              "bowler": "AD Russell",
              "non_striker": "V Viyaskanth",
              "runs": {
                "batter": 0,
                "extras": 0,
                "total": 0
              }
            },
            {
              "batter": "PJ Cummins",
              "bowler": "AD Russell",
              "non_striker": "V Viyaskanth",
              "runs": {
                "batter": 0,
                "extras": 0,
                "total": 0
              },
              "wickets": [
                {
                  "player_out": "PJ Cummins",
                  "fielders": [
                    {
                      "name": "Rahmanullah Gurbaz"
                    }
                  ],
                  "kind": "caught"
                }
              ]
            }
          ]
        }
      ],
      "powerplays": [
        {
          "from": 0.1,
          "to": 5.6,
          "type": "mandatory"
        }
      ]
    },
    {
      "team": "Kolkata Knight Riders",
      "overs": [
        {
          "over": 0,
          "deliveries": [
            {
              "batter": "Rahmanullah Gurbaz",
              "bowler": "B Kumar",
              "non_striker": "SP Narine",
              "runs": {
                "batter": 0,
                "extras": 0,
                "total": 0
              }
            },
            {
              "batter": "Rahmanullah Gurbaz",
              "bowler": "B Kumar",
              "non_striker": "SP Narine",
              "runs": {
                "batter": 4,
                "extras": 0,
                "total": 4
              }
            },
            {
              "batter": "Rahmanullah Gurbaz",
              "bowler": "B Kumar",
              "non_striker": "SP Narine",
              "runs": {
                "batter": 0,
                "extras": 0,
                "total": 0
              }
            },
            {
              "batter": "Rahmanullah Gurbaz",
              "bowler": "B Kumar",
              "non_striker": "SP Narine",
              "runs": {
                "batter": 0,
                "extras": 0,
                "total": 0
              }
            },
            {
              "batter": "Rahmanullah Gurbaz",
              "bowler": "B Kumar",
              "non_striker": "SP Narine",
              "runs": {
                "batter": 2,
                "extras": 0,
                "total": 2
              }
            },
            {
              "batter": "Rahmanullah Gurbaz",
              "bowler": "B Kumar",
              "non_striker": "SP Narine",
              "runs": {
                "batter": 0,
                "extras": 0,
                "total": 0
              }
            }
          ]
        },
        {
          "over": 1,
          "deliveries": [
            {
              "batter": "SP Narine",
              "bowler": "PJ Cummins",
              "non_striker": "Rahmanullah Gurbaz",
              "runs": {
                "batter": 4,
                "extras": 0,
                "total": 4
              }
            },
            {
              "batter": "SP Narine",
              "bowler": "PJ Cummins",
              "non_striker": "Rahmanullah Gurbaz",
              "runs": {
                "batter": 4,
                "extras": 0,
                "total": 4
              }
            },
            {
              "batter": "SP Narine",
              "bowler": "PJ Cummins",
              "non_striker": "Rahmanullah Gurbaz",
              "runs": {
                "batter": 1,
                "extras": 0,
                "total": 1
              }
            },
            {
              "batter": "Rahmanullah Gurbaz",
              "bowler": "PJ Cummins",
              "extras": {
                "legbyes": 4
              },
              "non_striker": "SP Narine",
              "review": {
                "by": "Sunrisers Hyderabad",
                "umpire": "AK Chaudhary",
                "batter": "Rahmanullah Gurbaz",
                "decision": "struck down",
                "type": "wicket"
              },
              "runs": {
                "batter": 0,
                "extras": 4,
                "total": 4
              }
            },
            {
              "batter": "Rahmanullah Gurbaz",
              "bowler": "PJ Cummins",
              "non_striker": "SP Narine",
              "runs": {
                "batter": 6,
                "extras": 0,
                "total": 6
              }
            },
            {
              "batter": "Rahmanullah Gurbaz",
              "bowler": "PJ Cummins",
              "extras": {
                "wides": 1
              },
              "non_striker": "SP Narine",
              "runs": {
                "batter": 0,
                "extras": 1,
                "total": 1
              }
            },
            {
              "batter": "Rahmanullah Gurbaz",
              "bowler": "PJ Cummins",
              "non_striker": "SP Narine",
              "runs": {
                "batter": 0,
                "extras": 0,
                "total": 0
              }
            }
          ]
        },
        {
          "over": 2,
          "deliveries": [
            {
              "batter": "SP Narine",
              "bowler": "B Kumar",
              "extras": {
                "legbyes": 4
              },
              "non_striker": "Rahmanullah Gurbaz",
              "review": {
                "by": "Sunrisers Hyderabad",
                "umpire": "R Pandit",
                "batter": "SP Narine",
                "decision": "struck down",
                "type": "wicket"
              },
              "runs": {
                "batter": 0,
                "extras": 4,
                "total": 4
              }
            },
            {
              "batter": "SP Narine",
              "bowler": "B Kumar",
              "non_striker": "Rahmanullah Gurbaz",
              "runs": {
                "batter": 1,
                "extras": 0,
                "total": 1
              }
            },
            {
              "batter": "Rahmanullah Gurbaz",
              "bowler": "B Kumar",
              "non_striker": "SP Narine",
              "runs": {
                "batter": 6,
                "extras": 0,
                "total": 6
              }
            },
            {
              "batter": "Rahmanullah Gurbaz",
              "bowler": "B Kumar",
              "non_striker": "SP Narine",
              "runs": {
                "batter": 4,
                "extras": 0,
                "total": 4
              }
            },
            {
              "batter": "Rahmanullah Gurbaz",
              "bowler": "B Kumar",
              "non_striker": "SP Narine",
              "runs": {
                "batter": 1,
                "extras": 0,
                "total": 1
              }
            },
            {
              "batter": "SP Narine",
              "bowler": "B Kumar",
              "non_striker": "Rahmanullah Gurbaz",
              "runs": {
                "batter": 2,
                "extras": 0,
                "total": 2
              }
            }
          ]
        },
        {
          "over": 3,
          "deliveries": [
            {
              "batter": "Rahmanullah Gurbaz",
              "bowler": "T Natarajan",
              "non_striker": "SP Narine",
              "runs": {
                "batter": 0,
                "extras": 0,
                "total": 0
              }
            },
            {
              "batter": "Rahmanullah Gurbaz",
              "bowler": "T Natarajan",
              "non_striker": "SP Narine",
              "runs": {
                "batter": 0,
                "extras": 0,
                "total": 0
              },
              "wickets": [
                {
                  "player_out": "Rahmanullah Gurbaz",
                  "fielders": [
                    {
                      "name": "V Viyaskanth"
                    }
                  ],
                  "kind": "caught"
                }
              ]
            },
            {
              "batter": "VR Iyer",
              "bowler": "T Natarajan",
              "non_striker": "SP Narine",
              "runs": {
                "batter": 4,
                "extras": 0,
                "total": 4
              }
            },
            {
              "batter": "VR Iyer",
              "bowler": "T Natarajan",
              "extras": {
                "legbyes": 1
              },
              "non_striker": "SP Narine",
              "runs": {
                "batter": 0,
                "extras": 1,
                "total": 1
              }
            },
            {
              "batter": "SP Narine",
              "bowler": "T Natarajan",
              "non_striker": "VR Iyer",
              "runs": {
                "batter": 0,
                "extras": 0,
                "total": 0
              }
            },
            {
              "batter": "SP Narine",
              "bowler": "T Natarajan",
              "non_striker": "VR Iyer",
              "runs": {
                "batter": 0,
                "extras": 0,
                "total": 0
              }
            }
          ]
        },
        {
          "over": 4,
          "deliveries": [
            {
              "batter": "VR Iyer",
              "bowler": "B Kumar",
              "non_striker": "SP Narine",
              "runs": {
                "batter": 0,
                "extras": 0,
                "total": 0
              }
            },
            {
              "batter": "VR Iyer",
              "bowler": "B Kumar",
              "non_striker": "SP Narine",
              "runs": {
                "batter": 4,
                "extras": 0,
                "total": 4
              }
            },
            {
              "batter": "VR Iyer",
              "bowler": "B Kumar",
              "non_striker": "SP Narine",
              "runs": {
                "batter": 4,
                "extras": 0,
                "total": 4
              }
            },
            {
              "batter": "VR Iyer",
              "bowler": "B Kumar",
              "non_striker": "SP Narine",
              "runs": {
                "batter": 0,
                "extras": 0,
                "total": 0
              }
            },
            {
              "batter": "VR Iyer",
              "bowler": "B Kumar",
              "non_striker": "SP Narine",
              "runs": {
                "batter": 0,
                "extras": 0,
                "total": 0
              }
            },
            {
              "batter": "VR Iyer",
              "bowler": "B Kumar",
              "non_striker": "SP Narine",
              "runs": {
                "batter": 0,
                "extras": 0,
                "total": 0
              }
            }
          ]
        },
        {
          "over": 5,
          "deliveries": [
            {
              "batter": "SP Narine",
              "bowler": "T Natarajan",
              "non_striker": "VR Iyer",
              "runs": {
                "batter": 0,
                "extras": 0,
                "total": 0
              }
            },
            {
              "batter": "SP Narine",
              "bowler": "T Natarajan",
              "non_striker": "VR Iyer",
              "runs": {
                "batter": 0,
                "extras": 0,
                "total": 0
              }
            },
            {
              "batter": "SP Narine",
              "bowler": "T Natarajan",
              "non_striker": "VR Iyer",
              "runs": {
                "batter": 0,
                "extras": 0,
                "total": 0
              }
            },
            {
              "batter": "SP Narine",
              "bowler": "T Natarajan",
              "non_striker": "VR Iyer",
              "runs": {
                "batter": 0,
                "extras": 0,
                "total": 0
              }
            },
            {
              "batter": "SP Narine",
              "bowler": "T Natarajan",
              "extras": {
                "wides": 1
              },
              "non_striker": "VR Iyer",
              "runs": {
                "batter": 0,
                "extras": 1,
                "total": 1
              }
            },
            {
              "batter": "SP Narine",
              "bowler": "T Natarajan",
              "non_striker": "VR Iyer",
              "runs": {
                "batter": 4,
                "extras": 0,
                "total": 4
              }
            },
            {
              "batter": "SP Narine",
              "bowler": "T Natarajan",
              "non_striker": "VR Iyer",
              "runs": {
                "batter": 1,
                "extras": 0,
                "total": 1
              }
            }
          ]
        },
        {
          "over": 6,
          "deliveries": [
            {
              "batter": "SP Narine",
              "bowler": "PJ Cummins",
              "non_striker": "VR Iyer",
              "runs": {
                "batter": 4,
                "extras": 0,
                "total": 4
              }
            },
            {
              "batter": "SP Narine",
              "bowler": "PJ Cummins",
              "non_striker": "VR Iyer",
              "runs": {
                "batter": 0,
                "extras": 0,
                "total": 0
              },
              "wickets": [
                {
                  "player_out": "SP Narine",
                  "fielders": [
                    {
                      "name": "V Viyaskanth"
                    }
                  ],
                  "kind": "caught"
                }
              ]
            },
            {
              "batter": "SS Iyer",
              "bowler": "PJ Cummins",
              "non_striker": "VR Iyer",
              "runs": {
                "batter": 1,
                "extras": 0,
                "total": 1
              }
            },
            {
              "batter": "VR Iyer",
              "bowler": "PJ Cummins",
              "non_striker": "SS Iyer",
              "runs": {
                "batter": 0,
                "extras": 0,
                "total": 0
              }
            },
            {
              "batter": "VR Iyer",
              "bowler": "PJ Cummins",
              "non_striker": "SS Iyer",
              "runs": {
                "batter": 6,
                "extras": 0,
                "total": 6
              }
            },
            {
              "batter": "VR Iyer",
              "bowler": "PJ Cummins",
              "non_striker": "SS Iyer",
              "runs": {
                "batter": 0,
                "extras": 0,
                "total": 0
              }
            }
          ]
        },
        {
          "over": 7,
          "deliveries": [
            {
              "batter": "SS Iyer",
              "bowler": "V Viyaskanth",
              "non_striker": "VR Iyer",
              "runs": {
                "batter": 1,
                "extras": 0,
                "total": 1
              }
            },
            {
              "batter": "VR Iyer",
              "bowler": "V Viyaskanth",
              "non_striker": "SS Iyer",
              "runs": {
                "batter": 6,
                "extras": 0,
                "total": 6
              }
            },
            {
              "batter": "VR Iyer",
              "bowler": "V Viyaskanth",
              "non_striker": "SS Iyer",
              "runs": {
                "batter": 1,
                "extras": 0,
                "total": 1
              }
            },
            {
              "batter": "SS Iyer",
              "bowler": "V Viyaskanth",
              "non_striker": "VR Iyer",
              "runs": {
                "batter": 1,
                "extras": 0,
                "total": 1
              }
            },
            {
              "batter": "VR Iyer",
              "bowler": "V Viyaskanth",
              "non_striker": "SS Iyer",
              "runs": {
                "batter": 1,
                "extras": 0,
                "total": 1
              }
            },
            {
              "batter": "SS Iyer",
              "bowler": "V Viyaskanth",
              "non_striker": "VR Iyer",
              "runs": {
                "batter": 1,
                "extras": 0,
                "total": 1
              }
            }
          ]
        },
        {
          "over": 8,
          "deliveries": [
            {
              "batter": "SS Iyer",
              "bowler": "PJ Cummins",
              "non_striker": "VR Iyer",
              "runs": {
                "batter": 1,
                "extras": 0,
                "total": 1
              }
            },
            {
              "batter": "VR Iyer",
              "bowler": "PJ Cummins",
              "non_striker": "SS Iyer",
              "runs": {
                "batter": 4,
                "extras": 0,
                "total": 4
              }
            },
            {
              "batter": "VR Iyer",
              "bowler": "PJ Cummins",
              "non_striker": "SS Iyer",
              "runs": {
                "batter": 0,
                "extras": 0,
                "total": 0
              }
            },
            {
              "batter": "VR Iyer",
              "bowler": "PJ Cummins",
              "non_striker": "SS Iyer",
              "runs": {
                "batter": 1,
                "extras": 0,
                "total": 1
              }
            },
            {
              "batter": "SS Iyer",
              "bowler": "PJ Cummins",
              "non_striker": "VR Iyer",
              "runs": {
                "batter": 4,
                "extras": 0,
                "total": 4
              }
            },
            {
              "batter": "SS Iyer",
              "bowler": "PJ Cummins",
              "non_striker": "VR Iyer",
              "runs": {
                "batter": 1,
                "extras": 0,
                "total": 1
              }
            }
          ]
        },
        {
          "over": 9,
          "deliveries": [
            {
              "batter": "SS Iyer",
              "bowler": "V Viyaskanth",
              "non_striker": "VR Iyer",
              "runs": {
                "batter": 0,
                "extras": 0,
                "total": 0
              }
            },
            {
              "batter": "SS Iyer",
              "bowler": "V Viyaskanth",
              "non_striker": "VR Iyer",
              "runs": {
                "batter": 1,
                "extras": 0,
                "total": 1
              }
            },
            {
              "batter": "VR Iyer",
              "bowler": "V Viyaskanth",
              "non_striker": "SS Iyer",
              "runs": {
                "batter": 1,
                "extras": 0,
                "total": 1
              }
            },
            {
              "batter": "SS Iyer",
              "bowler": "V Viyaskanth",
              "non_striker": "VR Iyer",
              "runs": {
                "batter": 2,
                "extras": 0,
                "total": 2
              }
            },
            {
              "batter": "SS Iyer",
              "bowler": "V Viyaskanth",
              "non_striker": "VR Iyer",
              "runs": {
                "batter": 1,
                "extras": 0,
                "total": 1
              }
            },
            {
              "batter": "VR Iyer",
              "bowler": "V Viyaskanth",
              "non_striker": "SS Iyer",
              "runs": {
                "batter": 6,
                "extras": 0,
                "total": 6
              }
            }
          ]
        },
        {
          "over": 10,
          "deliveries": [
            {
              "batter": "SS Iyer",
              "bowler": "T Natarajan",
              "non_striker": "VR Iyer",
              "runs": {
                "batter": 0,
                "extras": 0,
                "total": 0
              }
            },
            {
              "batter": "SS Iyer",
              "bowler": "T Natarajan",
              "non_striker": "VR Iyer",
              "runs": {
                "batter": 6,
                "extras": 0,
                "total": 6
              }
            },
            {
              "batter": "SS Iyer",
              "bowler": "T Natarajan",
              "non_striker": "VR Iyer",
              "runs": {
                "batter": 1,
                "extras": 0,
                "total": 1
              }
            },
            {
              "batter": "VR Iyer",
              "bowler": "T Natarajan",
              "non_striker": "SS Iyer",
              "runs": {
                "batter": 0,
                "extras": 0,
                "total": 0
              }
            },
            {
              "batter": "VR Iyer",
              "bowler": "T Natarajan",
              "non_striker": "SS Iyer",
              "runs": {
                "batter": 1,
                "extras": 0,
                "total": 1
              }
            },
            {
              "batter": "SS Iyer",
              "bowler": "T Natarajan",
              "non_striker": "VR Iyer",
              "runs": {
                "batter": 4,
                "extras": 0,
                "total": 4
              }
            }
          ]
        },
        {
          "over": 11,
          "deliveries": [
            {
              "batter": "VR Iyer",
              "bowler": "TM Head",
              "non_striker": "SS Iyer",
              "runs": {
                "batter": 4,
                "extras": 0,
                "total": 4
              }
            },
            {
              "batter": "VR Iyer",
              "bowler": "TM Head",
              "non_striker": "SS Iyer",
              "runs": {
                "batter": 0,
                "extras": 0,
                "total": 0
              }
            },
            {
              "batter": "VR Iyer",
              "bowler": "TM Head",
              "non_striker": "SS Iyer",
              "runs": {
                "batter": 1,
                "extras": 0,
                "total": 1
              }
            },
            {
              "batter": "SS Iyer",
              "bowler": "TM Head",
              "non_striker": "VR Iyer",
              "runs": {
                "batter": 4,
                "extras": 0,
                "total": 4
              }
            },
            {
              "batter": "SS Iyer",
              "bowler": "TM Head",
              "non_striker": "VR Iyer",
              "runs": {
                "batter": 1,
                "extras": 0,
                "total": 1
              }
            },
            {
              "batter": "VR Iyer",
              "bowler": "TM Head",
              "non_striker": "SS Iyer",
              "runs": {
                "batter": 0,
                "extras": 0,
                "total": 0
              }
            }
          ]
        },
        {
          "over": 12,
          "deliveries": [
            {
              "batter": "SS Iyer",
              "bowler": "Nithish Kumar Reddy",
              "non_striker": "VR Iyer",
              "runs": {
                "batter": 1,
                "extras": 0,
                "total": 1
              }
            },
            {
              "batter": "VR Iyer",
              "bowler": "Nithish Kumar Reddy",
              "non_striker": "SS Iyer",
              "runs": {
                "batter": 1,
                "extras": 0,
                "total": 1
              }
            },
            {
              "batter": "SS Iyer",
              "bowler": "Nithish Kumar Reddy",
              "non_striker": "VR Iyer",
              "runs": {
                "batter": 4,
                "extras": 0,
                "total": 4
              }
            },
            {
              "batter": "SS Iyer",
              "bowler": "Nithish Kumar Reddy",
              "non_striker": "VR Iyer",
              "runs": {
                "batter": 1,
                "extras": 0,
                "total": 1
              }
            },
            {
              "batter": "VR Iyer",
              "bowler": "Nithish Kumar Reddy",
              "non_striker": "SS Iyer",
              "runs": {
                "batter": 0,
                "extras": 0,
                "total": 0
              }
            },
            {
              "batter": "VR Iyer",
              "bowler": "Nithish Kumar Reddy",
              "non_striker": "SS Iyer",
              "runs": {
                "batter": 6,
                "extras": 0,
                "total": 6
              }
            }
          ]
        },
        {
          "over": 13,
          "deliveries": [
            {
              "batter": "SS Iyer",
              "bowler": "TM Head",
              "non_striker": "VR Iyer",
              "runs": {
                "batter": 6,
                "extras": 0,
                "total": 6
              }
            },
            {
              "batter": "SS Iyer",
              "bowler": "TM Head",
              "non_striker": "VR Iyer",
              "runs": {
                "batter": 4,
                "extras": 0,
                "total": 4
              }
            },
            {
              "batter": "SS Iyer",
              "bowler": "TM Head",
              "non_striker": "VR Iyer",
              "runs": {
                "batter": 6,
                "extras": 0,
                "total": 6
              }
            },
            {
              "batter": "SS Iyer",
              "bowler": "TM Head",
              "non_striker": "VR Iyer",
              "runs": {
                "batter": 6,
                "extras": 0,
                "total": 6
              }
            }
          ]
        }
      ],
      "powerplays": [
        {
          "from": 0.1,
          "to": 5.7,
          "type": "mandatory"
        }
      ],
      "target": {
        "overs": 20,
        "runs": 160
      }
    }
  ]
}