{
  "meta": {
    "data_version": "1.0.0",
    "created": "2011-04-28",
    "revision": 3
  },
  "info": {
    "balls_per_over": 6,
    "city": "Delhi",
    "dates": [
      "2011-04-23"
    ],
    "event": {
      "match_number": 26,
      "name": "Indian Premier League"
    },
    "gender": "male",
    "match_type": "T20",
    "officials": {
      "match_referees": [
        "J Srinath"
      ],
      "reserve_umpires": [
        "AK Chaudhary"
      ],
      "tv_umpires": [
        "PR Reiffel"
      ],
      "umpires": [
        "S Asnani",
        "RE Koertzen"
      ]
    },
    "outcome": {
      "by": {
        "runs": 29
      },
      "winner": "Delhi Daredevils"
    },
    "overs": 20,
    "player_of_match": [
      "DA Warner"
    ],
    "players": {
      "Delhi Daredevils": [
        "DA Warner",
        "V Sehwag",
        "Y Nagar",
        "Y Venugopal Rao",
        "AJ Finch",
        "NV Ojha",
        "IK Pathan",
        "JR Hopes",
        "AB Agarkar",
        "M Morkel",
        "VR Aaron"
      ],
      "Kings XI Punjab": [
        "AC Gilchrist",
        "PC Valthaty",
        "SE Marsh",
        "KD Karthik",
        "DJ Hussey",
        "AM Nayar",
        "Sunny Singh",
        "RJ Harris",
        "PP Chawla",
        "P Kumar",
        "SJ Srivastava"
      ]
    },
    "registry": {
      "people": {
        "AK Chaudhary": "fdcc6236",
        "AB Agarkar": "fa463154",
        "AC Gilchrist": "2b6e6dec",
        "AJ Finch": "b8d490fd",
        "AM Nayar": "a45a5e8d",
        "DA Warner": "dcce6f09",
        "DJ Hussey": "fd835ab3",
        "IK Pathan": "5fa06777",
        "J Srinath": "bad31fac",
        "JR Hopes": "2498e163",
        "KD Karthik": "c03f1114",
        "M Morkel": "5bb5a915",
        "NV Ojha": "890946a0",
        "P Kumar": "e938e1bc",
        "PC Valthaty": "25eeb281",
        "PP Chawla": "98ae73b1",
        "PR Reiffel": "c9354f29",
        "RE Koertzen": "0265fab2",
        "RJ Harris": "12eddf28",
        "S Asnani": "b04524bc",
        "SE Marsh": "508a1ea7",
        "SJ Srivastava": "2049f3a0",
        "Sunny Singh": "30e37810",
        "V Sehwag": "8ba8195d",
        "VR Aaron": "0a3d54b9",
        "Y Nagar": "662c47a6",
        "Y Venugopal Rao": "fe763256"
      }
    },
    "season": 2011,
    "team_type": "club",
    "teams": [
      "Delhi Daredevils",
      "Kings XI Punjab"
    ],
    "toss": {
      "decision": "field",
      "winner": "Kings XI Punjab"
    },
    "venue": "Feroz Shah Kotla"
  },
  "innings": [
    {
      "team": "Delhi Daredevils",
      "overs": [
        {
          "over": 0,
          "deliveries": [
            {
              "batter": "DA Warner",
              "bowler": "P Kumar",
              "non_striker": "V Sehwag",
              "runs": {
                "batter": 0,
                "extras": 0,
                "total": 0
              }
            },
            {
              "batter": "DA Warner",
              "bowler": "P Kumar",
              "extras": {
                "wides": 1
              },
              "non_striker": "V Sehwag",
              "runs": {
                "batter": 0,
                "extras": 1,
                "total": 1
              }
            },
            {
              "batter": "DA Warner",
              "bowler": "P Kumar",
              "non_striker": "V Sehwag",
              "runs": {
                "batter": 4,
                "extras": 0,
                "total": 4
              }
            },
            {
              "batter": "DA Warner",
              "bowler": "P Kumar",
              "non_striker": "V Sehwag",
              "runs": {
                "batter": 4,
                "extras": 0,
                "total": 4
              }
            },
            {
              "batter": "DA Warner",
              "bowler": "P Kumar",
              "non_striker": "V Sehwag",
              "runs": {
                "batter": 1,
                "extras": 0,
                "total": 1
              }
            },
            {
              "batter": "V Sehwag",
              "bowler": "P Kumar",
              "non_striker": "DA Warner",
              "runs": {
                "batter": 0,
                "extras": 0,
                "total": 0
              }
            },
            {
              "batter": "V Sehwag",
              "bowler": "P Kumar",
              "non_striker": "DA Warner",
              "runs": {
                "batter": 0,
                "extras": 0,
                "total": 0
              }
            }
          ]
        },
        {
          "over": 1,
          "deliveries": [
            {
              "batter": "DA Warner",
              "bowler": "RJ Harris",
              "non_striker": "V Sehwag",
              "runs": {
                "batter": 0,
                "extras": 0,
                "total": 0
              }
            },
            {
              "batter": "DA Warner",
              "bowler": "RJ Harris",
              "non_striker": "V Sehwag",
              "runs": {
                "batter": 0,
                "extras": 0,
                "total": 0
              }
            },
            {
              "batter": "DA Warner",
              "bowler": "RJ Harris",
              "non_striker": "V Sehwag",
              "runs": {
                "batter": 0,
                "extras": 0,
                "total": 0
              }
            },
            {
              "batter": "DA Warner",
              "bowler": "RJ Harris",
              "non_striker": "V Sehwag",
              "runs": {
                "batter": 0,
                "extras": 0,
                "total": 0
              }
            },
            {
              "batter": "DA Warner",
              "bowler": "RJ Harris",
              "non_striker": "V Sehwag",
              "runs": {
                "batter": 0,
                "extras": 0,
                "total": 0
              }
            },
            {
              "batter": "DA Warner",
              "bowler": "RJ Harris",
              "non_striker": "V Sehwag",
              "runs": {
                "batter": 4,
                "extras": 0,
                "total": 4
              }
            }
          ]
        },
        {
          "over": 2,
          "deliveries": [
            {
              "batter": "V Sehwag",
              "bowler": "P Kumar",
              "non_striker": "DA Warner",
              "runs": {
                "batter": 0,
                "extras": 0,
                "total": 0
              }
            },
            {
              "batter": "V Sehwag",
              "bowler": "P Kumar",
              "non_striker": "DA Warner",
              "runs": {
                "batter": 2,
                "extras": 0,
                "total": 2
              }
            },
            {
              "batter": "V Sehwag",
              "bowler": "P Kumar",
              "non_striker": "DA Warner",
              "runs": {
                "batter": 4,
                "extras": 0,
                "total": 4
              }
            },
            {
              "batter": "V Sehwag",
              "bowler": "P Kumar",
              "non_striker": "DA Warner",
              "runs": {
                "batter": 4,
                "extras": 0,
                "total": 4
              }
            },
            {
              "batter": "V Sehwag",
              "bowler": "P Kumar",
              "extras": {
                "legbyes": 1
              },
              "non_striker": "DA Warner",
              "runs": {
                "batter": 0,
                "extras": 1,
                "total": 1
              }
            },
            {
              "batter": "DA Warner",
              "bowler": "P Kumar",
              "extras": {
                "wides": 1
              },
              "non_striker": "V Sehwag",
              "runs": {
                "batter": 0,
                "extras": 1,
                "total": 1
              }
            },
            {
              "batter": "DA Warner",
              "bowler": "P Kumar",
              "non_striker": "V Sehwag",
              "runs": {
                "batter": 0,
                "extras": 0,
                "total": 0
              }
            }
          ]
        },
        {
          "over": 3,
          "deliveries": [
            {
              "batter": "V Sehwag",
              "bowler": "RJ Harris",
              "non_striker": "DA Warner",
              "runs": {
                "batter": 1,
                "extras": 0,
                "total": 1
              }
            },
            {
              "batter": "DA Warner",
              "bowler": "RJ Harris",
              "non_striker": "V Sehwag",
              "runs": {
                "batter": 1,
                "extras": 0,
                "total": 1
              }
            },
            {
              "batter": "V Sehwag",
              "bowler": "RJ Harris",
              "non_striker": "DA Warner",
              "runs": {
                "batter": 0,
                "extras": 0,
                "total": 0
              }
            },
            {
              "batter": "V Sehwag",
              "bowler": "RJ Harris",
              "non_striker": "DA Warner",
              "runs": {
                "batter": 1,
                "extras": 0,
                "total": 1
              }
            },
            {
              "batter": "DA Warner",
              "bowler": "RJ Harris",
              "non_striker": "V Sehwag",
              "runs": {
                "batter": 0,
                "extras": 0,
                "total": 0
              }
            },
            {
              "batter": "DA Warner",
              "bowler": "RJ Harris",
              "non_striker": "V Sehwag",
              "runs": {
                "batter": 6,
                "extras": 0,
                "total": 6
              }
            }
          ]
        },
        {
          "over": 4,
          "deliveries": [
            {
              "batter": "V Sehwag",
              "bowler": "P Kumar",
              "non_striker": "DA Warner",
              "runs": {
                "batter": 4,
                "extras": 0,
                "total": 4
              }
            },
            {
              "batter": "V Sehwag",
              "bowler": "P Kumar",
              "non_striker": "DA Warner",
              "runs": {
                "batter": 4,
                "extras": 0,
                "total": 4
              }
            },
            {
              "batter": "V Sehwag",
              "bowler": "P Kumar",
              "extras": {
                "wides": 1
              },
              "non_striker": "DA Warner",
              "runs": {
                "batter": 0,
                "extras": 1,
                "total": 1
              }
            },
            {
              "batter": "V Sehwag",
              "bowler": "P Kumar",
              "non_striker": "DA Warner",
              "runs": {
                "batter": 2,
                "extras": 0,
                "total": 2
              }
            },
            {
              "batter": "V Sehwag",
              "bowler": "P Kumar",
              "non_striker": "DA Warner",
              "runs": {
                "batter": 1,
                "extras": 0,
                "total": 1
              }
            },
            {
              "batter": "DA Warner",
              "bowler": "P Kumar",
              "non_striker": "V Sehwag",
              "runs": {
                "batter": 1,
                "extras": 0,
                "total": 1
              }
            },
            {
              "batter": "V Sehwag",
              "bowler": "P Kumar",
              "non_striker": "DA Warner",
              "runs": {
                "batter": 4,
                "extras": 0,
                "total": 4
              }
            }
          ]
        },
        {
          "over": 5,
          "deliveries": [
            {
              "batter": "DA Warner",
              "bowler": "SJ Srivastava",
              "non_striker": "V Sehwag",
              "runs": {
                "batter": 0,
                "extras": 0,
                "total": 0
              }
            },
            {
              "batter": "DA Warner",
              "bowler": "SJ Srivastava",
              "extras": {
                "legbyes": 1
              },
              "non_striker": "V Sehwag",
              "runs": {
                "batter": 0,
                "extras": 1,
                "total": 1
              }
            },
            {
              "batter": "V Sehwag",
              "bowler": "SJ Srivastava",
              "extras": {
                "wides": 5
              },
              "non_striker": "DA Warner",
              "runs": {
                "batter": 0,
                "extras": 5,
                "total": 5
              }
            },
            {
              "batter": "V Sehwag",
              "bowler": "SJ Srivastava",
              "non_striker": "DA Warner",
              "runs": {
                "batter": 1,
                "extras": 0,
                "total": 1
              }
            },
            {
              "batter": "DA Warner",
              "bowler": "SJ Srivastava",
              "non_striker": "V Sehwag",
              "runs": {
                "batter": 6,
                "extras": 0,
                "total": 6
              }
            },
            {
              "batter": "DA Warner",
              "bowler": "SJ Srivastava",
              "non_striker": "V Sehwag",
              "runs": {
                "batter": 4,
                "extras": 0,
                "total": 4
              }
            },
            {
              "batter": "DA Warner",
              "bowler": "SJ Srivastava",
              "non_striker": "V Sehwag",
              "runs": {
                "batter": 1,
                "extras": 0,
                "total": 1
              }
            }
          ]
        },
        {
          "over": 6,
          "deliveries": [
            {
              "batter": "DA Warner",
              "bowler": "AM Nayar",
              "non_striker": "V Sehwag",
              "runs": {
                "batter": 1,
                "extras": 0,
                "total": 1
              }
            },
            {
              "batter": "V Sehwag",
              "bowler": "AM Nayar",
              "non_striker": "DA Warner",
              "runs": {
                "batter": 1,
                "extras": 0,
                "total": 1
              }
            },
            {
              "batter": "DA Warner",
              "bowler": "AM Nayar",
              "non_striker": "V Sehwag",
              "runs": {
                "batter": 4,
                "extras": 0,
                "total": 4
              }
            },
            {
              "batter": "DA Warner",
              "bowler": "AM Nayar",
              "non_striker": "V Sehwag",
              "runs": {
                "batter": 1,
                "extras": 0,
                "total": 1
              }
            },
            {
              "batter": "V Sehwag",
              "bowler": "AM Nayar",
              "non_striker": "DA Warner",
              "runs": {
                "batter": 1,
                "extras": 0,
                "total": 1
              }
            },
            {
              "batter": "DA Warner",
              "bowler": "AM Nayar",
              "non_striker": "V Sehwag",
              "runs": {
                "batter": 1,
                "extras": 0,
                "total": 1
              }
            }
          ]
        },
        {
          "over": 7,
          "deliveries": [
            {
              "batter": "DA Warner",
              "bowler": "PP Chawla",
              "non_striker": "V Sehwag",
              "runs": {
                "batter": 4,
                "extras": 0,
                "total": 4
              }
            },
            {
              "batter": "DA Warner",
              "bowler": "PP Chawla",
              "non_striker": "V Sehwag",
              "runs": {
                "batter": 1,
                "extras": 0,
                "total": 1
              }
            },
            {
              "batter": "V Sehwag",
              "bowler": "PP Chawla",
              "non_striker": "DA Warner",
              "runs": {
                "batter": 4,
                "extras": 0,
                "total": 4
              }
            },
            {
              "batter": "V Sehwag",
              "bowler": "PP Chawla",
              "non_striker": "DA Warner",
              "runs": {
                "batter": 1,
                "extras": 0,
                "total": 1
              }
            },
            {
              "batter": "DA Warner",
              "bowler": "PP Chawla",
              "non_striker": "V Sehwag",
              "runs": {
                "batter": 2,
                "extras": 0,
                "total": 2
              }
            },
            {
              "batter": "DA Warner",
              "bowler": "PP Chawla",
              "non_striker": "V Sehwag",
              "runs": {
                "batter": 0,
                "extras": 0,
                "total": 0
              }
            }
          ]
        },
        {
          "over": 8,
          "deliveries": [
            {
              "batter": "V Sehwag",
              "bowler": "PC Valthaty",
              "non_striker": "DA Warner",
              "runs": {
                "batter": 1,
                "extras": 0,
                "total": 1
              }
            },
            {
              "batter": "DA Warner",
              "bowler": "PC Valthaty",
              "non_striker": "V Sehwag",
              "runs": {
                "batter": 6,
                "extras": 0,
                "total": 6
              }
            },
            {
              "batter": "DA Warner",
              "bowler": "PC Valthaty",
              "non_striker": "V Sehwag",
              "runs": {
                "batter": 0,
                "extras": 0,
                "total": 0
              }
            },
            {
              "batter": "DA Warner",
              "bowler": "PC Valthaty",
              "non_striker": "V Sehwag",
              "runs": {
                "batter": 4,
                "extras": 0,
                "total": 4
              }
            },
            {
              "batter": "DA Warner",
              "bowler": "PC Valthaty",
              "non_striker": "V Sehwag",
              "runs": {
                "batter": 1,
                "extras": 0,
                "total": 1
              }
            },
            {
              "batter": "V Sehwag",
              "bowler": "PC Valthaty",
              "non_striker": "DA Warner",
              "runs": {
                "batter": 1,
                "extras": 0,
                "total": 1
              }
            }
          ]
        },
        {
          "over": 9,
          "deliveries": [
            {
              "batter": "V Sehwag",
              "bowler": "PP Chawla",
              "non_striker": "DA Warner",
              "runs": {
                "batter": 4,
                "extras": 0,
                "total": 4
              }
            },
            {
              "batter": "V Sehwag",
              "bowler": "PP Chawla",
              "non_striker": "DA Warner",
              "runs": {
                "batter": 1,
                "extras": 0,
                "total": 1
              }
            },
            {
              "batter": "DA Warner",
              "bowler": "PP Chawla",
              "non_striker": "V Sehwag",
              "runs": {
                "batter": 1,
                "extras": 0,
                "total": 1
              }
            },
            {
              "batter": "V Sehwag",
              "bowler": "PP Chawla",
              "non_striker": "DA Warner",
              "runs": {
                "batter": 4,
                "extras": 0,
                "total": 4
              }
            },
            {
              "batter": "V Sehwag",
              "bowler": "PP Chawla",
              "non_striker": "DA Warner",
              "runs": {
                "batter": 1,
                "extras": 0,
                "total": 1
              }
            },
            {
              "batter": "DA Warner",
              "bowler": "PP Chawla",
              "non_striker": "V Sehwag",
              "runs": {
                "batter": 0,
                "extras": 0,
                "total": 0
              }
            }
          ]
        },
        {
          "over": 10,
          "deliveries": [
            {
              "batter": "V Sehwag",
              "bowler": "SJ Srivastava",
              "non_striker": "DA Warner",
              "runs": {
                "batter": 1,
                "extras": 0,
                "total": 1
              }
            },
            {
              "batter": "DA Warner",
              "bowler": "SJ Srivastava",
              "non_striker": "V Sehwag",
              "runs": {
                "batter": 1,
                "extras": 0,
                "total": 1
              }
            },
            {
              "batter": "V Sehwag",
              "bowler": "SJ Srivastava",
              "non_striker": "DA Warner",
              "runs": {
                "batter": 2,
                "extras": 0,
                "total": 2
              }
            },
            {
              "batter": "V Sehwag",
              "bowler": "SJ Srivastava",
              "non_striker": "DA Warner",
              "runs": {
                "batter": 6,
                "extras": 0,
                "total": 6
              }
            },
            {
              "batter": "V Sehwag",
              "bowler": "SJ Srivastava",
              "non_striker": "DA Warner",
              "runs": {
                "batter": 2,
                "extras": 0,
                "total": 2
              }
            },
            {
              "batter": "V Sehwag",
              "bowler": "SJ Srivastava",
              "non_striker": "DA Warner",
              "runs": {
                "batter": 1,
                "extras": 0,
                "total": 1
              }
            }
          ]
        },
        {
          "over": 11,
          "deliveries": [
            {
              "batter": "V Sehwag",
              "bowler": "DJ Hussey",
              "non_striker": "DA Warner",
              "runs": {
                "batter": 6,
                "extras": 0,
                "total": 6
              }
            },
            {
              "batter": "V Sehwag",
              "bowler": "DJ Hussey",
              "non_striker": "DA Warner",
              "runs": {
                "batter": 6,
                "extras": 0,
                "total": 6
              }
            },
            {
              "batter": "V Sehwag",
              "bowler": "DJ Hussey",
              "non_striker": "DA Warner",
              "runs": {
                "batter": 6,
                "extras": 0,
                "total": 6
              }
            },
            {
              "batter": "V Sehwag",
              "bowler": "DJ Hussey",
              "non_striker": "DA Warner",
              "runs": {
                "batter": 0,
                "extras": 0,
                "total": 0
              },
              "wickets": [
                {
                  "kind": "caught",
                  "player_out": "V Sehwag",
                  "fielders": [
                    {
                      "name": "KD Karthik"
                    }
                  ]
                }
              ]
            },
            {
              "batter": "DA Warner",
              "bowler": "DJ Hussey",
              "non_striker": "Y Nagar",
              "runs": {
                "batter": 1,
                "extras": 0,
                "total": 1
              }
            },
            {
              "batter": "Y Nagar",
              "bowler": "DJ Hussey",
              "non_striker": "DA Warner",
              "runs": {
                "batter": 0,
                "extras": 0,
                "total": 0
              }
            }
          ]
        },
        {
          "over": 12,
          "deliveries": [
            {
              "batter": "DA Warner",
              "bowler": "SJ Srivastava",
              "non_striker": "Y Nagar",
              "runs": {
                "batter": 2,
                "extras": 0,
                "total": 2
              }
            },
            {
              "batter": "DA Warner",
              "bowler": "SJ Srivastava",
              "non_striker": "Y Nagar",
              "runs": {
                "batter": 1,
                "extras": 0,
                "total": 1
              }
            },
            {
              "batter": "Y Nagar",
              "bowler": "SJ Srivastava",
              "non_striker": "DA Warner",
              "runs": {
                "batter": 0,
                "extras": 0,
                "total": 0
              }
            },
            {
              "batter": "Y Nagar",
              "bowler": "SJ Srivastava",
              "non_striker": "DA Warner",
              "runs": {
                "batter": 0,
                "extras": 0,
                "total": 0
              }
            },
            {
              "batter": "Y Nagar",
              "bowler": "SJ Srivastava",
              "extras": {
                "wides": 1
              },
              "non_striker": "DA Warner",
              "runs": {
                "batter": 0,
                "extras": 1,
                "total": 1
              }
            },
            {
              "batter": "Y Nagar",
              "bowler": "SJ Srivastava",
              "non_striker": "DA Warner",
              "runs": {
                "batter": 0,
                "extras": 0,
                "total": 0
              }
            },
            {
              "batter": "Y Nagar",
              "bowler": "SJ Srivastava",
              "non_striker": "DA Warner",
              "runs": {
                "batter": 0,
                "extras": 0,
                "total": 0
              }
            }
          ]
        },
        {
          "over": 13,
          "deliveries": [
            {
              "batter": "DA Warner",
              "bowler": "AM Nayar",
              "non_striker": "Y Nagar",
              "runs": {
                "batter": 1,
                "extras": 0,
                "total": 1
              }
            },
            {
              "batter": "Y Nagar",
              "bowler": "AM Nayar",
              "non_striker": "DA Warner",
              "runs": {
                "batter": 4,
                "extras": 0,
                "total": 4
              }
            },
            {
              "batter": "Y Nagar",
              "bowler": "AM Nayar",
              "non_striker": "DA Warner",
              "runs": {
                "batter": 6,
                "extras": 0,
                "total": 6
              }
            },
            {
              "batter": "Y Nagar",
              "bowler": "AM Nayar",
              "non_striker": "DA Warner",
              "runs": {
                "batter": 1,
                "extras": 0,
                "total": 1
              }
            },
            {
              "batter": "DA Warner",
              "bowler": "AM Nayar",
              "non_striker": "Y Nagar",
              "runs": {
                "batter": 1,
                "extras": 0,
                "total": 1
              }
            },
            {
              "batter": "Y Nagar",
              "bowler": "AM Nayar",
              "non_striker": "DA Warner",
              "runs": {
                "batter": 0,
                "extras": 0,
                "total": 0
              },
              "wickets": [
                {
                  "kind": "caught",
                  "player_out": "Y Nagar",
                  "fielders": [
                    {
                      "name": "RJ Harris"
                    }
                  ]
                }
              ]
            }
          ]
        },
        {
          "over": 14,
          "deliveries": [
            {
              "batter": "DA Warner",
              "bowler": "PP Chawla",
              "non_striker": "Y Venugopal Rao",
              "runs": {
                "batter": 0,
                "extras": 0,
                "total": 0
              }
            },
            {
              "batter": "DA Warner",
              "bowler": "PP Chawla",
              "non_striker": "Y Venugopal Rao",
              "runs": {
                "batter": 1,
                "extras": 0,
                "total": 1
              }
            },
            {
              "batter": "Y Venugopal Rao",
              "bowler": "PP Chawla",
              "non_striker": "DA Warner",
              "runs": {
                "batter": 1,
                "extras": 0,
                "total": 1
              }
            },
            {
              "batter": "DA Warner",
              "bowler": "PP Chawla",
              "non_striker": "Y Venugopal Rao",
              "runs": {
                "batter": 0,
                "extras": 0,
                "total": 0
              }
            },
            {
              "batter": "DA Warner",
              "bowler": "PP Chawla",
              "non_striker": "Y Venugopal Rao",
              "runs": {
                "batter": 6,
                "extras": 0,
                "total": 6
              }
            },
            {
              "batter": "DA Warner",
              "bowler": "PP Chawla",
              "non_striker": "Y Venugopal Rao",
              "runs": {
                "batter": 1,
                "extras": 0,
                "total": 1
              }
            }
          ]
        },
        {
          "over": 15,
          "deliveries": [
            {
              "batter": "DA Warner",
              "bowler": "P Kumar",
              "non_striker": "Y Venugopal Rao",
              "runs": {
                "batter": 1,
                "extras": 0,
                "total": 1
              }
            },
            {
              "batter": "Y Venugopal Rao",
              "bowler": "P Kumar",
              "non_striker": "DA Warner",
              "runs": {
                "batter": 1,
                "extras": 0,
                "total": 1
              }
            },
            {
              "batter": "DA Warner",
              "bowler": "P Kumar",
              "non_striker": "Y Venugopal Rao",
              "runs": {
                "batter": 3,
                "extras": 0,
                "total": 3
              }
            },
            {
              "batter": "Y Venugopal Rao",
              "bowler": "P Kumar",
              "non_striker": "DA Warner",
              "runs": {
                "batter": 1,
                "extras": 0,
                "total": 1
              }
            },
            {
              "batter": "DA Warner",
              "bowler": "P Kumar",
              "non_striker": "Y Venugopal Rao",
              "runs": {
                "batter": 0,
                "extras": 0,
                "total": 0
              },
              "wickets": [
                {
                  "kind": "caught",
                  "player_out": "DA Warner",
                  "fielders": [
                    {
                      "name": "RJ Harris"
                    }
                  ]
                }
              ]
            },
            {
              "batter": "AJ Finch",
              "bowler": "P Kumar",
              "non_striker": "Y Venugopal Rao",
              "runs": {
                "batter": 1,
                "extras": 0,
                "total": 1
              }
            }
          ]
        },
        {
          "over": 16,
          "deliveries": [
            {
              "batter": "AJ Finch",
              "bowler": "PP Chawla",
              "non_striker": "Y Venugopal Rao",
              "runs": {
                "batter": 0,
                "extras": 0,
                "total": 0
              }
            },
            {
              "batter": "AJ Finch",
              "bowler": "PP Chawla",
              "non_striker": "Y Venugopal Rao",
              "runs": {
                "batter": 1,
                "extras": 0,
                "total": 1
              }
            },
            {
              "batter": "Y Venugopal Rao",
              "bowler": "PP Chawla",
              "non_striker": "AJ Finch",
              "runs": {
                "batter": 1,
                "extras": 0,
                "total": 1
              }
            },
            {
              "batter": "AJ Finch",
              "bowler": "PP Chawla",
              "non_striker": "Y Venugopal Rao",
              "runs": {
                "batter": 1,
                "extras": 0,
                "total": 1
              }
            },
            {
              "batter": "Y Venugopal Rao",
              "bowler": "PP Chawla",
              "non_striker": "AJ Finch",
              "runs": {
                "batter": 1,
                "extras": 0,
                "total": 1
              }
            },
            {
              "batter": "AJ Finch",
              "bowler": "PP Chawla",
              "non_striker": "Y Venugopal Rao",
              "runs": {
                "batter": 0,
                "extras": 0,
                "total": 0
              },
              "wickets": [
                {
                  "kind": "caught",
                  "player_out": "AJ Finch",
                  "fielders": [
                    {
                      "name": "KD Karthik"
                    }
                  ]
                }
              ]
            }
          ]
        },
        {
          "over": 17,
          "deliveries": [
            {
              "batter": "NV Ojha",
              "bowler": "RJ Harris",
              "non_striker": "Y Venugopal Rao",
              "runs": {
                "batter": 0,
                "extras": 0,
                "total": 0
              }
            },
            {
              "batter": "NV Ojha",
              "bowler": "RJ Harris",
              "non_striker": "Y Venugopal Rao",
              "runs": {
                "batter": 4,
                "extras": 0,
                "total": 4
              }
            },
            {
              "batter": "NV Ojha",
              "bowler": "RJ Harris",
              "non_striker": "Y Venugopal Rao",
              "runs": {
                "batter": 1,
                "extras": 0,
                "total": 1
              }
            },
            {
              "batter": "Y Venugopal Rao",
              "bowler": "RJ Harris",
              "non_striker": "NV Ojha",
              "runs": {
                "batter": 2,
                "extras": 0,
                "total": 2
              }
            },
            {
              "batter": "Y Venugopal Rao",
              "bowler": "RJ Harris",
              "non_striker": "NV Ojha",
              "runs": {
                "batter": 0,
                "extras": 0,
                "total": 0
              }
            },
            {
              "batter": "Y Venugopal Rao",
              "bowler": "RJ Harris",
              "non_striker": "NV Ojha",
              "runs": {
                "batter": 6,
                "extras": 0,
                "total": 6
              }
            }
          ]
        },
        {
          "over": 18,
          "deliveries": [
            {
              "batter": "NV Ojha",
              "bowler": "SJ Srivastava",
              "non_striker": "Y Venugopal Rao",
              "runs": {
                "batter": 0,
                "extras": 0,
                "total": 0
              }
            },
            {
              "batter": "NV Ojha",
              "bowler": "SJ Srivastava",
              "non_striker": "Y Venugopal Rao",
              "runs": {
                "batter": 1,
                "extras": 0,
                "total": 1
              }
            },
            {
              "batter": "Y Venugopal Rao",
              "bowler": "SJ Srivastava",
              "non_striker": "NV Ojha",
              "runs": {
                "batter": 4,
                "extras": 0,
                "total": 4
              }
            },
            {
              "batter": "Y Venugopal Rao",
              "bowler": "SJ Srivastava",
              "non_striker": "NV Ojha",
              "runs": {
                "batter": 0,
                "extras": 0,
                "total": 0
              }
            },
            {
              "batter": "Y Venugopal Rao",
              "bowler": "SJ Srivastava",
              "non_striker": "NV Ojha",
              "runs": {
                "batter": 1,
                "extras": 0,
                "total": 1
              }
            },
            {
              "batter": "NV Ojha",
              "bowler": "SJ Srivastava",
              "non_striker": "Y Venugopal Rao",
              "runs": {
                "batter": 6,
                "extras": 0,
                "total": 6
              }
            }
          ]
        },
        {
          "over": 19,
          "deliveries": [
            {
              "batter": "Y Venugopal Rao",
              "bowler": "RJ Harris",
              "non_striker": "NV Ojha",
              "runs": {
                "batter": 4,
                "extras": 0,
                "total": 4
              }
            },
            {
              "batter": "Y Venugopal Rao",
              "bowler": "RJ Harris",
              "extras": {
                "wides": 5
              },
              "non_striker": "NV Ojha",
              "runs": {
                "batter": 0,
                "extras": 5,
                "total": 5
              }
            },
            {
              "batter": "Y Venugopal Rao",
              "bowler": "RJ Harris",
              "non_striker": "NV Ojha",
              "runs": {
                "batter": 4,
                "extras": 0,
                "total": 4
              }
            },
            {
              "batter": "Y Venugopal Rao",
              "bowler": "RJ Harris",
              "non_striker": "NV Ojha",
              "runs": {
                "batter": 1,
                "extras": 0,
                "total": 1
              }
            },
            {
              "batter": "NV Ojha",
              "bowler": "RJ Harris",
              "non_striker": "Y Venugopal Rao",
              "runs": {
                "batter": 6,
                "extras": 0,
                "total": 6
              }
            },
            {
              "batter": "NV Ojha",
              "bowler": "RJ Harris",
              "non_striker": "Y Venugopal Rao",
              "runs": {
                "batter": 1,
                "extras": 0,
                "total": 1
              }
            },
            {
              "batter": "Y Venugopal Rao",
              "bowler": "RJ Harris",
              "non_striker": "NV Ojha",
              "runs": {
                "batter": 1,
                "extras": 0,
                "total": 1
              }
            }
          ]
        }
      ],
      "powerplays": [
        {
          "from": 0.1,
          "to": 5.7,
          "type": "mandatory"
        }
      ]
    },
    {
      "team": "Kings XI Punjab",
      "overs": [
        {
          "over": 0,
          "deliveries": [
            {
              "batter": "AC Gilchrist",
              "bowler": "M Morkel",
              "non_striker": "PC Valthaty",
              "runs": {
                "batter": 0,
                "extras": 0,
                "total": 0
              }
            },
            {
              "batter": "AC Gilchrist",
              "bowler": "M Morkel",
              "non_striker": "PC Valthaty",
              "runs": {
                "batter": 4,
                "extras": 0,
                "total": 4
              }
            },
            {
              "batter": "AC Gilchrist",
              "bowler": "M Morkel",
              "non_striker": "PC Valthaty",
              "runs": {
                "batter": 0,
                "extras": 0,
                "total": 0
              }
            },
            {
              "batter": "AC Gilchrist",
              "bowler": "M Morkel",
              "non_striker": "PC Valthaty",
              "runs": {
                "batter": 0,
                "extras": 0,
                "total": 0
              }
            },
            {
              "batter": "AC Gilchrist",
              "bowler": "M Morkel",
              "non_striker": "PC Valthaty",
              "runs": {
                "batter": 0,
                "extras": 0,
                "total": 0
              }
            },
            {
              "batter": "AC Gilchrist",
              "bowler": "M Morkel",
              "non_striker": "PC Valthaty",
              "runs": {
                "batter": 0,
                "extras": 0,
                "total": 0
              }
            }
          ]
        },
        {
          "over": 1,
          "deliveries": [
            {
              "batter": "PC Valthaty",
              "bowler": "IK Pathan",
              "non_striker": "AC Gilchrist",
              "runs": {
                "batter": 0,
                "extras": 0,
                "total": 0
              }
            },
            {
              "batter": "PC Valthaty",
              "bowler": "IK Pathan",
              "non_striker": "AC Gilchrist",
              "runs": {
                "batter": 0,
                "extras": 0,
                "total": 0
              }
            },
            {
              "batter": "PC Valthaty",
              "bowler": "IK Pathan",
              "non_striker": "AC Gilchrist",
              "runs": {
                "batter": 0,
                "extras": 0,
                "total": 0
              }
            },
            {
              "batter": "PC Valthaty",
              "bowler": "IK Pathan",
              "non_striker": "AC Gilchrist",
              "runs": {
                "batter": 2,
                "extras": 0,
                "total": 2
              }
            },
            {
              "batter": "PC Valthaty",
              "bowler": "IK Pathan",
              "non_striker": "AC Gilchrist",
              "runs": {
                "batter": 6,
                "extras": 0,
                "total": 6
              }
            },
            {
              "batter": "PC Valthaty",
              "bowler": "IK Pathan",
              "non_striker": "AC Gilchrist",
              "runs": {
                "batter": 6,
                "extras": 0,
                "total": 6
              }
            }
          ]
        },
        {
          "over": 2,
          "deliveries": [
            {
              "batter": "AC Gilchrist",
              "bowler": "M Morkel",
              "extras": {
                "noballs": 1
              },
              "non_striker": "PC Valthaty",
              "runs": {
                "batter": 0,
                "extras": 1,
                "total": 1
              }
            },
            {
              "batter": "AC Gilchrist",
              "bowler": "M Morkel",
              "non_striker": "PC Valthaty",
              "runs": {
                "batter": 6,
                "extras": 0,
                "total": 6
              }
            },
            {
              "batter": "AC Gilchrist",
              "bowler": "M Morkel",
              "non_striker": "PC Valthaty",
              "runs": {
                "batter": 0,
                "extras": 0,
                "total": 0
              }
            },
            {
              "batter": "AC Gilchrist",
              "bowler": "M Morkel",
              "non_striker": "PC Valthaty",
              "runs": {
                "batter": 0,
                "extras": 0,
                "total": 0
              }
            },
            {
              "batter": "AC Gilchrist",
              "bowler": "M Morkel",
              "non_striker": "PC Valthaty",
              "runs": {
                "batter": 0,
                "extras": 0,
                "total": 0
              }
            },
            {
              "batter": "AC Gilchrist",
              "bowler": "M Morkel",
              "non_striker": "PC Valthaty",
              "runs": {
                "batter": 0,
                "extras": 0,
                "total": 0
              }
            },
            {
              "batter": "AC Gilchrist",
              "bowler": "M Morkel",
              "non_striker": "PC Valthaty",
              "runs": {
                "batter": 0,
                "extras": 0,
                "total": 0
              }
            }
          ]
        },
        {
          "over": 3,
          "deliveries": [
            {
              "batter": "PC Valthaty",
              "bowler": "IK Pathan",
              "non_striker": "AC Gilchrist",
              "runs": {
                "batter": 0,
                "extras": 0,
                "total": 0
              }
            },
            {
              "batter": "PC Valthaty",
              "bowler": "IK Pathan",
              "non_striker": "AC Gilchrist",
              "runs": {
                "batter": 0,
                "extras": 0,
                "total": 0
              }
            },
            {
              "batter": "PC Valthaty",
              "bowler": "IK Pathan",
              "non_striker": "AC Gilchrist",
              "runs": {
                "batter": 0,
                "extras": 0,
                "total": 0
              }
            },
            {
              "batter": "PC Valthaty",
              "bowler": "IK Pathan",
              "non_striker": "AC Gilchrist",
              "runs": {
                "batter": 0,
                "extras": 0,
                "total": 0
              },
              "wickets": [
                {
                  "kind": "caught",
                  "player_out": "PC Valthaty",
                  "fielders": [
                    {
                      "name": "Y Nagar"
                    }
                  ]
                }
              ]
            },
            {
              "batter": "AC Gilchrist",
              "bowler": "IK Pathan",
              "non_striker": "SE Marsh",
              "runs": {
                "batter": 0,
                "extras": 0,
                "total": 0
              }
            },
            {
              "batter": "AC Gilchrist",
              "bowler": "IK Pathan",
              "non_striker": "SE Marsh",
              "runs": {
                "batter": 0,
                "extras": 0,
                "total": 0
              }
            }
          ]
        },
        {
          "over": 4,
          "deliveries": [
            {
              "batter": "SE Marsh",
              "bowler": "M Morkel",
              "non_striker": "AC Gilchrist",
              "runs": {
                "batter": 0,
                "extras": 0,
                "total": 0
              }
            },
            {
              "batter": "SE Marsh",
              "bowler": "M Morkel",
              "non_striker": "AC Gilchrist",
              "runs": {
                "batter": 0,
                "extras": 0,
                "total": 0
              }
            },
            {
              "batter": "SE Marsh",
              "bowler": "M Morkel",
              "extras": {
                "noballs": 1
              },
              "non_striker": "AC Gilchrist",
              "runs": {
                "batter": 4,
                "extras": 1,
                "total": 5
              }
            },
            {
              "batter": "SE Marsh",
              "bowler": "M Morkel",
              "non_striker": "AC Gilchrist",
              "runs": {
                "batter": 4,
                "extras": 0,
                "total": 4
              }
            },
            {
              "batter": "SE Marsh",
              "bowler": "M Morkel",
              "non_striker": "AC Gilchrist",
              "runs": {
                "batter": 0,
                "extras": 0,
                "total": 0
              }
            },
            {
              "batter": "SE Marsh",
              "bowler": "M Morkel",
              "non_striker": "AC Gilchrist",
              "runs": {
                "batter": 0,
                "extras": 0,
                "total": 0
              }
            },
            {
              "batter": "SE Marsh",
              "bowler": "M Morkel",
              "non_striker": "AC Gilchrist",
              "runs": {
                "batter": 0,
                "extras": 0,
                "total": 0
              }
            }
          ]
        },
        {
          "over": 5,
          "deliveries": [
            {
              "batter": "AC Gilchrist",
              "bowler": "IK Pathan",
              "non_striker": "SE Marsh",
              "runs": {
                "batter": 4,
                "extras": 0,
                "total": 4
              }
            },
            {
              "batter": "AC Gilchrist",
              "bowler": "IK Pathan",
              "non_striker": "SE Marsh",
              "runs": {
                "batter": 0,
                "extras": 0,
                "total": 0
              }
            },
            {
              "batter": "AC Gilchrist",
              "bowler": "IK Pathan",
              "non_striker": "SE Marsh",
              "runs": {
                "batter": 4,
                "extras": 0,
                "total": 4
              }
            },
            {
              "batter": "AC Gilchrist",
              "bowler": "IK Pathan",
              "non_striker": "SE Marsh",
              "runs": {
                "batter": 0,
                "extras": 0,
                "total": 0
              }
            },
            {
              "batter": "AC Gilchrist",
              "bowler": "IK Pathan",
              "non_striker": "SE Marsh",
              "runs": {
                "batter": 4,
                "extras": 0,
                "total": 4
              }
            },
            {
              "batter": "AC Gilchrist",
              "bowler": "IK Pathan",
              "non_striker": "SE Marsh",
              "runs": {
                "batter": 0,
                "extras": 0,
                "total": 0
              }
            }
          ]
        },
        {
          "over": 6,
          "deliveries": [
            {
              "batter": "SE Marsh",
              "bowler": "VR Aaron",
              "non_striker": "AC Gilchrist",
              "runs": {
                "batter": 4,
                "extras": 0,
                "total": 4
              }
            },
            {
              "batter": "SE Marsh",
              "bowler": "VR Aaron",
              "non_striker": "AC Gilchrist",
              "runs": {
                "batter": 6,
                "extras": 0,
                "total": 6
              }
            },
            {
              "batter": "SE Marsh",
              "bowler": "VR Aaron",
              "non_striker": "AC Gilchrist",
              "runs": {
                "batter": 1,
                "extras": 0,
                "total": 1
              }
            },
            {
              "batter": "AC Gilchrist",
              "bowler": "VR Aaron",
              "non_striker": "SE Marsh",
              "runs": {
                "batter": 0,
                "extras": 0,
                "total": 0
              }
            },
            {
              "batter": "AC Gilchrist",
              "bowler": "VR Aaron",
              "non_striker": "SE Marsh",
              "runs": {
                "batter": 1,
                "extras": 0,
                "total": 1
              }
            },
            {
              "batter": "SE Marsh",
              "bowler": "VR Aaron",
              "non_striker": "AC Gilchrist",
              "runs": {
                "batter": 1,
                "extras": 0,
                "total": 1
              }
            }
          ]
        },
        {
          "over": 7,
          "deliveries": [
            {
              "batter": "SE Marsh",
              "bowler": "Y Nagar",
              "non_striker": "AC Gilchrist",
              "runs": {
                "batter": 1,
                "extras": 0,
                "total": 1
              }
            },
            {
              "batter": "AC Gilchrist",
              "bowler": "Y Nagar",
              "non_striker": "SE Marsh",
              "runs": {
                "batter": 1,
                "extras": 0,
                "total": 1
              }
            },
            {
              "batter": "SE Marsh",
              "bowler": "Y Nagar",
              "non_striker": "AC Gilchrist",
              "runs": {
                "batter": 0,
                "extras": 0,
                "total": 0
              }
            },
            {
              "batter": "SE Marsh",
              "bowler": "Y Nagar",
              "non_striker": "AC Gilchrist",
              "runs": {
                "batter": 4,
                "extras": 0,
                "total": 4
              }
            },
            {
              "batter": "SE Marsh",
              "bowler": "Y Nagar",
              "non_striker": "AC Gilchrist",
              "runs": {
                "batter": 6,
                "extras": 0,
                "total": 6
              }
            },
            {
              "batter": "SE Marsh",
              "bowler": "Y Nagar",
              "non_striker": "AC Gilchrist",
              "runs": {
                "batter": 4,
                "extras": 0,
                "total": 4
              }
            }
          ]
        },
        {
          "over": 8,
          "deliveries": [
            {
              "batter": "AC Gilchrist",
              "bowler": "AB Agarkar",
              "non_striker": "SE Marsh",
              "runs": {
                "batter": 4,
                "extras": 0,
                "total": 4
              }
            },
            {
              "batter": "AC Gilchrist",
              "bowler": "AB Agarkar",
              "non_striker": "SE Marsh",
              "runs": {
                "batter": 4,
                "extras": 0,
                "total": 4
              }
            },
            {
              "batter": "AC Gilchrist",
              "bowler": "AB Agarkar",
              "non_striker": "SE Marsh",
              "runs": {
                "batter": 4,
                "extras": 0,
                "total": 4
              }
            },
            {
              "batter": "AC Gilchrist",
              "bowler": "AB Agarkar",
              "non_striker": "SE Marsh",
              "runs": {
                "batter": 4,
                "extras": 0,
                "total": 4
              }
            },
            {
              "batter": "AC Gilchrist",
              "bowler": "AB Agarkar",
              "non_striker": "SE Marsh",
              "runs": {
                "batter": 0,
                "extras": 0,
                "total": 0
              }
            },
            {
              "batter": "AC Gilchrist",
              "bowler": "AB Agarkar",
              "non_striker": "SE Marsh",
              "runs": {
                "batter": 0,
                "extras": 0,
                "total": 0
              }
            }
          ]
        },
        {
          "over": 9,
          "deliveries": [
            {
              "batter": "SE Marsh",
              "bowler": "JR Hopes",
              "non_striker": "AC Gilchrist",
              "runs": {
                "batter": 1,
                "extras": 0,
                "total": 1
              }
            },
            {
              "batter": "AC Gilchrist",
              "bowler": "JR Hopes",
              "non_striker": "SE Marsh",
              "runs": {
                "batter": 1,
                "extras": 0,
                "total": 1
              }
            },
            {
              "batter": "SE Marsh",
              "bowler": "JR Hopes",
              "non_striker": "AC Gilchrist",
              "runs": {
                "batter": 1,
                "extras": 0,
                "total": 1
              }
            },
            {
              "batter": "AC Gilchrist",
              "bowler": "JR Hopes",
              "non_striker": "SE Marsh",
              "runs": {
                "batter": 1,
                "extras": 0,
                "total": 1
              }
            },
            {
              "batter": "SE Marsh",
              "bowler": "JR Hopes",
              "non_striker": "AC Gilchrist",
              "runs": {
                "batter": 0,
                "extras": 0,
                "total": 0
              }
            },
            {
              "batter": "SE Marsh",
              "bowler": "JR Hopes",
              "non_striker": "AC Gilchrist",
              "runs": {
                "batter": 1,
                "extras": 0,
                "total": 1
              }
            }
          ]
        },
        {
          "over": 10,
          "deliveries": [
            {
              "batter": "SE Marsh",
              "bowler": "VR Aaron",
              "non_striker": "AC Gilchrist",
              "runs": {
                "batter": 1,
                "extras": 0,
                "total": 1
              }
            },
            {
              "batter": "AC Gilchrist",
              "bowler": "VR Aaron",
              "non_striker": "SE Marsh",
              "runs": {
                "batter": 0,
                "extras": 0,
                "total": 0
              },
              "wickets": [
                {
                  "kind": "bowled",
                  "player_out": "AC Gilchrist"
                }
              ]
            },
            {
              "batter": "KD Karthik",
              "bowler": "VR Aaron",
              "non_striker": "SE Marsh",
              "runs": {
                "batter": 4,
                "extras": 0,
                "total": 4
              }
            },
            {
              "batter": "KD Karthik",
              "bowler": "VR Aaron",
              "non_striker": "SE Marsh",
              "runs": {
                "batter": 1,
                "extras": 0,
                "total": 1
              }
            },
            {
              "batter": "SE Marsh",
              "bowler": "VR Aaron",
              "non_striker": "KD Karthik",
              "runs": {
                "batter": 0,
                "extras": 0,
                "total": 0
              }
            },
            {
              "batter": "SE Marsh",
              "bowler": "VR Aaron",
              "non_striker": "KD Karthik",
              "runs": {
                "batter": 1,
                "extras": 0,
                "total": 1
              }
            }
          ]
        },
        {
          "over": 11,
          "deliveries": [
            {
              "batter": "SE Marsh",
              "bowler": "JR Hopes",
              "non_striker": "KD Karthik",
              "runs": {
                "batter": 6,
                "extras": 0,
                "total": 6
              }
            },
            {
              "batter": "SE Marsh",
              "bowler": "JR Hopes",
              "non_striker": "KD Karthik",
              "runs": {
                "batter": 1,
                "extras": 0,
                "total": 1
              }
            },
            {
              "batter": "KD Karthik",
              "bowler": "JR Hopes",
              "non_striker": "SE Marsh",
              "runs": {
                "batter": 1,
                "extras": 0,
                "total": 1
              }
            },
            {
              "batter": "SE Marsh",
              "bowler": "JR Hopes",
              "non_striker": "KD Karthik",
              "runs": {
                "batter": 1,
                "extras": 0,
                "total": 1
              }
            },
            {
              "batter": "KD Karthik",
              "bowler": "JR Hopes",
              "extras": {
                "legbyes": 1
              },
              "non_striker": "SE Marsh",
              "runs": {
                "batter": 0,
                "extras": 1,
                "total": 1
              }
            },
            {
              "batter": "SE Marsh",
              "bowler": "JR Hopes",
              "non_striker": "KD Karthik",
              "runs": {
                "batter": 4,
                "extras": 0,
                "total": 4
              }
            }
          ]
        },
        {
          "over": 12,
          "deliveries": [
            {
              "batter": "KD Karthik",
              "bowler": "AB Agarkar",
              "non_striker": "SE Marsh",
              "runs": {
                "batter": 0,
                "extras": 0,
                "total": 0
              },
              "wickets": [
                {
                  "kind": "caught",
                  "player_out": "KD Karthik",
                  "fielders": [
                    {
                      "name": "V Sehwag"
                    }
                  ]
                }
              ]
            },
            {
              "batter": "SE Marsh",
              "bowler": "AB Agarkar",
              "non_striker": "DJ Hussey",
              "runs": {
                "batter": 1,
                "extras": 0,
                "total": 1
              }
            },
            {
              "batter": "DJ Hussey",
              "bowler": "AB Agarkar",
              "non_striker": "SE Marsh",
              "runs": {
                "batter": 1,
                "extras": 0,
                "total": 1
              }
            },
            {
              "batter": "SE Marsh",
              "bowler": "AB Agarkar",
              "non_striker": "DJ Hussey",
              "runs": {
                "batter": 1,
                "extras": 0,
                "total": 1
              }
            },
            {
              "batter": "DJ Hussey",
              "bowler": "AB Agarkar",
              "non_striker": "SE Marsh",
              "runs": {
                "batter": 3,
                "extras": 0,
                "total": 3
              }
            },
            {
              "batter": "SE Marsh",
              "bowler": "AB Agarkar",
              "non_striker": "DJ Hussey",
              "runs": {
                "batter": 4,
                "extras": 0,
                "total": 4
              }
            }
          ]
        },
        {
          "over": 13,
          "deliveries": [
            {
              "batter": "DJ Hussey",
              "bowler": "JR Hopes",
              "non_striker": "SE Marsh",
              "runs": {
                "batter": 1,
                "extras": 0,
                "total": 1
              }
            },
            {
              "batter": "SE Marsh",
              "bowler": "JR Hopes",
              "non_striker": "DJ Hussey",
              "runs": {
                "batter": 2,
                "extras": 0,
                "total": 2
              }
            },
            {
              "batter": "SE Marsh",
              "bowler": "JR Hopes",
              "non_striker": "DJ Hussey",
              "runs": {
                "batter": 1,
                "extras": 0,
                "total": 1
              }
            },
            {
              "batter": "DJ Hussey",
              "bowler": "JR Hopes",
              "non_striker": "SE Marsh",
              "runs": {
                "batter": 0,
                "extras": 0,
                "total": 0
              }
            },
            {
              "batter": "DJ Hussey",
              "bowler": "JR Hopes",
              "non_striker": "SE Marsh",
              "runs": {
                "batter": 6,
                "extras": 0,
                "total": 6
              }
            },
            {
              "batter": "DJ Hussey",
              "bowler": "JR Hopes",
              "non_striker": "SE Marsh",
              "runs": {
                "batter": 1,
                "extras": 0,
                "total": 1
              }
            }
          ]
        },
        {
          "over": 14,
          "deliveries": [
            {
              "batter": "DJ Hussey",
              "bowler": "VR Aaron",
              "non_striker": "SE Marsh",
              "runs": {
                "batter": 1,
                "extras": 0,
                "total": 1
              }
            },
            {
              "batter": "SE Marsh",
              "bowler": "VR Aaron",
              "non_striker": "DJ Hussey",
              "runs": {
                "batter": 4,
                "extras": 0,
                "total": 4
              }
            },
            {
              "batter": "SE Marsh",
              "bowler": "VR Aaron",
              "non_striker": "DJ Hussey",
              "runs": {
                "batter": 2,
                "extras": 0,
                "total": 2
              }
            },
            {
              "batter": "SE Marsh",
              "bowler": "VR Aaron",
              "non_striker": "DJ Hussey",
              "runs": {
                "batter": 0,
                "extras": 0,
                "total": 0
              }
            },
            {
              "batter": "SE Marsh",
              "bowler": "VR Aaron",
              "non_striker": "DJ Hussey",
              "runs": {
                "batter": 1,
                "extras": 0,
                "total": 1
              }
            },
            {
              "batter": "DJ Hussey",
              "bowler": "VR Aaron",
              "non_striker": "SE Marsh",
              "runs": {
                "batter": 1,
                "extras": 0,
                "total": 1
              }
            }
          ]
        },
        {
          "over": 15,
          "deliveries": [
            {
              "batter": "DJ Hussey",
              "bowler": "JR Hopes",
              "non_striker": "SE Marsh",
              "runs": {
                "batter": 6,
                "extras": 0,
                "total": 6
              }
            },
            {
              "batter": "DJ Hussey",
              "bowler": "JR Hopes",
              "non_striker": "SE Marsh",
              "runs": {
                "batter": 0,
                "extras": 0,
                "total": 0
              },
              "wickets": [
                {
                  "kind": "caught",
                  "player_out": "DJ Hussey",
                  "fielders": [
                    {
                      "name": "V Sehwag"
                    }
                  ]
                }
              ]
            },
            {
              "batter": "SE Marsh",
              "bowler": "JR Hopes",
              "non_striker": "AM Nayar",
              "runs": {
                "batter": 1,
                "extras": 0,
                "total": 1
              }
            },
            {
              "batter": "AM Nayar",
              "bowler": "JR Hopes",
              "non_striker": "SE Marsh",
              "runs": {
                "batter": 0,
                "extras": 0,
                "total": 0
              }
            },
            {
              "batter": "AM Nayar",
              "bowler": "JR Hopes",
              "non_striker": "SE Marsh",
              "runs": {
                "batter": 1,
                "extras": 0,
                "total": 1
              }
            },
            {
              "batter": "SE Marsh",
              "bowler": "JR Hopes",
              "non_striker": "AM Nayar",
              "runs": {
                "batter": 6,
                "extras": 0,
                "total": 6
              }
            }
          ]
        },
        {
          "over": 16,
          "deliveries": [
            {
              "batter": "AM Nayar",
              "bowler": "AB Agarkar",
              "non_striker": "SE Marsh",
              "runs": {
                "batter": 1,
                "extras": 0,
                "total": 1
              }
            },
            {
              "batter": "SE Marsh",
              "bowler": "AB Agarkar",
              "extras": {
                "wides": 1
              },
              "non_striker": "AM Nayar",
              "runs": {
                "batter": 0,
                "extras": 1,
                "total": 1
              }
            },
            {
              "batter": "SE Marsh",
              "bowler": "AB Agarkar",
              "non_striker": "AM Nayar",
              "runs": {
                "batter": 6,
                "extras": 0,
                "total": 6
              }
            },
            {
              "batter": "SE Marsh",
              "bowler": "AB Agarkar",
              "non_striker": "AM Nayar",
              "runs": {
                "batter": 4,
                "extras": 0,
                "total": 4
              }
            },
            {
              "batter": "SE Marsh",
              "bowler": "AB Agarkar",
              "non_striker": "AM Nayar",
              "runs": {
                "batter": 1,
                "extras": 0,
                "total": 1
              }
            },
            {
              "batter": "AM Nayar",
              "bowler": "AB Agarkar",
              "non_striker": "SE Marsh",
              "runs": {
                "batter": 1,
                "extras": 0,
                "total": 1
              }
            },
            {
              "batter": "SE Marsh",
              "bowler": "AB Agarkar",
              "non_striker": "AM Nayar",
              "runs": {
                "batter": 1,
                "extras": 0,
                "total": 1
              }
            }
          ]
        },
        {
          "over": 17,
          "deliveries": [
            {
              "batter": "SE Marsh",
              "bowler": "M Morkel",
              "non_striker": "AM Nayar",
              "runs": {
                "batter": 2,
                "extras": 0,
                "total": 2
              }
            },
            {
              "batter": "SE Marsh",
              "bowler": "M Morkel",
              "non_striker": "AM Nayar",
              "runs": {
                "batter": 0,
                "extras": 0,
                "total": 0
              }
            },
            {
              "batter": "SE Marsh",
              "bowler": "M Morkel",
              "non_striker": "AM Nayar",
              "runs": {
                "batter": 6,
                "extras": 0,
                "total": 6
              }
            },
            {
              "batter": "SE Marsh",
              "bowler": "M Morkel",
              "non_striker": "AM Nayar",
              "runs": {
                "batter": 0,
                "extras": 0,
                "total": 0
              },
              "wickets": [
                {
                  "kind": "caught",
                  "player_out": "SE Marsh",
                  "fielders": [
                    {
                      "name": "V Sehwag"
                    }
                  ]
                }
              ]
            },
            {
              "batter": "AM Nayar",
              "bowler": "M Morkel",
              "non_striker": "Sunny Singh",
              "runs": {
                "batter": 4,
                "extras": 0,
                "total": 4
              }
            },
            {
              "batter": "AM Nayar",
              "bowler": "M Morkel",
              "non_striker": "Sunny Singh",
              "runs": {
                "batter": 0,
                "extras": 0,
                "total": 0
              }
            }
          ]
        },
        {
          "over": 18,
          "deliveries": [
            {
              "batter": "Sunny Singh",
              "bowler": "VR Aaron",
              "non_striker": "AM Nayar",
              "runs": {
                "batter": 0,
                "extras": 0,
                "total": 0
              }
            },
            {
              "batter": "Sunny Singh",
              "bowler": "VR Aaron",
              "non_striker": "AM Nayar",
              "runs": {
                "batter": 1,
                "extras": 0,
                "total": 1
              }
            },
            {
              "batter": "AM Nayar",
              "bowler": "VR Aaron",
              "non_striker": "Sunny Singh",
              "runs": {
                "batter": 0,
                "extras": 0,
                "total": 0
              }
            },
            {
              "batter": "AM Nayar",
              "bowler": "VR Aaron",
              "non_striker": "Sunny Singh",
              "runs": {
                "batter": 1,
                "extras": 0,
                "total": 1
              }
            },
            {
              "batter": "Sunny Singh",
              "bowler": "VR Aaron",
              "non_striker": "AM Nayar",
              "runs": {
                "batter": 1,
                "extras": 0,
                "total": 1
              }
            },
            {
              "batter": "AM Nayar",
              "bowler": "VR Aaron",
              "non_striker": "Sunny Singh",
              "runs": {
                "batter": 4,
                "extras": 0,
                "total": 4
              }
            }
          ]
        },
        {
          "over": 19,
          "deliveries": [
            {
              "batter": "Sunny Singh",
              "bowler": "AB Agarkar",
              "non_striker": "AM Nayar",
              "runs": {
                "batter": 0,
                "extras": 0,
                "total": 0
              },
              "wickets": [
                {
                  "kind": "caught",
                  "player_out": "Sunny Singh",
                  "fielders": [
                    {
                      "name": "JR Hopes"
                    }
                  ]
                }
              ]
            },
            {
              "batter": "AM Nayar",
              "bowler": "AB Agarkar",
              "non_striker": "RJ Harris",
              "runs": {
                "batter": 1,
                "extras": 0,
                "total": 1
              }
            },
            {
              "batter": "RJ Harris",
              "bowler": "AB Agarkar",
              "non_striker": "AM Nayar",
              "runs": {
                "batter": 1,
                "extras": 0,
                "total": 1
              }
            },
            {
              "batter": "AM Nayar",
              "bowler": "AB Agarkar",
              "non_striker": "RJ Harris",
              "runs": {
                "batter": 4,
                "extras": 0,
                "total": 4
              }
            },
            {
              "batter": "AM Nayar",
              "bowler": "AB Agarkar",
              "non_striker": "RJ Harris",
              "runs": {
                "batter": 0,
                "extras": 0,
                "total": 0
              }
            },
            {
              "batter": "AM Nayar",
              "bowler": "AB Agarkar",
              "extras": {
                "legbyes": 1
              },
              "non_striker": "RJ Harris",
              "runs": {
                "batter": 0,
                "extras": 1,
                "total": 1
              }
            }
          ]
        }
      ],
      "powerplays": [
        {
          "from": 0.1,
          "to": 5.6,
          "type": "mandatory"
        }
      ],
      "target": {
        "overs": 20,
        "runs": 232
      }
    }
  ]
}