{
  "meta": {
    "data_version": "1.0.0",
    "created": "2016-04-16",
    "revision": 1
  },
  "info": {
    "balls_per_over": 6,
    "city": "Hyderabad",
    "dates": [
      "2016-04-16"
    ],
    "event": {
      "match_number": 8,
      "name": "Indian Premier League"
    },
    "gender": "male",
    "match_type": "T20",
    "officials": {
      "match_referees": [
        "J Srinath"
      ],
      "reserve_umpires": [
        "A Deshmukh"
      ],
      "tv_umpires": [
        "K Bharatan"
      ],
      "umpires": [
        "AK Chaudhary",
        "CK Nandan"
      ]
    },
    "outcome": {
      "by": {
        "wickets": 8
      },
      "winner": "Kolkata Knight Riders"
    },
    "overs": 20,
    "player_of_match": [
      "G Gambhir"
    ],
    "players": {
      "Kolkata Knight Riders": [
        "RV Uthappa",
        "G Gambhir",
        "AD Russell",
        "MK Pandey",
        "Shakib Al Hasan",
        "YK Pathan",
        "SA Yadav",
        "PP Chawla",
        "SP Narine",
        "M Morkel",
        "UT Yadav"
      ],
      "Sunrisers Hyderabad": [
        "DA Warner",
        "S Dhawan",
        "MC Henriques",
        "EJG Morgan",
        "DJ Hooda",
        "NV Ojha",
        "A Ashish Reddy",
        "KV Sharma",
        "B Kumar",
        "Mustafizur Rahman",
        "BB Sran"
      ]
    },
    "registry": {
      "people": {
        "A Ashish Reddy": "1c2a64cd",
        "A Deshmukh": "6fda55cc",
        "AD Russell": "bbd41817",
        "AK Chaudhary": "fdcc6236",
        "B Kumar": "2e81a32d",
        "BB Sran": "d8b2f218",
        "CK Nandan": "012de9c4",
        "DA Warner": "dcce6f09",
        "DJ Hooda": "73ad96ed",
        "EJG Morgan": "d2a6c0e6",
        "G Gambhir": "bb345e0b",
        "J Srinath": "bad31fac",
        "K Bharatan": "7e47c743",
        "KV Sharma": "119678fd",
        "M Morkel": "5bb5a915",
        "MC Henriques": "32198ae0",
        "MK Pandey": "93b4fc78",
        "Mustafizur Rahman": "0a8fce53",
        "NV Ojha": "890946a0",
        "PP Chawla": "98ae73b1",
        "RV Uthappa": "1c17e270",
        "S Dhawan": "0a476045",
        "SA Yadav": "271f83cd",
        "SP Narine": "9d430b40",
        "Shakib Al Hasan": "7dc35884",
        "UT Yadav": "cc1e8c68",
        "YK Pathan": "3c6ffae8"
      }
    },
    "season": 2016,
    "team_type": "club",
    "teams": [
      "Sunrisers Hyderabad",
      "Kolkata Knight Riders"
    ],
    "toss": {
      "decision": "bat",
      "winner": "Sunrisers Hyderabad"
    },
    "venue": "Rajiv Gandhi International Stadium, Uppal"
  },
  "innings": [
    {
      "team": "Sunrisers Hyderabad",
      "overs": [
        {
          "over": 0,
          "deliveries": [
            {
              "batter": "DA Warner",
              "bowler": "M Morkel",
              "non_striker": "S Dhawan",
              "runs": {
                "batter": 2,
                "extras": 0,
                "total": 2
              }
            },
            {
              "batter": "DA Warner",
              "bowler": "M Morkel",
              "extras": {
                "noballs": 1
              },
              "non_striker": "S Dhawan",
              "runs": {
                "batter": 0,
                "extras": 1,
                "total": 1
              }
            },
            {
              "batter": "DA Warner",
              "bowler": "M Morkel",
              "non_striker": "S Dhawan",
              "runs": {
                "batter": 0,
                "extras": 0,
                "total": 0
              }
            },
            {
              "batter": "DA Warner",
              "bowler": "M Morkel",
              "non_striker": "S Dhawan",
              "runs": {
                "batter": 0,
                "extras": 0,
                "total": 0
              }
            },
            {
              "batter": "DA Warner",
              "bowler": "M Morkel",
              "non_striker": "S Dhawan",
              "runs": {
                "batter": 0,
                "extras": 0,
                "total": 0
              }
            },
            {
              "batter": "DA Warner",
              "bowler": "M Morkel",
              "extras": {
                "wides": 1
              },
              "non_striker": "S Dhawan",
              "runs": {
                "batter": 0,
                "extras": 1,
                "total": 1
              }
            },
            {
              "batter": "DA Warner",
              "bowler": "M Morkel",
              "extras": {
                "wides": 1
              },
              "non_striker": "S Dhawan",
              "runs": {
                "batter": 0,
                "extras": 1,
                "total": 1
              }
            },
            {
              "batter": "DA Warner",
              "bowler": "M Morkel",
              "non_striker": "S Dhawan",
              "runs": {
                "batter": 4,
                "extras": 0,
                "total": 4
              }
            },
            {
              "batter": "DA Warner",
              "bowler": "M Morkel",
              "non_striker": "S Dhawan",
              "runs": {
                "batter": 0,
                "extras": 0,
                "total": 0
              }
            }
          ]
        },
        {
          "over": 1,
          "deliveries": [
            {
              "batter": "S Dhawan",
              "bowler": "UT Yadav",
              "non_striker": "DA Warner",
              "runs": {
                "batter": 0,
                "extras": 0,
                "total": 0
              }
            },
            {
              "batter": "S Dhawan",
              "bowler": "UT Yadav",
              "non_striker": "DA Warner",
              "runs": {
                "batter": 1,
                "extras": 0,
                "total": 1
              }
            },
            {
              "batter": "DA Warner",
              "bowler": "UT Yadav",
              "non_striker": "S Dhawan",
              "runs": {
                "batter": 0,
                "extras": 0,
                "total": 0
              }
            },
            {
              "batter": "DA Warner",
              "bowler": "UT Yadav",
              "non_striker": "S Dhawan",
              "runs": {
                "batter": 2,
                "extras": 0,
                "total": 2
              }
            },
            {
              "batter": "DA Warner",
              "bowler": "UT Yadav",
              "non_striker": "S Dhawan",
              "runs": {
                "batter": 1,
                "extras": 0,
                "total": 1
              }
            },
            {
              "batter": "S Dhawan",
              "bowler": "UT Yadav",
              "non_striker": "DA Warner",
              "runs": {
                "batter": 1,
                "extras": 0,
                "total": 1
              }
            }
          ]
        },
        {
          "over": 2,
          "deliveries": [
            {
              "batter": "S Dhawan",
              "bowler": "M Morkel",
              "non_striker": "DA Warner",
              "runs": {
                "batter": 4,
                "extras": 0,
                "total": 4
              }
            },
            {
              "batter": "S Dhawan",
              "bowler": "M Morkel",
              "non_striker": "DA Warner",
              "runs": {
                "batter": 0,
                "extras": 0,
                "total": 0
              }
            },
            {
              "batter": "S Dhawan",
              "bowler": "M Morkel",
              "non_striker": "DA Warner",
              "runs": {
                "batter": 0,
                "extras": 0,
                "total": 0
              }
            },
            {
              "batter": "S Dhawan",
              "bowler": "M Morkel",
              "non_striker": "DA Warner",
              "runs": {
                "batter": 0,
                "extras": 0,
                "total": 0
              },
              "wickets": [
                {
                  "kind": "caught",
                  "player_out": "S Dhawan",
                  "fielders": [
                    {
                      "name": "RV Uthappa"
                    }
                  ]
                }
              ]
            },
            {
              "batter": "MC Henriques",
              "bowler": "M Morkel",
              "extras": {
                "wides": 1
              },
              "non_striker": "DA Warner",
              "runs": {
                "batter": 0,
                "extras": 1,
                "total": 1
              }
            },
            {
              "batter": "MC Henriques",
              "bowler": "M Morkel",
              "non_striker": "DA Warner",
              "runs": {
                "batter": 0,
                "extras": 0,
                "total": 0
              }
            },
            {
              "batter": "MC Henriques",
              "bowler": "M Morkel",
              "non_striker": "DA Warner",
              "runs": {
                "batter": 0,
                "extras": 0,
                "total": 0
              }
            }
          ]
        },
        {
          "over": 3,
          "deliveries": [
            {
              "batter": "DA Warner",
              "bowler": "UT Yadav",
              "non_striker": "MC Henriques",
              "runs": {
                "batter": 4,
                "extras": 0,
                "total": 4
              }
            },
            {
              "batter": "DA Warner",
              "bowler": "UT Yadav",
              "non_striker": "MC Henriques",
              "runs": {
                "batter": 0,
                "extras": 0,
                "total": 0
              },
              "wickets": [
                {
                  "kind": "caught",
                  "player_out": "DA Warner",
                  "fielders": [
                    {
                      "name": "SA Yadav"
                    }
                  ]
                }
              ]
            },
            {
              "batter": "EJG Morgan",
              "bowler": "UT Yadav",
              "non_striker": "MC Henriques",
              "runs": {
                "batter": 0,
                "extras": 0,
                "total": 0
              }
            },
            {
              "batter": "EJG Morgan",
              "bowler": "UT Yadav",
              "non_striker": "MC Henriques",
              "runs": {
                "batter": 2,
                "extras": 0,
                "total": 2
              }
            },
            {
              "batter": "EJG Morgan",
              "bowler": "UT Yadav",
              "non_striker": "MC Henriques",
              "runs": {
                "batter": 0,
                "extras": 0,
                "total": 0
              }
            },
            {
              "batter": "EJG Morgan",
              "bowler": "UT Yadav",
              "non_striker": "MC Henriques",
              "runs": {
                "batter": 1,
                "extras": 0,
                "total": 1
              }
            }
          ]
        },
        {
          "over": 4,
          "deliveries": [
            {
              "batter": "EJG Morgan",
              "bowler": "Shakib Al Hasan",
              "non_striker": "MC Henriques",
              "runs": {
                "batter": 1,
                "extras": 0,
                "total": 1
              }
            },
            {
              "batter": "MC Henriques",
              "bowler": "Shakib Al Hasan",
              "non_striker": "EJG Morgan",
              "runs": {
                "batter": 0,
                "extras": 0,
                "total": 0
              }
            },
            {
              "batter": "MC Henriques",
              "bowler": "Shakib Al Hasan",
              "non_striker": "EJG Morgan",
              "runs": {
                "batter": 0,
                "extras": 0,
                "total": 0
              }
            },
            {
              "batter": "MC Henriques",
              "bowler": "Shakib Al Hasan",
              "non_striker": "EJG Morgan",
              "runs": {
                "batter": 1,
                "extras": 0,
                "total": 1
              }
            },
            {
              "batter": "EJG Morgan",
              "bowler": "Shakib Al Hasan",
              "non_striker": "MC Henriques",
              "runs": {
                "batter": 2,
                "extras": 0,
                "total": 2
              }
            },
            {
              "batter": "EJG Morgan",
              "bowler": "Shakib Al Hasan",
              "non_striker": "MC Henriques",
              "runs": {
                "batter": 0,
                "extras": 0,
                "total": 0
              }
            }
          ]
        },
        {
          "over": 5,
          "deliveries": [
            {
              "batter": "MC Henriques",
              "bowler": "UT Yadav",
              "non_striker": "EJG Morgan",
              "runs": {
                "batter": 4,
                "extras": 0,
                "total": 4
              }
            },
            {
              "batter": "MC Henriques",
              "bowler": "UT Yadav",
              "non_striker": "EJG Morgan",
              "runs": {
                "batter": 0,
                "extras": 0,
                "total": 0
              }
            },
            {
              "batter": "MC Henriques",
              "bowler": "UT Yadav",
              "non_striker": "EJG Morgan",
              "runs": {
                "batter": 1,
                "extras": 0,
                "total": 1
              }
            },
            {
              "batter": "EJG Morgan",
              "bowler": "UT Yadav",
              "non_striker": "MC Henriques",
              "runs": {
                "batter": 0,
                "extras": 0,
                "total": 0
              }
            },
            {
              "batter": "EJG Morgan",
              "bowler": "UT Yadav",
              "non_striker": "MC Henriques",
              "runs": {
                "batter": 1,
                "extras": 0,
                "total": 1
              }
            },
            {
              "batter": "MC Henriques",
              "bowler": "UT Yadav",
              "non_striker": "EJG Morgan",
              "runs": {
                "batter": 0,
                "extras": 0,
                "total": 0
              },
              "wickets": [
                {
                  "kind": "lbw",
                  "player_out": "MC Henriques"
                }
              ]
            }
          ]
        },
        {
          "over": 6,
          "deliveries": [
            {
              "batter": "EJG Morgan",
              "bowler": "Shakib Al Hasan",
              "non_striker": "DJ Hooda",
              "runs": {
                "batter": 0,
                "extras": 0,
                "total": 0
              }
            },
            {
              "batter": "EJG Morgan",
              "bowler": "Shakib Al Hasan",
              "non_striker": "DJ Hooda",
              "runs": {
                "batter": 1,
                "extras": 0,
                "total": 1
              }
            },
            {
              "batter": "DJ Hooda",
              "bowler": "Shakib Al Hasan",
              "non_striker": "EJG Morgan",
              "runs": {
                "batter": 1,
                "extras": 0,
                "total": 1
              }
            },
            {
              "batter": "EJG Morgan",
              "bowler": "Shakib Al Hasan",
              "non_striker": "DJ Hooda",
              "runs": {
                "batter": 1,
                "extras": 0,
                "total": 1
              }
            },
            {
              "batter": "DJ Hooda",
              "bowler": "Shakib Al Hasan",
              "non_striker": "EJG Morgan",
              "runs": {
                "batter": 1,
                "extras": 0,
                "total": 1
              }
            },
            {
              "batter": "EJG Morgan",
              "bowler": "Shakib Al Hasan",
              "non_striker": "DJ Hooda",
              "runs": {
                "batter": 1,
                "extras": 0,
                "total": 1
              }
            }
          ]
        },
        {
          "over": 7,
          "deliveries": [
            {
              "batter": "EJG Morgan",
              "bowler": "AD Russell",
              "non_striker": "DJ Hooda",
              "runs": {
                "batter": 1,
                "extras": 0,
                "total": 1
              }
            },
            {
              "batter": "DJ Hooda",
              "bowler": "AD Russell",
              "non_striker": "EJG Morgan",
              "runs": {
                "batter": 0,
                "extras": 0,
                "total": 0
              }
            },
            {
              "batter": "DJ Hooda",
              "bowler": "AD Russell",
              "non_striker": "EJG Morgan",
              "runs": {
                "batter": 0,
                "extras": 0,
                "total": 0
              }
            },
            {
              "batter": "DJ Hooda",
              "bowler": "AD Russell",
              "non_striker": "EJG Morgan",
              "runs": {
                "batter": 0,
                "extras": 0,
                "total": 0
              }
            },
            {
              "batter": "DJ Hooda",
              "bowler": "AD Russell",
              "non_striker": "EJG Morgan",
              "runs": {
                "batter": 1,
                "extras": 0,
                "total": 1
              }
            },
            {
              "batter": "EJG Morgan",
              "bowler": "AD Russell",
              "non_striker": "DJ Hooda",
              "runs": {
                "batter": 0,
                "extras": 0,
                "total": 0
              }
            }
          ]
        },
        {
          "over": 8,
          "deliveries": [
            {
              "batter": "DJ Hooda",
              "bowler": "SP Narine",
              "non_striker": "EJG Morgan",
              "runs": {
                "batter": 1,
                "extras": 0,
                "total": 1
              }
            },
            {
              "batter": "EJG Morgan",
              "bowler": "SP Narine",
              "non_striker": "DJ Hooda",
              "runs": {
                "batter": 0,
                "extras": 0,
                "total": 0
              }
            },
            {
              "batter": "EJG Morgan",
              "bowler": "SP Narine",
              "non_striker": "DJ Hooda",
              "runs": {
                "batter": 1,
                "extras": 0,
                "total": 1
              }
            },
            {
              "batter": "DJ Hooda",
              "bowler": "SP Narine",
              "non_striker": "EJG Morgan",
              "runs": {
                "batter": 1,
                "extras": 0,
                "total": 1
              }
            },
            {
              "batter": "EJG Morgan",
              "bowler": "SP Narine",
              "non_striker": "DJ Hooda",
              "runs": {
                "batter": 0,
                "extras": 0,
                "total": 0
              }
            },
            {
              "batter": "EJG Morgan",
              "bowler": "SP Narine",
              "non_striker": "DJ Hooda",
              "runs": {
                "batter": 2,
                "extras": 0,
                "total": 2
              }
            }
          ]
        },
        {
          "over": 9,
          "deliveries": [
            {
              "batter": "DJ Hooda",
              "bowler": "AD Russell",
              "non_striker": "EJG Morgan",
              "runs": {
                "batter": 1,
                "extras": 0,
                "total": 1
              }
            },
            {
              "batter": "EJG Morgan",
              "bowler": "AD Russell",
              "extras": {
                "legbyes": 1
              },
              "non_striker": "DJ Hooda",
              "runs": {
                "batter": 0,
                "extras": 1,
                "total": 1
              }
            },
            {
              "batter": "DJ Hooda",
              "bowler": "AD Russell",
              "non_striker": "EJG Morgan",
              "runs": {
                "batter": 0,
                "extras": 0,
                "total": 0
              }
            },
            {
              "batter": "DJ Hooda",
              "bowler": "AD Russell",
              "non_striker": "EJG Morgan",
              "runs": {
                "batter": 0,
                "extras": 0,
                "total": 0
              },
              "wickets": [
                {
                  "kind": "caught",
                  "player_out": "DJ Hooda",
                  "fielders": [
                    {
                      "name": "UT Yadav"
                    }
                  ]
                }
              ]
            },
            {
              "batter": "EJG Morgan",
              "bowler": "AD Russell",
              "non_striker": "NV Ojha",
              "runs": {
                "batter": 2,
                "extras": 0,
                "total": 2
              }
            },
            {
              "batter": "EJG Morgan",
              "bowler": "AD Russell",
              "non_striker": "NV Ojha",
              "runs": {
                "batter": 0,
                "extras": 0,
                "total": 0
              }
            }
          ]
        },
        {
          "over": 10,
          "deliveries": [
            {
              "batter": "NV Ojha",
              "bowler": "SP Narine",
              "non_striker": "EJG Morgan",
              "runs": {
                "batter": 1,
                "extras": 0,
                "total": 1
              }
            },
            {
              "batter": "EJG Morgan",
              "bowler": "SP Narine",
              "non_striker": "NV Ojha",
              "runs": {
                "batter": 1,
                "extras": 0,
                "total": 1
              }
            },
            {
              "batter": "NV Ojha",
              "bowler": "SP Narine",
              "non_striker": "EJG Morgan",
              "runs": {
                "batter": 0,
                "extras": 0,
                "total": 0
              }
            },
            {
              "batter": "NV Ojha",
              "bowler": "SP Narine",
              "non_striker": "EJG Morgan",
              "runs": {
                "batter": 0,
                "extras": 0,
                "total": 0
              }
            },
            {
              "batter": "NV Ojha",
              "bowler": "SP Narine",
              "non_striker": "EJG Morgan",
              "runs": {
                "batter": 1,
                "extras": 0,
                "total": 1
              }
            },
            {
              "batter": "EJG Morgan",
              "bowler": "SP Narine",
              "non_striker": "NV Ojha",
              "runs": {
                "batter": 0,
                "extras": 0,
                "total": 0
              }
            }
          ]
        },
        {
          "over": 11,
          "deliveries": [
            {
              "batter": "NV Ojha",
              "bowler": "AD Russell",
              "non_striker": "EJG Morgan",
              "runs": {
                "batter": 2,
                "extras": 0,
                "total": 2
              }
            },
            {
              "batter": "NV Ojha",
              "bowler": "AD Russell",
              "non_striker": "EJG Morgan",
              "runs": {
                "batter": 2,
                "extras": 0,
                "total": 2
              }
            },
            {
              "batter": "NV Ojha",
              "bowler": "AD Russell",
              "non_striker": "EJG Morgan",
              "runs": {
                "batter": 0,
                "extras": 0,
                "total": 0
              }
            },
            {
              "batter": "NV Ojha",
              "bowler": "AD Russell",
              "non_striker": "EJG Morgan",
              "runs": {
                "batter": 4,
                "extras": 0,
                "total": 4
              }
            },
            {
              "batter": "NV Ojha",
              "bowler": "AD Russell",
              "non_striker": "EJG Morgan",
              "runs": {
                "batter": 0,
                "extras": 0,
                "total": 0
              }
            },
            {
              "batter": "NV Ojha",
              "bowler": "AD Russell",
              "non_striker": "EJG Morgan",
              "runs": {
                "batter": 0,
                "extras": 0,
                "total": 0
              }
            }
          ]
        },
        {
          "over": 12,
          "deliveries": [
            {
              "batter": "EJG Morgan",
              "bowler": "SP Narine",
              "non_striker": "NV Ojha",
              "runs": {
                "batter": 1,
                "extras": 0,
                "total": 1
              }
            },
            {
              "batter": "NV Ojha",
              "bowler": "SP Narine",
              "non_striker": "EJG Morgan",
              "runs": {
                "batter": 0,
                "extras": 0,
                "total": 0
              }
            },
            {
              "batter": "NV Ojha",
              "bowler": "SP Narine",
              "non_striker": "EJG Morgan",
              "runs": {
                "batter": 1,
                "extras": 0,
                "total": 1
              }
            },
            {
              "batter": "EJG Morgan",
              "bowler": "SP Narine",
              "non_striker": "NV Ojha",
              "runs": {
                "batter": 4,
                "extras": 0,
                "total": 4
              }
            },
            {
              "batter": "EJG Morgan",
              "bowler": "SP Narine",
              "non_striker": "NV Ojha",
              "runs": {
                "batter": 4,
                "extras": 0,
                "total": 4
              }
            },
            {
              "batter": "EJG Morgan",
              "bowler": "SP Narine",
              "non_striker": "NV Ojha",
              "runs": {
                "batter": 0,
                "extras": 0,
                "total": 0
              }
            }
          ]
        },
        {
          "over": 13,
          "deliveries": [
            {
              "batter": "NV Ojha",
              "bowler": "PP Chawla",
              "non_striker": "EJG Morgan",
              "runs": {
                "batter": 4,
                "extras": 0,
                "total": 4
              }
            },
            {
              "batter": "NV Ojha",
              "bowler": "PP Chawla",
              "non_striker": "EJG Morgan",
              "runs": {
                "batter": 0,
                "extras": 0,
                "total": 0
              }
            },
            {
              "batter": "NV Ojha",
              "bowler": "PP Chawla",
              "non_striker": "EJG Morgan",
              "runs": {
                "batter": 3,
                "extras": 0,
                "total": 3
              }
            },
            {
              "batter": "EJG Morgan",
              "bowler": "PP Chawla",
              "non_striker": "NV Ojha",
              "runs": {
                "batter": 2,
                "extras": 0,
                "total": 2
              }
            },
            {
              "batter": "EJG Morgan",
              "bowler": "PP Chawla",
              "non_striker": "NV Ojha",
              "runs": {
                "batter": 0,
                "extras": 0,
                "total": 0
              }
            },
            {
              "batter": "EJG Morgan",
              "bowler": "PP Chawla",
              "non_striker": "NV Ojha",
              "runs": {
                "batter": 4,
                "extras": 0,
                "total": 4
              }
            }
          ]
        },
        {
          "over": 14,
          "deliveries": [
            {
              "batter": "NV Ojha",
              "bowler": "SP Narine",
              "non_striker": "EJG Morgan",
              "runs": {
                "batter": 0,
                "extras": 0,
                "total": 0
              }
            },
            {
              "batter": "NV Ojha",
              "bowler": "SP Narine",
              "non_striker": "EJG Morgan",
              "runs": {
                "batter": 1,
                "extras": 0,
                "total": 1
              }
            },
            {
              "batter": "EJG Morgan",
              "bowler": "SP Narine",
              "non_striker": "NV Ojha",
              "runs": {
                "batter": 1,
                "extras": 0,
                "total": 1
              }
            },
            {
              "batter": "NV Ojha",
              "bowler": "SP Narine",
              "non_striker": "EJG Morgan",
              "runs": {
                "batter": 6,
                "extras": 0,
                "total": 6
              }
            },
            {
              "batter": "NV Ojha",
              "bowler": "SP Narine",
              "non_striker": "EJG Morgan",
              "runs": {
                "batter": 0,
                "extras": 0,
                "total": 0
              }
            },
            {
              "batter": "NV Ojha",
              "bowler": "SP Narine",
              "non_striker": "EJG Morgan",
              "runs": {
                "batter": 0,
                "extras": 0,
                "total": 0
              }
            }
          ]
        },
        {
          "over": 15,
          "deliveries": [
            {
              "batter": "EJG Morgan",
              "bowler": "M Morkel",
              "non_striker": "NV Ojha",
              "runs": {
                "batter": 1,
                "extras": 0,
                "total": 1
              }
            },
            {
              "batter": "NV Ojha",
              "bowler": "M Morkel",
              "non_striker": "EJG Morgan",
              "runs": {
                "batter": 1,
                "extras": 0,
                "total": 1
              }
            },
            {
              "batter": "EJG Morgan",
              "bowler": "M Morkel",
              "non_striker": "NV Ojha",
              "runs": {
                "batter": 1,
                "extras": 0,
                "total": 1
              }
            },
            {
              "batter": "NV Ojha",
              "bowler": "M Morkel",
              "non_striker": "EJG Morgan",
              "runs": {
                "batter": 0,
                "extras": 0,
                "total": 0
              }
            },
            {
              "batter": "NV Ojha",
              "bowler": "M Morkel",
              "non_striker": "EJG Morgan",
              "runs": {
                "batter": 6,
                "extras": 0,
                "total": 6
              }
            },
            {
              "batter": "NV Ojha",
              "bowler": "M Morkel",
              "non_striker": "EJG Morgan",
              "runs": {
                "batter": 2,
                "extras": 0,
                "total": 2
              }
            }
          ]
        },
        {
          "over": 16,
          "deliveries": [
            {
              "batter": "EJG Morgan",
              "bowler": "Shakib Al Hasan",
              "non_striker": "NV Ojha",
              "runs": {
                "batter": 1,
                "extras": 0,
                "total": 1
              }
            },
            {
              "batter": "NV Ojha",
              "bowler": "Shakib Al Hasan",
              "non_striker": "EJG Morgan",
              "runs": {
                "batter": 1,
                "extras": 0,
                "total": 1
              }
            },
            {
              "batter": "EJG Morgan",
              "bowler": "Shakib Al Hasan",
              "non_striker": "NV Ojha",
              "runs": {
                "batter": 0,
                "extras": 0,
                "total": 0
              }
            },
            {
              "batter": "EJG Morgan",
              "bowler": "Shakib Al Hasan",
              "extras": {
                "legbyes": 1
              },
              "non_striker": "NV Ojha",
              "runs": {
                "batter": 0,
                "extras": 1,
                "total": 1
              }
            },
            {
              "batter": "NV Ojha",
              "bowler": "Shakib Al Hasan",
              "non_striker": "EJG Morgan",
              "runs": {
                "batter": 1,
                "extras": 0,
                "total": 1
              }
            },
            {
              "batter": "EJG Morgan",
              "bowler": "Shakib Al Hasan",
              "non_striker": "NV Ojha",
              "runs": {
                "batter": 6,
                "extras": 0,
                "total": 6
              }
            }
          ]
        },
        {
          "over": 17,
          "deliveries": [
            {
              "batter": "NV Ojha",
              "bowler": "M Morkel",
              "non_striker": "EJG Morgan",
              "runs": {
                "batter": 1,
                "extras": 0,
                "total": 1
              }
            },
            {
              "batter": "EJG Morgan",
              "bowler": "M Morkel",
              "non_striker": "NV Ojha",
              "runs": {
                "batter": 1,
                "extras": 0,
                "total": 1
              }
            },
            {
              "batter": "NV Ojha",
              "bowler": "M Morkel",
              "non_striker": "EJG Morgan",
              "runs": {
                "batter": 0,
                "extras": 0,
                "total": 0
              },
              "wickets": [
                {
                  "kind": "caught",
                  "player_out": "NV Ojha",
                  "fielders": [
                    {
                      "name": "PP Chawla"
                    }
                  ]
                }
              ]
            },
            {
              "batter": "EJG Morgan",
              "bowler": "M Morkel",
              "non_striker": "A Ashish Reddy",
              "runs": {
                "batter": 1,
                "extras": 0,
                "total": 1
              }
            },
            {
              "batter": "A Ashish Reddy",
              "bowler": "M Morkel",
              "non_striker": "EJG Morgan",
              "runs": {
                "batter": 1,
                "extras": 0,
                "total": 1
              }
            },
            {
              "batter": "EJG Morgan",
              "bowler": "M Morkel",
              "non_striker": "A Ashish Reddy",
              "runs": {
                "batter": 6,
                "extras": 0,
                "total": 6
              }
            }
          ]
        },
        {
          "over": 18,
          "deliveries": [
            {
              "batter": "A Ashish Reddy",
              "bowler": "UT Yadav",
              "non_striker": "EJG Morgan",
              "runs": {
                "batter": 1,
                "extras": 0,
                "total": 1
              }
            },
            {
              "batter": "EJG Morgan",
              "bowler": "UT Yadav",
              "non_striker": "A Ashish Reddy",
              "runs": {
                "batter": 1,
                "extras": 0,
                "total": 1
              }
            },
            {
              "batter": "A Ashish Reddy",
              "bowler": "UT Yadav",
              "non_striker": "EJG Morgan",
              "runs": {
                "batter": 1,
                "extras": 0,
                "total": 1
              }
            },
            {
              "batter": "EJG Morgan",
              "bowler": "UT Yadav",
              "non_striker": "A Ashish Reddy",
              "runs": {
                "batter": 0,
                "extras": 0,
                "total": 0
              },
              "wickets": [
                {
                  "kind": "caught",
                  "player_out": "EJG Morgan",
                  "fielders": [
                    {
                      "name": "Shakib Al Hasan"
                    }
                  ]
                }
              ]
            },
            {
              "batter": "A Ashish Reddy",
              "bowler": "UT Yadav",
              "extras": {
                "wides": 1
              },
              "non_striker": "KV Sharma",
              "runs": {
                "batter": 0,
                "extras": 1,
                "total": 1
              }
            },
            {
              "batter": "A Ashish Reddy",
              "bowler": "UT Yadav",
              "non_striker": "KV Sharma",
              "runs": {
                "batter": 0,
                "extras": 0,
                "total": 0
              }
            },
            {
              "batter": "A Ashish Reddy",
              "bowler": "UT Yadav",
              "non_striker": "KV Sharma",
              "runs": {
                "batter": 6,
                "extras": 0,
                "total": 6
              }
            }
          ]
        },
        {
          "over": 19,
          "deliveries": [
            {
              "batter": "KV Sharma",
              "bowler": "AD Russell",
              "non_striker": "A Ashish Reddy",
              "runs": {
                "batter": 1,
                "extras": 0,
                "total": 1
              }
            },
            {
              "batter": "A Ashish Reddy",
              "bowler": "AD Russell",
              "non_striker": "KV Sharma",
              "runs": {
                "batter": 1,
                "extras": 0,
                "total": 1
              }
            },
            {
              "batter": "KV Sharma",
              "bowler": "AD Russell",
              "non_striker": "A Ashish Reddy",
              "runs": {
                "batter": 1,
                "extras": 0,
                "total": 1
              }
            },
            {
              "batter": "A Ashish Reddy",
              "bowler": "AD Russell",
              "non_striker": "KV Sharma",
              "runs": {
                "batter": 2,
                "extras": 0,
                "total": 2
              }
            },
            {
              "batter": "A Ashish Reddy",
              "bowler": "AD Russell",
              "non_striker": "KV Sharma",
              "runs": {
                "batter": 1,
                "extras": 0,
                "total": 1
              },
              "wickets": [
                {
                  "kind": "run out",
                  "player_out": "A Ashish Reddy",
                  "fielders": [
                    {
                      "name": "Shakib Al Hasan"
                    },
                    {
                      "name": "RV Uthappa"
                    }
                  ]
                }
              ]
            },
            {
              "batter": "B Kumar",
              "bowler": "AD Russell",
              "extras": {
                "byes": 1
              },
              "non_striker": "KV Sharma",
              "runs": {
                "batter": 0,
                "extras": 1,
                "total": 1
              }
            }
          ]
        }
      ],
      "powerplays": [
        {
          "from": 0.1,
          "to": 5.6,
          "type": "mandatory"
        }
      ]
    },
    {
      "team": "Kolkata Knight Riders",
      "overs": [
        {
          "over": 0,
          "deliveries": [
            {
              "batter": "RV Uthappa",
              "bowler": "B Kumar",
              "non_striker": "G Gambhir",
              "runs": {
                "batter": 2,
                "extras": 0,
                "total": 2
              }
            },
            {
              "batter": "RV Uthappa",
              "bowler": "B Kumar",
              "non_striker": "G Gambhir",
              "runs": {
                "batter": 0,
                "extras": 0,
                "total": 0
              }
            },
            {
              "batter": "RV Uthappa",
              "bowler": "B Kumar",
              "non_striker": "G Gambhir",
              "runs": {
                "batter": 4,
                "extras": 0,
                "total": 4
              }
            },
            {
              "batter": "RV Uthappa",
              "bowler": "B Kumar",
              "non_striker": "G Gambhir",
              "runs": {
                "batter": 1,
                "extras": 0,
                "total": 1
              }
            },
            {
              "batter": "G Gambhir",
              "bowler": "B Kumar",
              "non_striker": "RV Uthappa",
              "runs": {
                "batter": 0,
                "extras": 0,
                "total": 0
              }
            },
            {
              "batter": "G Gambhir",
              "bowler": "B Kumar",
              "non_striker": "RV Uthappa",
              "runs": {
                "batter": 0,
                "extras": 0,
                "total": 0
              }
            }
          ]
        },
        {
          "over": 1,
          "deliveries": [
            {
              "batter": "RV Uthappa",
              "bowler": "BB Sran",
              "extras": {
                "wides": 1
              },
              "non_striker": "G Gambhir",
              "runs": {
                "batter": 0,
                "extras": 1,
                "total": 1
              }
            },
            {
              "batter": "RV Uthappa",
              "bowler": "BB Sran",
              "non_striker": "G Gambhir",
              "runs": {
                "batter": 1,
                "extras": 0,
                "total": 1
              }
            },
            {
              "batter": "G Gambhir",
              "bowler": "BB Sran",
              "non_striker": "RV Uthappa",
              "runs": {
                "batter": 0,
                "extras": 0,
                "total": 0
              }
            },
            {
              "batter": "G Gambhir",
              "bowler": "BB Sran",
              "non_striker": "RV Uthappa",
              "runs": {
                "batter": 0,
                "extras": 0,
                "total": 0
              }
            },
            {
              "batter": "G Gambhir",
              "bowler": "BB Sran",
              "non_striker": "RV Uthappa",
              "runs": {
                "batter": 0,
                "extras": 0,
                "total": 0
              }
            },
            {
              "batter": "G Gambhir",
              "bowler": "BB Sran",
              "non_striker": "RV Uthappa",
              "runs": {
                "batter": 4,
                "extras": 0,
                "total": 4
              }
            },
            {
              "batter": "G Gambhir",
              "bowler": "BB Sran",
              "non_striker": "RV Uthappa",
              "runs": {
                "batter": 0,
                "extras": 0,
                "total": 0
              }
            }
          ]
        },
        {
          "over": 2,
          "deliveries": [
            {
              "batter": "RV Uthappa",
              "bowler": "B Kumar",
              "non_striker": "G Gambhir",
              "runs": {
                "batter": 0,
                "extras": 0,
                "total": 0
              }
            },
            {
              "batter": "RV Uthappa",
              "bowler": "B Kumar",
              "non_striker": "G Gambhir",
              "runs": {
                "batter": 0,
                "extras": 0,
                "total": 0
              }
            },
            {
              "batter": "RV Uthappa",
              "bowler": "B Kumar",
              "non_striker": "G Gambhir",
              "runs": {
                "batter": 0,
                "extras": 0,
                "total": 0
              }
            },
            {
              "batter": "RV Uthappa",
              "bowler": "B Kumar",
              "non_striker": "G Gambhir",
              "runs": {
                "batter": 4,
                "extras": 0,
                "total": 4
              }
            },
            {
              "batter": "RV Uthappa",
              "bowler": "B Kumar",
              "non_striker": "G Gambhir",
              "runs": {
                "batter": 2,
                "extras": 0,
                "total": 2
              }
            },
            {
              "batter": "RV Uthappa",
              "bowler": "B Kumar",
              "non_striker": "G Gambhir",
              "runs": {
                "batter": 0,
                "extras": 0,
                "total": 0
              }
            }
          ]
        },
        {
          "over": 3,
          "deliveries": [
            {
              "batter": "G Gambhir",
              "bowler": "BB Sran",
              "non_striker": "RV Uthappa",
              "runs": {
                "batter": 1,
                "extras": 0,
                "total": 1
              }
            },
            {
              "batter": "RV Uthappa",
              "bowler": "BB Sran",
              "non_striker": "G Gambhir",
              "runs": {
                "batter": 0,
                "extras": 0,
                "total": 0
              }
            },
            {
              "batter": "RV Uthappa",
              "bowler": "BB Sran",
              "non_striker": "G Gambhir",
              "runs": {
                "batter": 4,
                "extras": 0,
                "total": 4
              }
            },
            {
              "batter": "RV Uthappa",
              "bowler": "BB Sran",
              "non_striker": "G Gambhir",
              "runs": {
                "batter": 1,
                "extras": 0,
                "total": 1
              }
            },
            {
              "batter": "G Gambhir",
              "bowler": "BB Sran",
              "non_striker": "RV Uthappa",
              "runs": {
                "batter": 0,
                "extras": 0,
                "total": 0
              }
            },
            {
              "batter": "G Gambhir",
              "bowler": "BB Sran",
              "non_striker": "RV Uthappa",
              "runs": {
                "batter": 0,
                "extras": 0,
                "total": 0
              }
            }
          ]
        },
        {
          "over": 4,
          "deliveries": [
            {
              "batter": "RV Uthappa",
              "bowler": "Mustafizur Rahman",
              "non_striker": "G Gambhir",
              "runs": {
                "batter": 1,
                "extras": 0,
                "total": 1
              }
            },
            {
              "batter": "G Gambhir",
              "bowler": "Mustafizur Rahman",
              "non_striker": "RV Uthappa",
              "runs": {
                "batter": 1,
                "extras": 0,
                "total": 1
              }
            },
            {
              "batter": "RV Uthappa",
              "bowler": "Mustafizur Rahman",
              "non_striker": "G Gambhir",
              "runs": {
                "batter": 0,
                "extras": 0,
                "total": 0
              }
            },
            {
              "batter": "RV Uthappa",
              "bowler": "Mustafizur Rahman",
              "non_striker": "G Gambhir",
              "runs": {
                "batter": 1,
                "extras": 0,
                "total": 1
              }
            },
            {
              "batter": "G Gambhir",
              "bowler": "Mustafizur Rahman",
              "non_striker": "RV Uthappa",
              "runs": {
                "batter": 0,
                "extras": 0,
                "total": 0
              }
            },
            {
              "batter": "G Gambhir",
              "bowler": "Mustafizur Rahman",
              "non_striker": "RV Uthappa",
              "runs": {
                "batter": 0,
                "extras": 0,
                "total": 0
              }
            }
          ]
        },
        {
          "over": 5,
          "deliveries": [
            {
              "batter": "RV Uthappa",
              "bowler": "BB Sran",
              "non_striker": "G Gambhir",
              "runs": {
                "batter": 1,
                "extras": 0,
                "total": 1
              }
            },
            {
              "batter": "G Gambhir",
              "bowler": "BB Sran",
              "non_striker": "RV Uthappa",
              "runs": {
                "batter": 0,
                "extras": 0,
                "total": 0
              }
            },
            {
              "batter": "G Gambhir",
              "bowler": "BB Sran",
              "non_striker": "RV Uthappa",
              "runs": {
                "batter": 2,
                "extras": 0,
                "total": 2
              }
            },
            {
              "batter": "G Gambhir",
              "bowler": "BB Sran",
              "non_striker": "RV Uthappa",
              "runs": {
                "batter": 4,
                "extras": 0,
                "total": 4
              }
            },
            {
              "batter": "G Gambhir",
              "bowler": "BB Sran",
              "non_striker": "RV Uthappa",
              "runs": {
                "batter": 1,
                "extras": 0,
                "total": 1
              }
            },
            {
              "batter": "RV Uthappa",
              "bowler": "BB Sran",
              "non_striker": "G Gambhir",
              "runs": {
                "batter": 0,
                "extras": 0,
                "total": 0
              }
            }
          ]
        },
        {
          "over": 6,
          "deliveries": [
            {
              "batter": "G Gambhir",
              "bowler": "KV Sharma",
              "non_striker": "RV Uthappa",
              "runs": {
                "batter": 1,
                "extras": 0,
                "total": 1
              }
            },
            {
              "batter": "RV Uthappa",
              "bowler": "KV Sharma",
              "non_striker": "G Gambhir",
              "runs": {
                "batter": 1,
                "extras": 0,
                "total": 1
              }
            },
            {
              "batter": "G Gambhir",
              "bowler": "KV Sharma",
              "non_striker": "RV Uthappa",
              "runs": {
                "batter": 0,
                "extras": 0,
                "total": 0
              }
            },
            {
              "batter": "G Gambhir",
              "bowler": "KV Sharma",
              "non_striker": "RV Uthappa",
              "runs": {
                "batter": 1,
                "extras": 0,
                "total": 1
              }
            },
            {
              "batter": "RV Uthappa",
              "bowler": "KV Sharma",
              "non_striker": "G Gambhir",
              "runs": {
                "batter": 1,
                "extras": 0,
                "total": 1
              }
            },
            {
              "batter": "G Gambhir",
              "bowler": "KV Sharma",
              "non_striker": "RV Uthappa",
              "runs": {
                "batter": 2,
                "extras": 0,
                "total": 2
              }
            }
          ]
        },
        {
          "over": 7,
          "deliveries": [
            {
              "batter": "RV Uthappa",
              "bowler": "MC Henriques",
              "non_striker": "G Gambhir",
              "runs": {
                "batter": 0,
                "extras": 0,
                "total": 0
              }
            },
            {
              "batter": "RV Uthappa",
              "bowler": "MC Henriques",
              "non_striker": "G Gambhir",
              "runs": {
                "batter": 1,
                "extras": 0,
                "total": 1
              }
            },
            {
              "batter": "G Gambhir",
              "bowler": "MC Henriques",
              "non_striker": "RV Uthappa",
              "runs": {
                "batter": 2,
                "extras": 0,
                "total": 2
              }
            },
            {
              "batter": "G Gambhir",
              "bowler": "MC Henriques",
              "non_striker": "RV Uthappa",
              "runs": {
                "batter": 4,
                "extras": 0,
                "total": 4
              }
            },
            {
              "batter": "G Gambhir",
              "bowler": "MC Henriques",
              "non_striker": "RV Uthappa",
              "runs": {
                "batter": 1,
                "extras": 0,
                "total": 1
              }
            },
            {
              "batter": "RV Uthappa",
              "bowler": "MC Henriques",
              "non_striker": "G Gambhir",
              "runs": {
                "batter": 0,
                "extras": 0,
                "total": 0
              }
            }
          ]
        },
        {
          "over": 8,
          "deliveries": [
            {
              "batter": "G Gambhir",
              "bowler": "B Kumar",
              "non_striker": "RV Uthappa",
              "runs": {
                "batter": 2,
                "extras": 0,
                "total": 2
              }
            },
            {
              "batter": "G Gambhir",
              "bowler": "B Kumar",
              "non_striker": "RV Uthappa",
              "runs": {
                "batter": 1,
                "extras": 0,
                "total": 1
              }
            },
            {
              "batter": "RV Uthappa",
              "bowler": "B Kumar",
              "extras": {
                "wides": 1
              },
              "non_striker": "G Gambhir",
              "runs": {
                "batter": 0,
                "extras": 1,
                "total": 1
              }
            },
            {
              "batter": "RV Uthappa",
              "bowler": "B Kumar",
              "non_striker": "G Gambhir",
              "runs": {
                "batter": 1,
                "extras": 0,
                "total": 1
              }
            },
            {
              "batter": "G Gambhir",
              "bowler": "B Kumar",
              "non_striker": "RV Uthappa",
              "runs": {
                "batter": 1,
                "extras": 0,
                "total": 1
              }
            },
            {
              "batter": "RV Uthappa",
              "bowler": "B Kumar",
              "non_striker": "G Gambhir",
              "runs": {
                "batter": 1,
                "extras": 0,
                "total": 1
              }
            },
            {
              "batter": "G Gambhir",
              "bowler": "B Kumar",
              "non_striker": "RV Uthappa",
              "runs": {
                "batter": 4,
                "extras": 0,
                "total": 4
              }
            }
          ]
        },
        {
          "over": 9,
          "deliveries": [
            {
              "batter": "RV Uthappa",
              "bowler": "MC Henriques",
              "non_striker": "G Gambhir",
              "runs": {
                "batter": 6,
                "extras": 0,
                "total": 6
              }
            },
            {
              "batter": "RV Uthappa",
              "bowler": "MC Henriques",
              "non_striker": "G Gambhir",
              "runs": {
                "batter": 1,
                "extras": 0,
                "total": 1
              }
            },
            {
              "batter": "G Gambhir",
              "bowler": "MC Henriques",
              "non_striker": "RV Uthappa",
              "runs": {
                "batter": 0,
                "extras": 0,
                "total": 0
              }
            },
            {
              "batter": "G Gambhir",
              "bowler": "MC Henriques",
              "extras": {
                "wides": 1
              },
              "non_striker": "RV Uthappa",
              "runs": {
                "batter": 0,
                "extras": 1,
                "total": 1
              }
            },
            {
              "batter": "G Gambhir",
              "bowler": "MC Henriques",
              "non_striker": "RV Uthappa",
              "runs": {
                "batter": 1,
                "extras": 0,
                "total": 1
              }
            },
            {
              "batter": "RV Uthappa",
              "bowler": "MC Henriques",
              "non_striker": "G Gambhir",
              "runs": {
                "batter": 1,
                "extras": 0,
                "total": 1
              }
            },
            {
              "batter": "G Gambhir",
              "bowler": "MC Henriques",
              "non_striker": "RV Uthappa",
              "runs": {
                "batter": 1,
                "extras": 0,
                "total": 1
              }
            }
          ]
        },
        {
          "over": 10,
          "deliveries": [
            {
              "batter": "G Gambhir",
              "bowler": "KV Sharma",
              "non_striker": "RV Uthappa",
              "runs": {
                "batter": 0,
                "extras": 0,
                "total": 0
              }
            },
            {
              "batter": "G Gambhir",
              "bowler": "KV Sharma",
              "non_striker": "RV Uthappa",
              "runs": {
                "batter": 4,
                "extras": 0,
                "total": 4
              }
            },
            {
              "batter": "G Gambhir",
              "bowler": "KV Sharma",
              "non_striker": "RV Uthappa",
              "runs": {
                "batter": 4,
                "extras": 0,
                "total": 4
              }
            },
            {
              "batter": "G Gambhir",
              "bowler": "KV Sharma",
              "non_striker": "RV Uthappa",
              "runs": {
                "batter": 4,
                "extras": 0,
                "total": 4
              }
            },
            {
              "batter": "G Gambhir",
              "bowler": "KV Sharma",
              "non_striker": "RV Uthappa",
              "runs": {
                "batter": 1,
                "extras": 0,
                "total": 1
              }
            },
            {
              "batter": "RV Uthappa",
              "bowler": "KV Sharma",
              "non_striker": "G Gambhir",
              "runs": {
                "batter": 1,
                "extras": 0,
                "total": 1
              }
            }
          ]
        },
        {
          "over": 11,
          "deliveries": [
            {
              "batter": "RV Uthappa",
              "bowler": "Mustafizur Rahman",
              "extras": {
                "wides": 1
              },
              "non_striker": "G Gambhir",
              "runs": {
                "batter": 0,
                "extras": 1,
                "total": 1
              }
            },
            {
              "batter": "RV Uthappa",
              "bowler": "Mustafizur Rahman",
              "non_striker": "G Gambhir",
              "runs": {
                "batter": 1,
                "extras": 0,
                "total": 1
              }
            },
            {
              "batter": "G Gambhir",
              "bowler": "Mustafizur Rahman",
              "non_striker": "RV Uthappa",
              "runs": {
                "batter": 1,
                "extras": 0,
                "total": 1
              }
            },
            {
              "batter": "RV Uthappa",
              "bowler": "Mustafizur Rahman",
              "non_striker": "G Gambhir",
              "runs": {
                "batter": 1,
                "extras": 0,
                "total": 1
              }
            },
            {
              "batter": "G Gambhir",
              "bowler": "Mustafizur Rahman",
              "non_striker": "RV Uthappa",
              "runs": {
                "batter": 0,
                "extras": 0,
                "total": 0
              }
            },
            {
              "batter": "G Gambhir",
              "bowler": "Mustafizur Rahman",
              "non_striker": "RV Uthappa",
              "runs": {
                "batter": 0,
                "extras": 0,
                "total": 0
              }
            },
            {
              "batter": "G Gambhir",
              "bowler": "Mustafizur Rahman",
              "non_striker": "RV Uthappa",
              "runs": {
                "batter": 1,
                "extras": 0,
                "total": 1
              }
            }
          ]
        },
        {
          "over": 12,
          "deliveries": [
            {
              "batter": "G Gambhir",
              "bowler": "A Ashish Reddy",
              "non_striker": "RV Uthappa",
              "runs": {
                "batter": 1,
                "extras": 0,
                "total": 1
              }
            },
            {
              "batter": "RV Uthappa",
              "bowler": "A Ashish Reddy",
              "non_striker": "G Gambhir",
              "runs": {
                "batter": 0,
                "extras": 0,
                "total": 0
              }
            },
            {
              "batter": "RV Uthappa",
              "bowler": "A Ashish Reddy",
              "non_striker": "G Gambhir",
              "runs": {
                "batter": 0,
                "extras": 0,
                "total": 0
              },
              "wickets": [
                {
                  "kind": "lbw",
                  "player_out": "RV Uthappa"
                }
              ]
            },
            {
              "batter": "AD Russell",
              "bowler": "A Ashish Reddy",
              "non_striker": "G Gambhir",
              "runs": {
                "batter": 0,
                "extras": 0,
                "total": 0
              }
            },
            {
              "batter": "AD Russell",
              "bowler": "A Ashish Reddy",
              "non_striker": "G Gambhir",
              "runs": {
                "batter": 0,
                "extras": 0,
                "total": 0
              }
            },
            {
              "batter": "AD Russell",
              "bowler": "A Ashish Reddy",
              "non_striker": "G Gambhir",
              "runs": {
                "batter": 1,
                "extras": 0,
                "total": 1
              }
            }
          ]
        },
        {
          "over": 13,
          "deliveries": [
            {
              "batter": "AD Russell",
              "bowler": "Mustafizur Rahman",
              "non_striker": "G Gambhir",
              "runs": {
                "batter": 1,
                "extras": 0,
                "total": 1
              }
            },
            {
              "batter": "G Gambhir",
              "bowler": "Mustafizur Rahman",
              "non_striker": "AD Russell",
              "runs": {
                "batter": 2,
                "extras": 0,
                "total": 2
              }
            },
            {
              "batter": "G Gambhir",
              "bowler": "Mustafizur Rahman",
              "non_striker": "AD Russell",
              "runs": {
                "batter": 1,
                "extras": 0,
                "total": 1
              }
            },
            {
              "batter": "AD Russell",
              "bowler": "Mustafizur Rahman",
              "non_striker": "G Gambhir",
              "runs": {
                "batter": 0,
                "extras": 0,
                "total": 0
              },
              "wickets": [
                {
                  "kind": "bowled",
                  "player_out": "AD Russell"
                }
              ]
            },
            {
              "batter": "MK Pandey",
              "bowler": "Mustafizur Rahman",
              "non_striker": "G Gambhir",
              "runs": {
                "batter": 0,
                "extras": 0,
                "total": 0
              }
            },
            {
              "batter": "MK Pandey",
              "bowler": "Mustafizur Rahman",
              "non_striker": "G Gambhir",
              "runs": {
                "batter": 3,
                "extras": 0,
                "total": 3
              }
            }
          ]
        },
        {
          "over": 14,
          "deliveries": [
            {
              "batter": "MK Pandey",
              "bowler": "A Ashish Reddy",
              "non_striker": "G Gambhir",
              "runs": {
                "batter": 1,
                "extras": 0,
                "total": 1
              }
            },
            {
              "batter": "G Gambhir",
              "bowler": "A Ashish Reddy",
              "non_striker": "MK Pandey",
              "runs": {
                "batter": 4,
                "extras": 0,
                "total": 4
              }
            },
            {
              "batter": "G Gambhir",
              "bowler": "A Ashish Reddy",
              "non_striker": "MK Pandey",
              "runs": {
                "batter": 4,
                "extras": 0,
                "total": 4
              }
            },
            {
              "batter": "G Gambhir",
              "bowler": "A Ashish Reddy",
              "non_striker": "MK Pandey",
              "runs": {
                "batter": 1,
                "extras": 0,
                "total": 1
              }
            },
            {
              "batter": "MK Pandey",
              "bowler": "A Ashish Reddy",
              "non_striker": "G Gambhir",
              "runs": {
                "batter": 1,
                "extras": 0,
                "total": 1
              }
            },
            {
              "batter": "G Gambhir",
              "bowler": "A Ashish Reddy",
              "non_striker": "MK Pandey",
              "runs": {
                "batter": 1,
                "extras": 0,
                "total": 1
              }
            }
          ]
        },
        {
          "over": 15,
          "deliveries": [
            {
              "batter": "G Gambhir",
              "bowler": "BB Sran",
              "non_striker": "MK Pandey",
              "runs": {
                "batter": 0,
                "extras": 0,
                "total": 0
              }
            },
            {
              "batter": "G Gambhir",
              "bowler": "BB Sran",
              "non_striker": "MK Pandey",
              "runs": {
                "batter": 4,
                "extras": 0,
                "total": 4
              }
            },
            {
              "batter": "G Gambhir",
              "bowler": "BB Sran",
              "non_striker": "MK Pandey",
              "runs": {
                "batter": 4,
                "extras": 0,
                "total": 4
              }
            },
            {
              "batter": "G Gambhir",
              "bowler": "BB Sran",
              "non_striker": "MK Pandey",
              "runs": {
                "batter": 0,
                "extras": 0,
                "total": 0
              }
            },
            {
              "batter": "G Gambhir",
              "bowler": "BB Sran",
              "extras": {
                "wides": 1
              },
              "non_striker": "MK Pandey",
              "runs": {
                "batter": 0,
                "extras": 1,
                "total": 1
              }
            },
            {
              "batter": "G Gambhir",
              "bowler": "BB Sran",
              "non_striker": "MK Pandey",
              "runs": {
                "batter": 1,
                "extras": 0,
                "total": 1
              }
            },
            {
              "batter": "MK Pandey",
              "bowler": "BB Sran",
              "non_striker": "G Gambhir",
              "runs": {
                "batter": 1,
                "extras": 0,
                "total": 1
              }
            }
          ]
        },
        {
          "over": 16,
          "deliveries": [
            {
              "batter": "MK Pandey",
              "bowler": "B Kumar",
              "non_striker": "G Gambhir",
              "runs": {
                "batter": 1,
                "extras": 0,
                "total": 1
              }
            },
            {
              "batter": "G Gambhir",
              "bowler": "B Kumar",
              "non_striker": "MK Pandey",
              "runs": {
                "batter": 1,
                "extras": 0,
                "total": 1
              }
            },
            {
              "batter": "MK Pandey",
              "bowler": "B Kumar",
              "non_striker": "G Gambhir",
              "runs": {
                "batter": 1,
                "extras": 0,
                "total": 1
              }
            },
            {
              "batter": "G Gambhir",
              "bowler": "B Kumar",
              "non_striker": "MK Pandey",
              "runs": {
                "batter": 1,
                "extras": 0,
                "total": 1
              }
            },
            {
              "batter": "MK Pandey",
              "bowler": "B Kumar",
              "non_striker": "G Gambhir",
              "runs": {
                "batter": 0,
                "extras": 0,
                "total": 0
              }
            },
            {
              "batter": "MK Pandey",
              "bowler": "B Kumar",
              "non_striker": "G Gambhir",
              "runs": {
                "batter": 1,
                "extras": 0,
                "total": 1
              }
            }
          ]
        },
        {
          "over": 17,
          "deliveries": [
            {
              "batter": "MK Pandey",
              "bowler": "Mustafizur Rahman",
              "non_striker": "G Gambhir",
              "runs": {
                "batter": 1,
                "extras": 0,
                "total": 1
              }
            },
            {
              "batter": "G Gambhir",
              "bowler": "Mustafizur Rahman",
              "non_striker": "MK Pandey",
              "runs": {
                "batter": 4,
                "extras": 0,
                "total": 4
              }
            },
            {
              "batter": "G Gambhir",
              "bowler": "Mustafizur Rahman",
              "non_striker": "MK Pandey",
              "runs": {
                "batter": 1,
                "extras": 0,
                "total": 1
              }
            },
            {
              "batter": "MK Pandey",
              "bowler": "Mustafizur Rahman",
              "non_striker": "G Gambhir",
              "runs": {
                "batter": 1,
                "extras": 0,
                "total": 1
              }
            },
            {
              "batter": "G Gambhir",
              "bowler": "Mustafizur Rahman",
              "non_striker": "MK Pandey",
              "runs": {
                "batter": 6,
                "extras": 0,
                "total": 6
              }
            },
            {
              "batter": "G Gambhir",
              "bowler": "Mustafizur Rahman",
              "non_striker": "MK Pandey",
              "runs": {
                "batter": 1,
                "extras": 0,
                "total": 1
              }
            }
          ]
        },
        {
          "over": 18,
          "deliveries": [
            {
              "batter": "G Gambhir",
              "bowler": "KV Sharma",
              "non_striker": "MK Pandey",
              "runs": {
                "batter": 0,
                "extras": 0,
                "total": 0
              }
            },
            {
              "batter": "G Gambhir",
              "bowler": "KV Sharma",
              "non_striker": "MK Pandey",
              "runs": {
                "batter": 4,
                "extras": 0,
                "total": 4
              }
            }
          ]
        }
      ],
      "powerplays": [
        {
          "from": 0.1,
          "to": 5.6,
          "type": "mandatory"
        }
      ],
      "target": {
        "overs": 20,
        "runs": 143
      }
    }
  ]
}