{
  "meta": {
    "data_version": "1.0.0",
    "created": "2016-05-01",
    "revision": 1
  },
  "info": {
    "balls_per_over": 6,
    "city": "Rajkot",
    "dates": [
      "2016-05-01"
    ],
    "event": {
      "match_number": 28,
      "name": "Indian Premier League"
    },
    "gender": "male",
    "match_type": "T20",
    "officials": {
      "match_referees": [
        "M Nayyar"
      ],
      "reserve_umpires": [
        "YC Barde"
      ],
      "tv_umpires": [
        "CB Gaffaney"
      ],
      "umpires": [
        "BNJ Oxenford",
        "VK Sharma"
      ]
    },
    "outcome": {
      "by": {
        "runs": 23
      },
      "winner": "Kings XI Punjab"
    },
    "overs": 20,
    "player_of_match": [
      "AR Patel"
    ],
    "players": {
      "Gujarat Lions": [
        "DR Smith",
        "BB McCullum",
        "SK Raina",
        "KD Karthik",
        "RA Jadeja",
        "DJ Bravo",
        "Ishan Kishan",
        "JP Faulkner",
        "P Kumar",
        "DS Kulkarni",
        "S Kaushik"
      ],
      "Kings XI Punjab": [
        "M Vijay",
        "MP Stoinis",
        "SE Marsh",
        "GJ Maxwell",
        "Gurkeerat Singh",
        "DA Miller",
        "WP Saha",
        "AR Patel",
        "MM Sharma",
        "KC Cariappa",
        "Sandeep Sharma"
      ]
    },
    "registry": {
      "people": {
        "AR Patel": "2e171977",
        "BB McCullum": "b8a55852",
        "BNJ Oxenford": "c1add349",
        "CB Gaffaney": "d5ac41d8",
        "DA Miller": "d67d5f00",
        "DJ Bravo": "87e562a9",
        "DR Smith": "35205dfc",
        "DS Kulkarni": "d2a989fc",
        "GJ Maxwell": "b681e71e",
        "Gurkeerat Singh": "6eb146d2",
        "Ishan Kishan": "752f7486",
        "JP Faulkner": "808f425a",
        "KC Cariappa": "edb3d4f8",
        "KD Karthik": "c03f1114",
        "M Nayyar": "b7bccddb",
        "M Vijay": "4b57e452",
        "MM Sharma": "759ac88f",
        "MP Stoinis": "d9273ee7",
        "P Kumar": "e938e1bc",
        "RA Jadeja": "fe93fd9d",
        "S Kaushik": "1da489ff",
        "SE Marsh": "508a1ea7",
        "SK Raina": "1dc12ab9",
        "Sandeep Sharma": "ce820073",
        "VK Sharma": "a7a49df4",
        "WP Saha": "fe11caa6",
        "YC Barde": "b90f3346"
      }
    },
    "season": 2016,
    "team_type": "club",
    "teams": [
      "Gujarat Lions",
      "Kings XI Punjab"
    ],
    "toss": {
      "decision": "field",
      "winner": "Gujarat Lions"
    },
    "venue": "Saurashtra Cricket Association Stadium"
  },
  "innings": [
    {
      "team": "Kings XI Punjab",
      "overs": [
        {
          "over": 0,
          "deliveries": [
            {
              "batter": "M Vijay",
              "bowler": "P Kumar",
              "non_striker": "MP Stoinis",
              "runs": {
                "batter": 0,
                "extras": 0,
                "total": 0
              }
            },
            {
              "batter": "M Vijay",
              "bowler": "P Kumar",
              "non_striker": "MP Stoinis",
              "runs": {
                "batter": 0,
                "extras": 0,
                "total": 0
              }
            },
            {
              "batter": "M Vijay",
              "bowler": "P Kumar",
              "non_striker": "MP Stoinis",
              "runs": {
                "batter": 4,
                "extras": 0,
                "total": 4
              }
            },
            {
              "batter": "M Vijay",
              "bowler": "P Kumar",
              "non_striker": "MP Stoinis",
              "runs": {
                "batter": 2,
                "extras": 0,
                "total": 2
              }
            },
            {
              "batter": "M Vijay",
              "bowler": "P Kumar",
              "non_striker": "MP Stoinis",
              "runs": {
                "batter": 3,
                "extras": 0,
                "total": 3
              }
            },
            {
              "batter": "MP Stoinis",
              "bowler": "P Kumar",
              "non_striker": "M Vijay",
              "runs": {
                "batter": 0,
                "extras": 0,
                "total": 0
              }
            }
          ]
        },
        {
          "over": 1,
          "deliveries": [
            {
              "batter": "M Vijay",
              "bowler": "DS Kulkarni",
              "non_striker": "MP Stoinis",
              "runs": {
                "batter": 1,
                "extras": 0,
                "total": 1
              }
            },
            {
              "batter": "MP Stoinis",
              "bowler": "DS Kulkarni",
              "non_striker": "M Vijay",
              "runs": {
                "batter": 0,
                "extras": 0,
                "total": 0
              }
            },
            {
              "batter": "MP Stoinis",
              "bowler": "DS Kulkarni",
              "non_striker": "M Vijay",
              "runs": {
                "batter": 1,
                "extras": 0,
                "total": 1
              }
            },
            {
              "batter": "M Vijay",
              "bowler": "DS Kulkarni",
              "non_striker": "MP Stoinis",
              "runs": {
                "batter": 0,
                "extras": 0,
                "total": 0
              }
            },
            {
              "batter": "M Vijay",
              "bowler": "DS Kulkarni",
              "non_striker": "MP Stoinis",
              "runs": {
                "batter": 0,
                "extras": 0,
                "total": 0
              }
            },
            {
              "batter": "M Vijay",
              "bowler": "DS Kulkarni",
              "non_striker": "MP Stoinis",
              "runs": {
                "batter": 2,
                "extras": 0,
                "total": 2
              }
            }
          ]
        },
        {
          "over": 2,
          "deliveries": [
            {
              "batter": "MP Stoinis",
              "bowler": "P Kumar",
              "non_striker": "M Vijay",
              "runs": {
                "batter": 1,
                "extras": 0,
                "total": 1
              }
            },
            {
              "batter": "M Vijay",
              "bowler": "P Kumar",
              "non_striker": "MP Stoinis",
              "runs": {
                "batter": 0,
                "extras": 0,
                "total": 0
              }
            },
            {
              "batter": "M Vijay",
              "bowler": "P Kumar",
              "non_striker": "MP Stoinis",
              "runs": {
                "batter": 4,
                "extras": 0,
                "total": 4
              }
            },
            {
              "batter": "M Vijay",
              "bowler": "P Kumar",
              "non_striker": "MP Stoinis",
              "runs": {
                "batter": 0,
                "extras": 0,
                "total": 0
              }
            },
            {
              "batter": "M Vijay",
              "bowler": "P Kumar",
              "non_striker": "MP Stoinis",
              "runs": {
                "batter": 4,
                "extras": 0,
                "total": 4
              }
            },
            {
              "batter": "M Vijay",
              "bowler": "P Kumar",
              "non_striker": "MP Stoinis",
              "runs": {
                "batter": 4,
                "extras": 0,
                "total": 4
              }
            }
          ]
        },
        {
          "over": 3,
          "deliveries": [
            {
              "batter": "MP Stoinis",
              "bowler": "DS Kulkarni",
              "non_striker": "M Vijay",
              "runs": {
                "batter": 0,
                "extras": 0,
                "total": 0
              }
            },
            {
              "batter": "MP Stoinis",
              "bowler": "DS Kulkarni",
              "non_striker": "M Vijay",
              "runs": {
                "batter": 1,
                "extras": 0,
                "total": 1
              }
            },
            {
              "batter": "M Vijay",
              "bowler": "DS Kulkarni",
              "non_striker": "MP Stoinis",
              "runs": {
                "batter": 4,
                "extras": 0,
                "total": 4
              }
            },
            {
              "batter": "M Vijay",
              "bowler": "DS Kulkarni",
              "non_striker": "MP Stoinis",
              "runs": {
                "batter": 2,
                "extras": 0,
                "total": 2
              }
            },
            {
              "batter": "M Vijay",
              "bowler": "DS Kulkarni",
              "non_striker": "MP Stoinis",
              "runs": {
                "batter": 1,
                "extras": 0,
                "total": 1
              }
            },
            {
              "batter": "MP Stoinis",
              "bowler": "DS Kulkarni",
              "non_striker": "M Vijay",
              "runs": {
                "batter": 0,
                "extras": 0,
                "total": 0
              }
            }
          ]
        },
        {
          "over": 4,
          "deliveries": [
            {
              "batter": "M Vijay",
              "bowler": "RA Jadeja",
              "non_striker": "MP Stoinis",
              "runs": {
                "batter": 1,
                "extras": 0,
                "total": 1
              }
            },
            {
              "batter": "MP Stoinis",
              "bowler": "RA Jadeja",
              "non_striker": "M Vijay",
              "runs": {
                "batter": 6,
                "extras": 0,
                "total": 6
              }
            },
            {
              "batter": "MP Stoinis",
              "bowler": "RA Jadeja",
              "non_striker": "M Vijay",
              "runs": {
                "batter": 2,
                "extras": 0,
                "total": 2
              }
            },
            {
              "batter": "MP Stoinis",
              "bowler": "RA Jadeja",
              "non_striker": "M Vijay",
              "runs": {
                "batter": 2,
                "extras": 0,
                "total": 2
              }
            },
            {
              "batter": "MP Stoinis",
              "bowler": "RA Jadeja",
              "extras": {
                "wides": 1
              },
              "non_striker": "M Vijay",
              "runs": {
                "batter": 0,
                "extras": 1,
                "total": 1
              }
            },
            {
              "batter": "MP Stoinis",
              "bowler": "RA Jadeja",
              "extras": {
                "wides": 1
              },
              "non_striker": "M Vijay",
              "runs": {
                "batter": 0,
                "extras": 1,
                "total": 1
              }
            },
            {
              "batter": "MP Stoinis",
              "bowler": "RA Jadeja",
              "non_striker": "M Vijay",
              "runs": {
                "batter": 0,
                "extras": 0,
                "total": 0
              }
            },
            {
              "batter": "MP Stoinis",
              "bowler": "RA Jadeja",
              "non_striker": "M Vijay",
              "runs": {
                "batter": 4,
                "extras": 0,
                "total": 4
              }
            }
          ]
        },
        {
          "over": 5,
          "deliveries": [
            {
              "batter": "M Vijay",
              "bowler": "DS Kulkarni",
              "non_striker": "MP Stoinis",
              "runs": {
                "batter": 0,
                "extras": 0,
                "total": 0
              }
            },
            {
              "batter": "M Vijay",
              "bowler": "DS Kulkarni",
              "non_striker": "MP Stoinis",
              "runs": {
                "batter": 1,
                "extras": 0,
                "total": 1
              }
            },
            {
              "batter": "MP Stoinis",
              "bowler": "DS Kulkarni",
              "non_striker": "M Vijay",
              "runs": {
                "batter": 4,
                "extras": 0,
                "total": 4
              }
            },
            {
              "batter": "MP Stoinis",
              "bowler": "DS Kulkarni",
              "non_striker": "M Vijay",
              "runs": {
                "batter": 1,
                "extras": 0,
                "total": 1
              }
            },
            {
              "batter": "M Vijay",
              "bowler": "DS Kulkarni",
              "non_striker": "MP Stoinis",
              "runs": {
                "batter": 0,
                "extras": 0,
                "total": 0
              }
            },
            {
              "batter": "M Vijay",
              "bowler": "DS Kulkarni",
              "non_striker": "MP Stoinis",
              "runs": {
                "batter": 2,
                "extras": 0,
                "total": 2
              }
            }
          ]
        },
        {
          "over": 6,
          "deliveries": [
            {
              "batter": "MP Stoinis",
              "bowler": "RA Jadeja",
              "non_striker": "M Vijay",
              "runs": {
                "batter": 4,
                "extras": 0,
                "total": 4
              }
            },
            {
              "batter": "MP Stoinis",
              "bowler": "RA Jadeja",
              "non_striker": "M Vijay",
              "runs": {
                "batter": 1,
                "extras": 0,
                "total": 1
              }
            },
            {
              "batter": "M Vijay",
              "bowler": "RA Jadeja",
              "non_striker": "MP Stoinis",
              "runs": {
                "batter": 1,
                "extras": 0,
                "total": 1
              }
            },
            {
              "batter": "MP Stoinis",
              "bowler": "RA Jadeja",
              "non_striker": "M Vijay",
              "runs": {
                "batter": 0,
                "extras": 0,
                "total": 0
              },
              "wickets": [
                {
                  "kind": "stumped",
                  "player_out": "MP Stoinis",
                  "fielders": [
                    {
                      "name": "KD Karthik"
                    }
                  ]
                }
              ]
            },
            {
              "batter": "SE Marsh",
              "bowler": "RA Jadeja",
              "extras": {
                "legbyes": 1
              },
              "non_striker": "M Vijay",
              "runs": {
                "batter": 0,
                "extras": 1,
                "total": 1
              }
            },
            {
              "batter": "M Vijay",
              "bowler": "RA Jadeja",
              "non_striker": "SE Marsh",
              "runs": {
                "batter": 1,
                "extras": 0,
                "total": 1
              }
            }
          ]
        },
        {
          "over": 7,
          "deliveries": [
            {
              "batter": "M Vijay",
              "bowler": "S Kaushik",
              "non_striker": "SE Marsh",
              "runs": {
                "batter": 0,
                "extras": 0,
                "total": 0
              }
            },
            {
              "batter": "M Vijay",
              "bowler": "S Kaushik",
              "non_striker": "SE Marsh",
              "runs": {
                "batter": 1,
                "extras": 0,
                "total": 1
              }
            },
            {
              "batter": "SE Marsh",
              "bowler": "S Kaushik",
              "non_striker": "M Vijay",
              "runs": {
                "batter": 1,
                "extras": 0,
                "total": 1
              }
            },
            {
              "batter": "M Vijay",
              "bowler": "S Kaushik",
              "non_striker": "SE Marsh",
              "runs": {
                "batter": 1,
                "extras": 0,
                "total": 1
              }
            },
            {
              "batter": "SE Marsh",
              "bowler": "S Kaushik",
              "non_striker": "M Vijay",
              "runs": {
                "batter": 0,
                "extras": 0,
                "total": 0
              },
              "wickets": [
                {
                  "kind": "caught",
                  "player_out": "SE Marsh",
                  "fielders": [
                    {
                      "name": "SK Raina"
                    }
                  ]
                }
              ]
            },
            {
              "batter": "GJ Maxwell",
              "bowler": "S Kaushik",
              "non_striker": "M Vijay",
              "runs": {
                "batter": 0,
                "extras": 0,
                "total": 0
              },
              "wickets": [
                {
                  "kind": "caught",
                  "player_out": "GJ Maxwell",
                  "fielders": [
                    {
                      "name": "KD Karthik"
                    }
                  ]
                }
              ]
            }
          ]
        },
        {
          "over": 8,
          "deliveries": [
            {
              "batter": "M Vijay",
              "bowler": "RA Jadeja",
              "non_striker": "Gurkeerat Singh",
              "runs": {
                "batter": 2,
                "extras": 0,
                "total": 2
              }
            },
            {
              "batter": "M Vijay",
              "bowler": "RA Jadeja",
              "non_striker": "Gurkeerat Singh",
              "runs": {
                "batter": 1,
                "extras": 0,
                "total": 1
              }
            },
            {
              "batter": "Gurkeerat Singh",
              "bowler": "RA Jadeja",
              "non_striker": "M Vijay",
              "runs": {
                "batter": 0,
                "extras": 0,
                "total": 0
              }
            },
            {
              "batter": "Gurkeerat Singh",
              "bowler": "RA Jadeja",
              "non_striker": "M Vijay",
              "runs": {
                "batter": 0,
                "extras": 0,
                "total": 0
              }
            },
            {
              "batter": "Gurkeerat Singh",
              "bowler": "RA Jadeja",
              "non_striker": "M Vijay",
              "runs": {
                "batter": 0,
                "extras": 0,
                "total": 0
              },
              "wickets": [
                {
                  "kind": "run out",
                  "player_out": "Gurkeerat Singh",
                  "fielders": [
                    {
                      "name": "JP Faulkner"
                    },
                    {
                      "name": "KD Karthik"
                    }
                  ]
                }
              ]
            },
            {
              "batter": "DA Miller",
              "bowler": "RA Jadeja",
              "non_striker": "M Vijay",
              "runs": {
                "batter": 1,
                "extras": 0,
                "total": 1
              }
            }
          ]
        },
        {
          "over": 9,
          "deliveries": [
            {
              "batter": "DA Miller",
              "bowler": "S Kaushik",
              "non_striker": "M Vijay",
              "runs": {
                "batter": 0,
                "extras": 0,
                "total": 0
              }
            },
            {
              "batter": "DA Miller",
              "bowler": "S Kaushik",
              "non_striker": "M Vijay",
              "runs": {
                "batter": 1,
                "extras": 0,
                "total": 1
              }
            },
            {
              "batter": "M Vijay",
              "bowler": "S Kaushik",
              "non_striker": "DA Miller",
              "runs": {
                "batter": 1,
                "extras": 0,
                "total": 1
              }
            },
            {
              "batter": "DA Miller",
              "bowler": "S Kaushik",
              "non_striker": "M Vijay",
              "runs": {
                "batter": 0,
                "extras": 0,
                "total": 0
              }
            },
            {
              "batter": "DA Miller",
              "bowler": "S Kaushik",
              "non_striker": "M Vijay",
              "runs": {
                "batter": 1,
                "extras": 0,
                "total": 1
              }
            },
            {
              "batter": "M Vijay",
              "bowler": "S Kaushik",
              "non_striker": "DA Miller",
              "runs": {
                "batter": 1,
                "extras": 0,
                "total": 1
              }
            }
          ]
        },
        {
          "over": 10,
          "deliveries": [
            {
              "batter": "M Vijay",
              "bowler": "DJ Bravo",
              "non_striker": "DA Miller",
              "runs": {
                "batter": 1,
                "extras": 0,
                "total": 1
              }
            },
            {
              "batter": "DA Miller",
              "bowler": "DJ Bravo",
              "non_striker": "M Vijay",
              "runs": {
                "batter": 0,
                "extras": 0,
                "total": 0
              }
            },
            {
              "batter": "DA Miller",
              "bowler": "DJ Bravo",
              "non_striker": "M Vijay",
              "runs": {
                "batter": 1,
                "extras": 0,
                "total": 1
              }
            },
            {
              "batter": "M Vijay",
              "bowler": "DJ Bravo",
              "non_striker": "DA Miller",
              "runs": {
                "batter": 1,
                "extras": 0,
                "total": 1
              }
            },
            {
              "batter": "DA Miller",
              "bowler": "DJ Bravo",
              "non_striker": "M Vijay",
              "runs": {
                "batter": 4,
                "extras": 0,
                "total": 4
              }
            },
            {
              "batter": "DA Miller",
              "bowler": "DJ Bravo",
              "non_striker": "M Vijay",
              "runs": {
                "batter": 1,
                "extras": 0,
                "total": 1
              }
            }
          ]
        },
        {
          "over": 11,
          "deliveries": [
            {
              "batter": "DA Miller",
              "bowler": "S Kaushik",
              "non_striker": "M Vijay",
              "runs": {
                "batter": 1,
                "extras": 0,
                "total": 1
              }
            },
            {
              "batter": "M Vijay",
              "bowler": "S Kaushik",
              "extras": {
                "wides": 1
              },
              "non_striker": "DA Miller",
              "runs": {
                "batter": 0,
                "extras": 1,
                "total": 1
              }
            },
            {
              "batter": "M Vijay",
              "bowler": "S Kaushik",
              "non_striker": "DA Miller",
              "runs": {
                "batter": 0,
                "extras": 0,
                "total": 0
              }
            },
            {
              "batter": "M Vijay",
              "bowler": "S Kaushik",
              "non_striker": "DA Miller",
              "runs": {
                "batter": 1,
                "extras": 0,
                "total": 1
              }
            },
            {
              "batter": "DA Miller",
              "bowler": "S Kaushik",
              "non_striker": "M Vijay",
              "runs": {
                "batter": 0,
                "extras": 0,
                "total": 0
              }
            },
            {
              "batter": "DA Miller",
              "bowler": "S Kaushik",
              "non_striker": "M Vijay",
              "runs": {
                "batter": 1,
                "extras": 0,
                "total": 1
              }
            },
            {
              "batter": "M Vijay",
              "bowler": "S Kaushik",
              "non_striker": "DA Miller",
              "runs": {
                "batter": 4,
                "extras": 0,
                "total": 4
              }
            }
          ]
        },
        {
          "over": 12,
          "deliveries": [
            {
              "batter": "DA Miller",
              "bowler": "JP Faulkner",
              "non_striker": "M Vijay",
              "runs": {
                "batter": 1,
                "extras": 0,
                "total": 1
              }
            },
            {
              "batter": "M Vijay",
              "bowler": "JP Faulkner",
              "non_striker": "DA Miller",
              "runs": {
                "batter": 2,
                "extras": 0,
                "total": 2
              }
            },
            {
              "batter": "M Vijay",
              "bowler": "JP Faulkner",
              "non_striker": "DA Miller",
              "runs": {
                "batter": 0,
                "extras": 0,
                "total": 0
              }
            },
            {
              "batter": "M Vijay",
              "bowler": "JP Faulkner",
              "non_striker": "DA Miller",
              "runs": {
                "batter": 1,
                "extras": 0,
                "total": 1
              }
            },
            {
              "batter": "DA Miller",
              "bowler": "JP Faulkner",
              "non_striker": "M Vijay",
              "runs": {
                "batter": 1,
                "extras": 0,
                "total": 1
              }
            },
            {
              "batter": "M Vijay",
              "bowler": "JP Faulkner",
              "non_striker": "DA Miller",
              "runs": {
                "batter": 1,
                "extras": 0,
                "total": 1
              }
            }
          ]
        },
        {
          "over": 13,
          "deliveries": [
            {
              "batter": "M Vijay",
              "bowler": "S Kaushik",
              "non_striker": "DA Miller",
              "runs": {
                "batter": 0,
                "extras": 0,
                "total": 0
              },
              "wickets": [
                {
                  "kind": "caught",
                  "player_out": "M Vijay",
                  "fielders": [
                    {
                      "name": "DJ Bravo"
                    }
                  ]
                }
              ]
            },
            {
              "batter": "WP Saha",
              "bowler": "S Kaushik",
              "non_striker": "DA Miller",
              "runs": {
                "batter": 1,
                "extras": 0,
                "total": 1
              }
            },
            {
              "batter": "DA Miller",
              "bowler": "S Kaushik",
              "non_striker": "WP Saha",
              "runs": {
                "batter": 2,
                "extras": 0,
                "total": 2
              }
            },
            {
              "batter": "DA Miller",
              "bowler": "S Kaushik",
              "non_striker": "WP Saha",
              "runs": {
                "batter": 0,
                "extras": 0,
                "total": 0
              }
            },
            {
              "batter": "DA Miller",
              "bowler": "S Kaushik",
              "non_striker": "WP Saha",
              "runs": {
                "batter": 0,
                "extras": 0,
                "total": 0
              }
            },
            {
              "batter": "DA Miller",
              "bowler": "S Kaushik",
              "non_striker": "WP Saha",
              "runs": {
                "batter": 2,
                "extras": 0,
                "total": 2
              }
            }
          ]
        },
        {
          "over": 14,
          "deliveries": [
            {
              "batter": "WP Saha",
              "bowler": "DJ Bravo",
              "non_striker": "DA Miller",
              "runs": {
                "batter": 1,
                "extras": 0,
                "total": 1
              }
            },
            {
              "batter": "DA Miller",
              "bowler": "DJ Bravo",
              "non_striker": "WP Saha",
              "runs": {
                "batter": 1,
                "extras": 0,
                "total": 1
              }
            },
            {
              "batter": "WP Saha",
              "bowler": "DJ Bravo",
              "non_striker": "DA Miller",
              "runs": {
                "batter": 0,
                "extras": 0,
                "total": 0
              }
            },
            {
              "batter": "WP Saha",
              "bowler": "DJ Bravo",
              "non_striker": "DA Miller",
              "runs": {
                "batter": 1,
                "extras": 0,
                "total": 1
              }
            },
            {
              "batter": "DA Miller",
              "bowler": "DJ Bravo",
              "non_striker": "WP Saha",
              "runs": {
                "batter": 1,
                "extras": 0,
                "total": 1
              }
            },
            {
              "batter": "WP Saha",
              "bowler": "DJ Bravo",
              "non_striker": "DA Miller",
              "runs": {
                "batter": 1,
                "extras": 0,
                "total": 1
              }
            }
          ]
        },
        {
          "over": 15,
          "deliveries": [
            {
              "batter": "WP Saha",
              "bowler": "JP Faulkner",
              "non_striker": "DA Miller",
              "runs": {
                "batter": 1,
                "extras": 0,
                "total": 1
              }
            },
            {
              "batter": "DA Miller",
              "bowler": "JP Faulkner",
              "non_striker": "WP Saha",
              "runs": {
                "batter": 4,
                "extras": 0,
                "total": 4
              }
            },
            {
              "batter": "DA Miller",
              "bowler": "JP Faulkner",
              "non_striker": "WP Saha",
              "runs": {
                "batter": 1,
                "extras": 0,
                "total": 1
              }
            },
            {
              "batter": "WP Saha",
              "bowler": "JP Faulkner",
              "non_striker": "DA Miller",
              "runs": {
                "batter": 4,
                "extras": 0,
                "total": 4
              }
            },
            {
              "batter": "WP Saha",
              "bowler": "JP Faulkner",
              "non_striker": "DA Miller",
              "runs": {
                "batter": 1,
                "extras": 0,
                "total": 1
              }
            },
            {
              "batter": "DA Miller",
              "bowler": "JP Faulkner",
              "non_striker": "WP Saha",
              "runs": {
                "batter": 2,
                "extras": 0,
                "total": 2
              }
            }
          ]
        },
        {
          "over": 16,
          "deliveries": [
            {
              "batter": "WP Saha",
              "bowler": "DJ Bravo",
              "non_striker": "DA Miller",
              "runs": {
                "batter": 4,
                "extras": 0,
                "total": 4
              }
            },
            {
              "batter": "WP Saha",
              "bowler": "DJ Bravo",
              "non_striker": "DA Miller",
              "runs": {
                "batter": 1,
                "extras": 0,
                "total": 1
              }
            },
            {
              "batter": "DA Miller",
              "bowler": "DJ Bravo",
              "non_striker": "WP Saha",
              "runs": {
                "batter": 2,
                "extras": 0,
                "total": 2
              }
            },
            {
              "batter": "DA Miller",
              "bowler": "DJ Bravo",
              "non_striker": "WP Saha",
              "runs": {
                "batter": 1,
                "extras": 0,
                "total": 1
              }
            },
            {
              "batter": "WP Saha",
              "bowler": "DJ Bravo",
              "non_striker": "DA Miller",
              "runs": {
                "batter": 4,
                "extras": 0,
                "total": 4
              }
            },
            {
              "batter": "WP Saha",
              "bowler": "DJ Bravo",
              "non_striker": "DA Miller",
              "runs": {
                "batter": 2,
                "extras": 0,
                "total": 2
              }
            }
          ]
        },
        {
          "over": 17,
          "deliveries": [
            {
              "batter": "DA Miller",
              "bowler": "DS Kulkarni",
              "non_striker": "WP Saha",
              "runs": {
                "batter": 2,
                "extras": 0,
                "total": 2
              }
            },
            {
              "batter": "DA Miller",
              "bowler": "DS Kulkarni",
              "non_striker": "WP Saha",
              "runs": {
                "batter": 0,
                "extras": 0,
                "total": 0
              },
              "wickets": [
                {
                  "kind": "caught",
                  "player_out": "DA Miller",
                  "fielders": [
                    {
                      "name": "DR Smith"
                    }
                  ]
                }
              ]
            },
            {
              "batter": "WP Saha",
              "bowler": "DS Kulkarni",
              "non_striker": "AR Patel",
              "runs": {
                "batter": 0,
                "extras": 0,
                "total": 0
              }
            },
            {
              "batter": "WP Saha",
              "bowler": "DS Kulkarni",
              "non_striker": "AR Patel",
              "runs": {
                "batter": 2,
                "extras": 0,
                "total": 2
              }
            },
            {
              "batter": "WP Saha",
              "bowler": "DS Kulkarni",
              "non_striker": "AR Patel",
              "runs": {
                "batter": 2,
                "extras": 0,
                "total": 2
              }
            },
            {
              "batter": "WP Saha",
              "bowler": "DS Kulkarni",
              "non_striker": "AR Patel",
              "runs": {
                "batter": 2,
                "extras": 0,
                "total": 2
              }
            }
          ]
        },
        {
          "over": 18,
          "deliveries": [
            {
              "batter": "AR Patel",
              "bowler": "DJ Bravo",
              "non_striker": "WP Saha",
              "runs": {
                "batter": 0,
                "extras": 0,
                "total": 0
              }
            },
            {
              "batter": "AR Patel",
              "bowler": "DJ Bravo",
              "non_striker": "WP Saha",
              "runs": {
                "batter": 0,
                "extras": 0,
                "total": 0
              },
              "wickets": [
                {
                  "kind": "caught",
                  "player_out": "AR Patel",
                  "fielders": [
                    {
                      "name": "Ishan Kishan"
                    }
                  ]
                }
              ]
            },
            {
              "batter": "WP Saha",
              "bowler": "DJ Bravo",
              "non_striker": "MM Sharma",
              "runs": {
                "batter": 4,
                "extras": 0,
                "total": 4
              }
            },
            {
              "batter": "WP Saha",
              "bowler": "DJ Bravo",
              "non_striker": "MM Sharma",
              "runs": {
                "batter": 2,
                "extras": 0,
                "total": 2
              }
            },
            {
              "batter": "WP Saha",
              "bowler": "DJ Bravo",
              "non_striker": "MM Sharma",
              "runs": {
                "batter": 0,
                "extras": 0,
                "total": 0
              },
              "wickets": [
                {
                  "kind": "bowled",
                  "player_out": "WP Saha"
                }
              ]
            },
            {
              "batter": "KC Cariappa",
              "bowler": "DJ Bravo",
              "non_striker": "MM Sharma",
              "runs": {
                "batter": 0,
                "extras": 0,
                "total": 0
              }
            }
          ]
        },
        {
          "over": 19,
          "deliveries": [
            {
              "batter": "MM Sharma",
              "bowler": "P Kumar",
              "non_striker": "KC Cariappa",
              "runs": {
                "batter": 1,
                "extras": 0,
                "total": 1
              }
            },
            {
              "batter": "KC Cariappa",
              "bowler": "P Kumar",
              "non_striker": "MM Sharma",
              "runs": {
                "batter": 1,
                "extras": 0,
                "total": 1
              }
            },
            {
              "batter": "MM Sharma",
              "bowler": "P Kumar",
              "non_striker": "KC Cariappa",
              "runs": {
                "batter": 0,
                "extras": 0,
                "total": 0
              },
              "wickets": [
                {
                  "kind": "bowled",
                  "player_out": "MM Sharma"
                }
              ]
            },
            {
              "batter": "Sandeep Sharma",
              "bowler": "P Kumar",
              "non_striker": "KC Cariappa",
              "runs": {
                "batter": 1,
                "extras": 0,
                "total": 1
              }
            },
            {
              "batter": "KC Cariappa",
              "bowler": "P Kumar",
              "non_striker": "Sandeep Sharma",
              "runs": {
                "batter": 0,
                "extras": 0,
                "total": 0
              },
              "wickets": [
                {
                  "kind": "bowled",
                  "player_out": "KC Cariappa"
                }
              ]
            }
          ]
        }
      ],
      "powerplays": [
        {
          "from": 0.1,
          "to": 5.6,
          "type": "mandatory"
        }
      ]
    },
    {
      "team": "Gujarat Lions",
      "overs": [
        {
          "over": 0,
          "deliveries": [
            {
              "batter": "DR Smith",
              "bowler": "Sandeep Sharma",
              "extras": {
                "wides": 1
              },
              "non_striker": "BB McCullum",
              "runs": {
                "batter": 0,
                "extras": 1,
                "total": 1
              }
            },
            {
              "batter": "DR Smith",
              "bowler": "Sandeep Sharma",
              "non_striker": "BB McCullum",
              "runs": {
                "batter": 0,
                "extras": 0,
                "total": 0
              }
            },
            {
              "batter": "DR Smith",
              "bowler": "Sandeep Sharma",
              "non_striker": "BB McCullum",
              "runs": {
                "batter": 4,
                "extras": 0,
                "total": 4
              }
            },
            {
              "batter": "DR Smith",
              "bowler": "Sandeep Sharma",
              "non_striker": "BB McCullum",
              "runs": {
                "batter": 0,
                "extras": 0,
                "total": 0
              }
            },
            {
              "batter": "DR Smith",
              "bowler": "Sandeep Sharma",
              "non_striker": "BB McCullum",
              "runs": {
                "batter": 0,
                "extras": 0,
                "total": 0
              }
            },
            {
              "batter": "DR Smith",
              "bowler": "Sandeep Sharma",
              "non_striker": "BB McCullum",
              "runs": {
                "batter": 0,
                "extras": 0,
                "total": 0
              }
            },
            {
              "batter": "DR Smith",
              "bowler": "Sandeep Sharma",
              "non_striker": "BB McCullum",
              "runs": {
                "batter": 6,
                "extras": 0,
                "total": 6
              }
            }
          ]
        },
        {
          "over": 1,
          "deliveries": [
            {
              "batter": "BB McCullum",
              "bowler": "MM Sharma",
              "non_striker": "DR Smith",
              "runs": {
                "batter": 1,
                "extras": 0,
                "total": 1
              }
            },
            {
              "batter": "DR Smith",
              "bowler": "MM Sharma",
              "non_striker": "BB McCullum",
              "runs": {
                "batter": 1,
                "extras": 0,
                "total": 1
              }
            },
            {
              "batter": "BB McCullum",
              "bowler": "MM Sharma",
              "non_striker": "DR Smith",
              "runs": {
                "batter": 0,
                "extras": 0,
                "total": 0
              }
            },
            {
              "batter": "BB McCullum",
              "bowler": "MM Sharma",
              "non_striker": "DR Smith",
              "runs": {
                "batter": 0,
                "extras": 0,
                "total": 0
              },
              "wickets": [
                {
                  "kind": "bowled",
                  "player_out": "BB McCullum"
                }
              ]
            },
            {
              "batter": "SK Raina",
              "bowler": "MM Sharma",
              "non_striker": "DR Smith",
              "runs": {
                "batter": 1,
                "extras": 0,
                "total": 1
              }
            },
            {
              "batter": "DR Smith",
              "bowler": "MM Sharma",
              "non_striker": "SK Raina",
              "runs": {
                "batter": 0,
                "extras": 0,
                "total": 0
              }
            }
          ]
        },
        {
          "over": 2,
          "deliveries": [
            {
              "batter": "SK Raina",
              "bowler": "MP Stoinis",
              "non_striker": "DR Smith",
              "runs": {
                "batter": 0,
                "extras": 0,
                "total": 0
              }
            },
            {
              "batter": "SK Raina",
              "bowler": "MP Stoinis",
              "non_striker": "DR Smith",
              "runs": {
                "batter": 0,
                "extras": 0,
                "total": 0
              }
            },
            {
              "batter": "SK Raina",
              "bowler": "MP Stoinis",
              "non_striker": "DR Smith",
              "runs": {
                "batter": 0,
                "extras": 0,
                "total": 0
              }
            },
            {
              "batter": "SK Raina",
              "bowler": "MP Stoinis",
              "non_striker": "DR Smith",
              "runs": {
                "batter": 4,
                "extras": 0,
                "total": 4
              }
            },
            {
              "batter": "SK Raina",
              "bowler": "MP Stoinis",
              "non_striker": "DR Smith",
              "runs": {
                "batter": 0,
                "extras": 0,
                "total": 0
              }
            },
            {
              "batter": "SK Raina",
              "bowler": "MP Stoinis",
              "non_striker": "DR Smith",
              "runs": {
                "batter": 0,
                "extras": 0,
                "total": 0
              }
            }
          ]
        },
        {
          "over": 3,
          "deliveries": [
            {
              "batter": "DR Smith",
              "bowler": "AR Patel",
              "non_striker": "SK Raina",
              "runs": {
                "batter": 1,
                "extras": 0,
                "total": 1
              }
            },
            {
              "batter": "SK Raina",
              "bowler": "AR Patel",
              "non_striker": "DR Smith",
              "runs": {
                "batter": 0,
                "extras": 0,
                "total": 0
              }
            },
            {
              "batter": "SK Raina",
              "bowler": "AR Patel",
              "non_striker": "DR Smith",
              "runs": {
                "batter": 4,
                "extras": 0,
                "total": 4
              }
            },
            {
              "batter": "SK Raina",
              "bowler": "AR Patel",
              "non_striker": "DR Smith",
              "runs": {
                "batter": 0,
                "extras": 0,
                "total": 0
              }
            },
            {
              "batter": "SK Raina",
              "bowler": "AR Patel",
              "non_striker": "DR Smith",
              "runs": {
                "batter": 1,
                "extras": 0,
                "total": 1
              }
            },
            {
              "batter": "DR Smith",
              "bowler": "AR Patel",
              "non_striker": "SK Raina",
              "runs": {
                "batter": 0,
                "extras": 0,
                "total": 0
              }
            }
          ]
        },
        {
          "over": 4,
          "deliveries": [
            {
              "batter": "SK Raina",
              "bowler": "MM Sharma",
              "non_striker": "DR Smith",
              "runs": {
                "batter": 1,
                "extras": 0,
                "total": 1
              }
            },
            {
              "batter": "DR Smith",
              "bowler": "MM Sharma",
              "non_striker": "SK Raina",
              "runs": {
                "batter": 1,
                "extras": 0,
                "total": 1
              }
            },
            {
              "batter": "SK Raina",
              "bowler": "MM Sharma",
              "non_striker": "DR Smith",
              "runs": {
                "batter": 6,
                "extras": 0,
                "total": 6
              }
            },
            {
              "batter": "SK Raina",
              "bowler": "MM Sharma",
              "non_striker": "DR Smith",
              "runs": {
                "batter": 1,
                "extras": 0,
                "total": 1
              }
            },
            {
              "batter": "DR Smith",
              "bowler": "MM Sharma",
              "non_striker": "SK Raina",
              "runs": {
                "batter": 1,
                "extras": 0,
                "total": 1
              }
            },
            {
              "batter": "SK Raina",
              "bowler": "MM Sharma",
              "non_striker": "DR Smith",
              "runs": {
                "batter": 0,
                "extras": 0,
                "total": 0
              },
              "wickets": [
                {
                  "kind": "bowled",
                  "player_out": "SK Raina"
                }
              ]
            }
          ]
        },
        {
          "over": 5,
          "deliveries": [
            {
              "batter": "DR Smith",
              "bowler": "KC Cariappa",
              "non_striker": "KD Karthik",
              "runs": {
                "batter": 0,
                "extras": 0,
                "total": 0
              }
            },
            {
              "batter": "DR Smith",
              "bowler": "KC Cariappa",
              "non_striker": "KD Karthik",
              "runs": {
                "batter": 0,
                "extras": 0,
                "total": 0
              }
            },
            {
              "batter": "DR Smith",
              "bowler": "KC Cariappa",
              "non_striker": "KD Karthik",
              "runs": {
                "batter": 1,
                "extras": 0,
                "total": 1
              }
            },
            {
              "batter": "KD Karthik",
              "bowler": "KC Cariappa",
              "non_striker": "DR Smith",
              "runs": {
                "batter": 0,
                "extras": 0,
                "total": 0
              }
            },
            {
              "batter": "KD Karthik",
              "bowler": "KC Cariappa",
              "non_striker": "DR Smith",
              "runs": {
                "batter": 1,
                "extras": 0,
                "total": 1
              }
            },
            {
              "batter": "DR Smith",
              "bowler": "KC Cariappa",
              "non_striker": "KD Karthik",
              "runs": {
                "batter": 0,
                "extras": 0,
                "total": 0
              }
            }
          ]
        },
        {
          "over": 6,
          "deliveries": [
            {
              "batter": "KD Karthik",
              "bowler": "AR Patel",
              "extras": {
                "wides": 1
              },
              "non_striker": "DR Smith",
              "runs": {
                "batter": 0,
                "extras": 1,
                "total": 1
              }
            },
            {
              "batter": "KD Karthik",
              "bowler": "AR Patel",
              "non_striker": "DR Smith",
              "runs": {
                "batter": 1,
                "extras": 0,
                "total": 1
              }
            },
            {
              "batter": "DR Smith",
              "bowler": "AR Patel",
              "non_striker": "KD Karthik",
              "runs": {
                "batter": 0,
                "extras": 0,
                "total": 0
              }
            },
            {
              "batter": "DR Smith",
              "bowler": "AR Patel",
              "non_striker": "KD Karthik",
              "runs": {
                "batter": 0,
                "extras": 0,
                "total": 0
              },
              "wickets": [
                {
                  "kind": "caught",
                  "player_out": "DR Smith",
                  "fielders": [
                    {
                      "name": "Gurkeerat Singh"
                    }
                  ]
                }
              ]
            },
            {
              "batter": "RA Jadeja",
              "bowler": "AR Patel",
              "non_striker": "KD Karthik",
              "runs": {
                "batter": 1,
                "extras": 0,
                "total": 1
              }
            },
            {
              "batter": "KD Karthik",
              "bowler": "AR Patel",
              "non_striker": "RA Jadeja",
              "runs": {
                "batter": 0,
                "extras": 0,
                "total": 0
              },
              "wickets": [
                {
                  "kind": "bowled",
                  "player_out": "KD Karthik"
                }
              ]
            },
            {
              "batter": "DJ Bravo",
              "bowler": "AR Patel",
              "non_striker": "RA Jadeja",
              "runs": {
                "batter": 0,
                "extras": 0,
                "total": 0
              },
              "wickets": [
                {
                  "kind": "bowled",
                  "player_out": "DJ Bravo"
                }
              ]
            }
          ]
        },
        {
          "over": 7,
          "deliveries": [
            {
              "batter": "RA Jadeja",
              "bowler": "KC Cariappa",
              "non_striker": "Ishan Kishan",
              "runs": {
                "batter": 1,
                "extras": 0,
                "total": 1
              }
            },
            {
              "batter": "Ishan Kishan",
              "bowler": "KC Cariappa",
              "non_striker": "RA Jadeja",
              "runs": {
                "batter": 1,
                "extras": 0,
                "total": 1
              }
            },
            {
              "batter": "RA Jadeja",
              "bowler": "KC Cariappa",
              "non_striker": "Ishan Kishan",
              "runs": {
                "batter": 1,
                "extras": 0,
                "total": 1
              }
            },
            {
              "batter": "Ishan Kishan",
              "bowler": "KC Cariappa",
              "non_striker": "RA Jadeja",
              "runs": {
                "batter": 0,
                "extras": 0,
                "total": 0
              }
            },
            {
              "batter": "Ishan Kishan",
              "bowler": "KC Cariappa",
              "non_striker": "RA Jadeja",
              "runs": {
                "batter": 0,
                "extras": 0,
                "total": 0
              }
            },
            {
              "batter": "Ishan Kishan",
              "bowler": "KC Cariappa",
              "non_striker": "RA Jadeja",
              "runs": {
                "batter": 0,
                "extras": 0,
                "total": 0
              }
            }
          ]
        },
        {
          "over": 8,
          "deliveries": [
            {
              "batter": "RA Jadeja",
              "bowler": "Sandeep Sharma",
              "non_striker": "Ishan Kishan",
              "runs": {
                "batter": 0,
                "extras": 0,
                "total": 0
              }
            },
            {
              "batter": "RA Jadeja",
              "bowler": "Sandeep Sharma",
              "non_striker": "Ishan Kishan",
              "runs": {
                "batter": 1,
                "extras": 0,
                "total": 1
              }
            },
            {
              "batter": "Ishan Kishan",
              "bowler": "Sandeep Sharma",
              "non_striker": "RA Jadeja",
              "runs": {
                "batter": 4,
                "extras": 0,
                "total": 4
              }
            },
            {
              "batter": "Ishan Kishan",
              "bowler": "Sandeep Sharma",
              "non_striker": "RA Jadeja",
              "runs": {
                "batter": 1,
                "extras": 0,
                "total": 1
              }
            },
            {
              "batter": "RA Jadeja",
              "bowler": "Sandeep Sharma",
              "non_striker": "Ishan Kishan",
              "runs": {
                "batter": 1,
                "extras": 0,
                "total": 1
              }
            },
            {
              "batter": "Ishan Kishan",
              "bowler": "Sandeep Sharma",
              "non_striker": "RA Jadeja",
              "runs": {
                "batter": 0,
                "extras": 0,
                "total": 0
              }
            }
          ]
        },
        {
          "over": 9,
          "deliveries": [
            {
              "batter": "RA Jadeja",
              "bowler": "Gurkeerat Singh",
              "extras": {
                "wides": 1
              },
              "non_striker": "Ishan Kishan",
              "runs": {
                "batter": 0,
                "extras": 1,
                "total": 1
              }
            },
            {
              "batter": "RA Jadeja",
              "bowler": "Gurkeerat Singh",
              "non_striker": "Ishan Kishan",
              "runs": {
                "batter": 2,
                "extras": 0,
                "total": 2
              }
            },
            {
              "batter": "RA Jadeja",
              "bowler": "Gurkeerat Singh",
              "non_striker": "Ishan Kishan",
              "runs": {
                "batter": 0,
                "extras": 0,
                "total": 0
              }
            },
            {
              "batter": "RA Jadeja",
              "bowler": "Gurkeerat Singh",
              "non_striker": "Ishan Kishan",
              "runs": {
                "batter": 1,
                "extras": 0,
                "total": 1
              }
            },
            {
              "batter": "Ishan Kishan",
              "bowler": "Gurkeerat Singh",
              "non_striker": "RA Jadeja",
              "runs": {
                "batter": 0,
                "extras": 0,
                "total": 0
              }
            },
            {
              "batter": "Ishan Kishan",
              "bowler": "Gurkeerat Singh",
              "non_striker": "RA Jadeja",
              "runs": {
                "batter": 1,
                "extras": 0,
                "total": 1
              }
            },
            {
              "batter": "RA Jadeja",
              "bowler": "Gurkeerat Singh",
              "non_striker": "Ishan Kishan",
              "runs": {
                "batter": 3,
                "extras": 0,
                "total": 3
              }
            }
          ]
        },
        {
          "over": 10,
          "deliveries": [
            {
              "batter": "RA Jadeja",
              "bowler": "AR Patel",
              "non_striker": "Ishan Kishan",
              "runs": {
                "batter": 0,
                "extras": 0,
                "total": 0
              },
              "wickets": [
                {
                  "kind": "caught",
                  "player_out": "RA Jadeja",
                  "fielders": [
                    {
                      "name": "WP Saha"
                    }
                  ]
                }
              ]
            },
            {
              "batter": "JP Faulkner",
              "bowler": "AR Patel",
              "non_striker": "Ishan Kishan",
              "runs": {
                "batter": 1,
                "extras": 0,
                "total": 1
              }
            },
            {
              "batter": "Ishan Kishan",
              "bowler": "AR Patel",
              "non_striker": "JP Faulkner",
              "runs": {
                "batter": 2,
                "extras": 0,
                "total": 2
              }
            },
            {
              "batter": "Ishan Kishan",
              "bowler": "AR Patel",
              "non_striker": "JP Faulkner",
              "runs": {
                "batter": 1,
                "extras": 0,
                "total": 1
              }
            },
            {
              "batter": "JP Faulkner",
              "bowler": "AR Patel",
              "non_striker": "Ishan Kishan",
              "runs": {
                "batter": 0,
                "extras": 0,
                "total": 0
              }
            },
            {
              "batter": "JP Faulkner",
              "bowler": "AR Patel",
              "non_striker": "Ishan Kishan",
              "runs": {
                "batter": 0,
                "extras": 0,
                "total": 0
              }
            }
          ]
        },
        {
          "over": 11,
          "deliveries": [
            {
              "batter": "Ishan Kishan",
              "bowler": "MP Stoinis",
              "non_striker": "JP Faulkner",
              "runs": {
                "batter": 1,
                "extras": 0,
                "total": 1
              }
            },
            {
              "batter": "JP Faulkner",
              "bowler": "MP Stoinis",
              "non_striker": "Ishan Kishan",
              "runs": {
                "batter": 0,
                "extras": 0,
                "total": 0
              }
            },
            {
              "batter": "JP Faulkner",
              "bowler": "MP Stoinis",
              "non_striker": "Ishan Kishan",
              "runs": {
                "batter": 1,
                "extras": 0,
                "total": 1
              }
            },
            {
              "batter": "Ishan Kishan",
              "bowler": "MP Stoinis",
              "non_striker": "JP Faulkner",
              "runs": {
                "batter": 0,
                "extras": 0,
                "total": 0
              }
            },
            {
              "batter": "Ishan Kishan",
              "bowler": "MP Stoinis",
              "non_striker": "JP Faulkner",
              "runs": {
                "batter": 0,
                "extras": 0,
                "total": 0
              }
            },
            {
              "batter": "Ishan Kishan",
              "bowler": "MP Stoinis",
              "non_striker": "JP Faulkner",
              "runs": {
                "batter": 1,
                "extras": 0,
                "total": 1
              }
            }
          ]
        },
        {
          "over": 12,
          "deliveries": [
            {
              "batter": "Ishan Kishan",
              "bowler": "KC Cariappa",
              "non_striker": "JP Faulkner",
              "runs": {
                "batter": 1,
                "extras": 0,
                "total": 1
              }
            },
            {
              "batter": "JP Faulkner",
              "bowler": "KC Cariappa",
              "non_striker": "Ishan Kishan",
              "runs": {
                "batter": 1,
                "extras": 0,
                "total": 1
              }
            },
            {
              "batter": "Ishan Kishan",
              "bowler": "KC Cariappa",
              "non_striker": "JP Faulkner",
              "runs": {
                "batter": 4,
                "extras": 0,
                "total": 4
              }
            },
            {
              "batter": "Ishan Kishan",
              "bowler": "KC Cariappa",
              "non_striker": "JP Faulkner",
              "runs": {
                "batter": 1,
                "extras": 0,
                "total": 1
              }
            },
            {
              "batter": "JP Faulkner",
              "bowler": "KC Cariappa",
              "non_striker": "Ishan Kishan",
              "runs": {
                "batter": 2,
                "extras": 0,
                "total": 2
              }
            },
            {
              "batter": "JP Faulkner",
              "bowler": "KC Cariappa",
              "non_striker": "Ishan Kishan",
              "runs": {
                "batter": 1,
                "extras": 0,
                "total": 1
              }
            }
          ]
        },
        {
          "over": 13,
          "deliveries": [
            {
              "batter": "JP Faulkner",
              "bowler": "AR Patel",
              "non_striker": "Ishan Kishan",
              "runs": {
                "batter": 0,
                "extras": 0,
                "total": 0
              }
            },
            {
              "batter": "JP Faulkner",
              "bowler": "AR Patel",
              "non_striker": "Ishan Kishan",
              "runs": {
                "batter": 1,
                "extras": 0,
                "total": 1
              }
            },
            {
              "batter": "Ishan Kishan",
              "bowler": "AR Patel",
              "non_striker": "JP Faulkner",
              "runs": {
                "batter": 4,
                "extras": 0,
                "total": 4
              }
            },
            {
              "batter": "Ishan Kishan",
              "bowler": "AR Patel",
              "non_striker": "JP Faulkner",
              "runs": {
                "batter": 2,
                "extras": 0,
                "total": 2
              }
            },
            {
              "batter": "Ishan Kishan",
              "bowler": "AR Patel",
              "non_striker": "JP Faulkner",
              "runs": {
                "batter": 1,
                "extras": 0,
                "total": 1
              }
            },
            {
              "batter": "JP Faulkner",
              "bowler": "AR Patel",
              "non_striker": "Ishan Kishan",
              "runs": {
                "batter": 0,
                "extras": 0,
                "total": 0
              }
            }
          ]
        },
        {
          "over": 14,
          "deliveries": [
            {
              "batter": "Ishan Kishan",
              "bowler": "MP Stoinis",
              "non_striker": "JP Faulkner",
              "runs": {
                "batter": 1,
                "extras": 0,
                "total": 1
              }
            },
            {
              "batter": "JP Faulkner",
              "bowler": "MP Stoinis",
              "non_striker": "Ishan Kishan",
              "runs": {
                "batter": 1,
                "extras": 0,
                "total": 1
              }
            },
            {
              "batter": "Ishan Kishan",
              "bowler": "MP Stoinis",
              "non_striker": "JP Faulkner",
              "runs": {
                "batter": 1,
                "extras": 0,
                "total": 1
              }
            },
            {
              "batter": "JP Faulkner",
              "bowler": "MP Stoinis",
              "non_striker": "Ishan Kishan",
              "runs": {
                "batter": 1,
                "extras": 0,
                "total": 1
              }
            },
            {
              "batter": "Ishan Kishan",
              "bowler": "MP Stoinis",
              "non_striker": "JP Faulkner",
              "runs": {
                "batter": 0,
                "extras": 0,
                "total": 0
              },
              "wickets": [
                {
                  "kind": "run out",
                  "player_out": "Ishan Kishan",
                  "fielders": [
                    {
                      "name": "GJ Maxwell"
                    },
                    {
                      "name": "MP Stoinis"
                    }
                  ]
                }
              ]
            },
            {
              "batter": "JP Faulkner",
              "bowler": "MP Stoinis",
              "non_striker": "P Kumar",
              "runs": {
                "batter": 1,
                "extras": 0,
                "total": 1
              }
            }
          ]
        },
        {
          "over": 15,
          "deliveries": [
            {
              "batter": "JP Faulkner",
              "bowler": "MM Sharma",
              "non_striker": "P Kumar",
              "runs": {
                "batter": 4,
                "extras": 0,
                "total": 4
              }
            },
            {
              "batter": "JP Faulkner",
              "bowler": "MM Sharma",
              "non_striker": "P Kumar",
              "runs": {
                "batter": 2,
                "extras": 0,
                "total": 2
              }
            },
            {
              "batter": "JP Faulkner",
              "bowler": "MM Sharma",
              "non_striker": "P Kumar",
              "runs": {
                "batter": 2,
                "extras": 0,
                "total": 2
              }
            },
            {
              "batter": "JP Faulkner",
              "bowler": "MM Sharma",
              "non_striker": "P Kumar",
              "runs": {
                "batter": 1,
                "extras": 0,
                "total": 1
              }
            },
            {
              "batter": "P Kumar",
              "bowler": "MM Sharma",
              "non_striker": "JP Faulkner",
              "runs": {
                "batter": 1,
                "extras": 0,
                "total": 1
              }
            },
            {
              "batter": "JP Faulkner",
              "bowler": "MM Sharma",
              "non_striker": "P Kumar",
              "runs": {
                "batter": 2,
                "extras": 0,
                "total": 2
              }
            }
          ]
        },
        {
          "over": 16,
          "deliveries": [
            {
              "batter": "P Kumar",
              "bowler": "Sandeep Sharma",
              "non_striker": "JP Faulkner",
              "runs": {
                "batter": 0,
                "extras": 0,
                "total": 0
              }
            },
            {
              "batter": "P Kumar",
              "bowler": "Sandeep Sharma",
              "non_striker": "JP Faulkner",
              "runs": {
                "batter": 1,
                "extras": 0,
                "total": 1
              }
            },
            {
              "batter": "JP Faulkner",
              "bowler": "Sandeep Sharma",
              "non_striker": "P Kumar",
              "runs": {
                "batter": 1,
                "extras": 0,
                "total": 1
              }
            },
            {
              "batter": "P Kumar",
              "bowler": "Sandeep Sharma",
              "non_striker": "JP Faulkner",
              "runs": {
                "batter": 0,
                "extras": 0,
                "total": 0
              }
            },
            {
              "batter": "P Kumar",
              "bowler": "Sandeep Sharma",
              "non_striker": "JP Faulkner",
              "runs": {
                "batter": 1,
                "extras": 0,
                "total": 1
              }
            },
            {
              "batter": "JP Faulkner",
              "bowler": "Sandeep Sharma",
              "non_striker": "P Kumar",
              "runs": {
                "batter": 4,
                "extras": 0,
                "total": 4
              }
            }
          ]
        },
        {
          "over": 17,
          "deliveries": [
            {
              "batter": "P Kumar",
              "bowler": "MP Stoinis",
              "non_striker": "JP Faulkner",
              "runs": {
                "batter": 1,
                "extras": 0,
                "total": 1
              }
            },
            {
              "batter": "JP Faulkner",
              "bowler": "MP Stoinis",
              "non_striker": "P Kumar",
              "runs": {
                "batter": 4,
                "extras": 0,
                "total": 4
              }
            },
            {
              "batter": "JP Faulkner",
              "bowler": "MP Stoinis",
              "non_striker": "P Kumar",
              "runs": {
                "batter": 1,
                "extras": 0,
                "total": 1
              }
            },
            {
              "batter": "P Kumar",
              "bowler": "MP Stoinis",
              "non_striker": "JP Faulkner",
              "runs": {
                "batter": 4,
                "extras": 0,
                "total": 4
              }
            },
            {
              "batter": "P Kumar",
              "bowler": "MP Stoinis",
              "non_striker": "JP Faulkner",
              "runs": {
                "batter": 1,
                "extras": 0,
                "total": 1
              }
            },
            {
              "batter": "JP Faulkner",
              "bowler": "MP Stoinis",
              "extras": {
                "byes": 1
              },
              "non_striker": "P Kumar",
              "runs": {
                "batter": 0,
                "extras": 1,
                "total": 1
              }
            }
          ]
        },
        {
          "over": 18,
          "deliveries": [
            {
              "batter": "JP Faulkner",
              "bowler": "MM Sharma",
              "non_striker": "P Kumar",
              "runs": {
                "batter": 1,
                "extras": 0,
                "total": 1
              }
            },
            {
              "batter": "P Kumar",
              "bowler": "MM Sharma",
              "non_striker": "JP Faulkner",
              "runs": {
                "batter": 0,
                "extras": 0,
                "total": 0
              }
            },
            {
              "batter": "P Kumar",
              "bowler": "MM Sharma",
              "non_striker": "JP Faulkner",
              "runs": {
                "batter": 4,
                "extras": 0,
                "total": 4
              }
            },
            {
              "batter": "P Kumar",
              "bowler": "MM Sharma",
              "non_striker": "JP Faulkner",
              "runs": {
                "batter": 2,
                "extras": 0,
                "total": 2
              }
            },
            {
              "batter": "P Kumar",
              "bowler": "MM Sharma",
              "non_striker": "JP Faulkner",
              "runs": {
                "batter": 0,
                "extras": 0,
                "total": 0
              }
            },
            {
              "batter": "P Kumar",
              "bowler": "MM Sharma",
              "non_striker": "JP Faulkner",
              "runs": {
                "batter": 0,
                "extras": 0,
                "total": 0
              },
              "wickets": [
                {
                  "kind": "caught",
                  "player_out": "P Kumar",
                  "fielders": [
                    {
                      "name": "KC Cariappa"
                    }
                  ]
                }
              ]
            }
          ]
        },
        {
          "over": 19,
          "deliveries": [
            {
              "batter": "JP Faulkner",
              "bowler": "Sandeep Sharma",
              "non_striker": "DS Kulkarni",
              "runs": {
                "batter": 0,
                "extras": 0,
                "total": 0
              }
            },
            {
              "batter": "JP Faulkner",
              "bowler": "Sandeep Sharma",
              "non_striker": "DS Kulkarni",
              "runs": {
                "batter": 0,
                "extras": 0,
                "total": 0
              },
              "wickets": [
                {
                  "kind": "caught",
                  "player_out": "JP Faulkner",
                  "fielders": [
                    {
                      "name": "DA Miller"
                    }
                  ]
                }
              ]
            },
            {
              "batter": "DS Kulkarni",
              "bowler": "Sandeep Sharma",
              "non_striker": "S Kaushik",
              "runs": {
                "batter": 0,
                "extras": 0,
                "total": 0
              }
            },
            {
              "batter": "DS Kulkarni",
              "bowler": "Sandeep Sharma",
              "non_striker": "S Kaushik",
              "runs": {
                "batter": 2,
                "extras": 0,
                "total": 2
              }
            },
            {
              "batter": "DS Kulkarni",
              "bowler": "Sandeep Sharma",
              "non_striker": "S Kaushik",
              "runs": {
                "batter": 2,
                "extras": 0,
                "total": 2
              }
            },
            {
              "batter": "DS Kulkarni",
              "bowler": "Sandeep Sharma",
              "non_striker": "S Kaushik",
              "runs": {
                "batter": 2,
                "extras": 0,
                "total": 2
              }
            }
          ]
        }
      ],
      "powerplays": [
        {
          "from": 0.1,
          "to": 5.6,
          "type": "mandatory"
        }
      ],
      "target": {
        "overs": 20,
        "runs": 155
      }
    }
  ]
}