{
  "meta": {
    "data_version": "1.0.0",
    "created": "2016-05-03",
    "revision": 1
  },
  "info": {
    "balls_per_over": 6,
    "city": "Bangalore",
    "dates": [
      "2016-05-02"
    ],
    "event": {
      "match_number": 30,
      "name": "Indian Premier League"
    },
    "gender": "male",
    "match_type": "T20",
    "officials": {
      "match_referees": [
        "J Srinath"
      ],
      "reserve_umpires": [
        "A Deshmukh"
      ],
      "tv_umpires": [
        "K Bharatan"
      ],
      "umpires": [
        "M Erasmus",
        "S Ravi"
      ]
    },
    "outcome": {
      "by": {
        "wickets": 5
      },
      "winner": "Kolkata Knight Riders"
    },
    "overs": 20,
    "player_of_match": [
      "AD Russell"
    ],
    "players": {
      "Kolkata Knight Riders": [
        "RV Uthappa",
        "G Gambhir",
        "CA Lynn",
        "MK Pandey",
        "YK Pathan",
        "AD Russell",
        "SA Yadav",
        "PP Chawla",
        "UT Yadav",
        "SP Narine",
        "M Morkel"
      ],
      "Royal Challengers Bangalore": [
        "KL Rahul",
        "CH Gayle",
        "V Kohli",
        "AB de Villiers",
        "SR Watson",
        "Sachin Baby",
        "STR Binny",
        "VR Aaron",
        "S Aravind",
        "YS Chahal",
        "T Shamsi"
      ]
    },
    "registry": {
      "people": {
        "A Deshmukh": "6fda55cc",
        "AB de Villiers": "c4487b84",
        "AD Russell": "bbd41817",
        "CA Lynn": "45eda7c8",
        "CH Gayle": "db584dad",
        "G Gambhir": "bb345e0b",
        "J Srinath": "bad31fac",
        "K Bharatan": "7e47c743",
        "KL Rahul": "b17e2f24",
        "M Erasmus": "15d3c895",
        "M Morkel": "5bb5a915",
        "MK Pandey": "93b4fc78",
        "PP Chawla": "98ae73b1",
        "RV Uthappa": "1c17e270",
        "S Aravind": "957532de",
        "S Ravi": "9b9ee0df",
        "SA Yadav": "271f83cd",
        "SP Narine": "9d430b40",
        "SR Watson": "4329fbb5",
        "STR Binny": "bd17b45f",
        "Sachin Baby": "dc9dd038",
        "T Shamsi": "a03bba42",
        "UT Yadav": "cc1e8c68",
        "V Kohli": "ba607b88",
        "VR Aaron": "0a3d54b9",
        "YK Pathan": "3c6ffae8",
        "YS Chahal": "57ee1fde"
      }
    },
    "season": 2016,
    "team_type": "club",
    "teams": [
      "Royal Challengers Bangalore",
      "Kolkata Knight Riders"
    ],
    "toss": {
      "decision": "field",
      "winner": "Kolkata Knight Riders"
    },
    "venue": "M Chinnaswamy Stadium"
  },
  "innings": [
    {
      "team": "Royal Challengers Bangalore",
      "overs": [
        {
          "over": 0,
          "deliveries": [
            {
              "batter": "KL Rahul",
              "bowler": "AD Russell",
              "non_striker": "CH Gayle",
              "runs": {
                "batter": 0,
                "extras": 0,
                "total": 0
              }
            },
            {
              "batter": "KL Rahul",
              "bowler": "AD Russell",
              "non_striker": "CH Gayle",
              "runs": {
                "batter": 1,
                "extras": 0,
                "total": 1
              }
            },
            {
              "batter": "CH Gayle",
              "bowler": "AD Russell",
              "non_striker": "KL Rahul",
              "runs": {
                "batter": 0,
                "extras": 0,
                "total": 0
              }
            },
            {
              "batter": "CH Gayle",
              "bowler": "AD Russell",
              "non_striker": "KL Rahul",
              "runs": {
                "batter": 0,
                "extras": 0,
                "total": 0
              }
            },
            {
              "batter": "CH Gayle",
              "bowler": "AD Russell",
              "non_striker": "KL Rahul",
              "runs": {
                "batter": 0,
                "extras": 0,
                "total": 0
              }
            },
            {
              "batter": "CH Gayle",
              "bowler": "AD Russell",
              "non_striker": "KL Rahul",
              "runs": {
                "batter": 1,
                "extras": 0,
                "total": 1
              }
            }
          ]
        },
        {
          "over": 1,
          "deliveries": [
            {
              "batter": "CH Gayle",
              "bowler": "M Morkel",
              "non_striker": "KL Rahul",
              "runs": {
                "batter": 0,
                "extras": 0,
                "total": 0
              }
            },
            {
              "batter": "CH Gayle",
              "bowler": "M Morkel",
              "non_striker": "KL Rahul",
              "runs": {
                "batter": 6,
                "extras": 0,
                "total": 6
              }
            },
            {
              "batter": "CH Gayle",
              "bowler": "M Morkel",
              "non_striker": "KL Rahul",
              "runs": {
                "batter": 0,
                "extras": 0,
                "total": 0
              },
              "wickets": [
                {
                  "kind": "caught",
                  "player_out": "CH Gayle",
                  "fielders": [
                    {
                      "name": "RV Uthappa"
                    }
                  ]
                }
              ]
            },
            {
              "batter": "V Kohli",
              "bowler": "M Morkel",
              "non_striker": "KL Rahul",
              "runs": {
                "batter": 2,
                "extras": 0,
                "total": 2
              }
            },
            {
              "batter": "V Kohli",
              "bowler": "M Morkel",
              "non_striker": "KL Rahul",
              "runs": {
                "batter": 1,
                "extras": 0,
                "total": 1
              }
            },
            {
              "batter": "KL Rahul",
              "bowler": "M Morkel",
              "non_striker": "V Kohli",
              "runs": {
                "batter": 0,
                "extras": 0,
                "total": 0
              }
            }
          ]
        },
        {
          "over": 2,
          "deliveries": [
            {
              "batter": "V Kohli",
              "bowler": "AD Russell",
              "non_striker": "KL Rahul",
              "runs": {
                "batter": 1,
                "extras": 0,
                "total": 1
              }
            },
            {
              "batter": "KL Rahul",
              "bowler": "AD Russell",
              "non_striker": "V Kohli",
              "runs": {
                "batter": 1,
                "extras": 0,
                "total": 1
              }
            },
            {
              "batter": "V Kohli",
              "bowler": "AD Russell",
              "non_striker": "KL Rahul",
              "runs": {
                "batter": 0,
                "extras": 0,
                "total": 0
              }
            },
            {
              "batter": "V Kohli",
              "bowler": "AD Russell",
              "non_striker": "KL Rahul",
              "runs": {
                "batter": 1,
                "extras": 0,
                "total": 1
              }
            },
            {
              "batter": "KL Rahul",
              "bowler": "AD Russell",
              "extras": {
                "wides": 1
              },
              "non_striker": "V Kohli",
              "runs": {
                "batter": 0,
                "extras": 1,
                "total": 1
              }
            },
            {
              "batter": "KL Rahul",
              "bowler": "AD Russell",
              "non_striker": "V Kohli",
              "runs": {
                "batter": 0,
                "extras": 0,
                "total": 0
              }
            },
            {
              "batter": "KL Rahul",
              "bowler": "AD Russell",
              "non_striker": "V Kohli",
              "runs": {
                "batter": 0,
                "extras": 0,
                "total": 0
              }
            }
          ]
        },
        {
          "over": 3,
          "deliveries": [
            {
              "batter": "V Kohli",
              "bowler": "M Morkel",
              "non_striker": "KL Rahul",
              "runs": {
                "batter": 0,
                "extras": 0,
                "total": 0
              }
            },
            {
              "batter": "V Kohli",
              "bowler": "M Morkel",
              "non_striker": "KL Rahul",
              "runs": {
                "batter": 1,
                "extras": 0,
                "total": 1
              }
            },
            {
              "batter": "KL Rahul",
              "bowler": "M Morkel",
              "non_striker": "V Kohli",
              "runs": {
                "batter": 4,
                "extras": 0,
                "total": 4
              }
            },
            {
              "batter": "KL Rahul",
              "bowler": "M Morkel",
              "non_striker": "V Kohli",
              "runs": {
                "batter": 1,
                "extras": 0,
                "total": 1
              }
            },
            {
              "batter": "V Kohli",
              "bowler": "M Morkel",
              "non_striker": "KL Rahul",
              "runs": {
                "batter": 2,
                "extras": 0,
                "total": 2
              }
            },
            {
              "batter": "V Kohli",
              "bowler": "M Morkel",
              "non_striker": "KL Rahul",
              "runs": {
                "batter": 2,
                "extras": 0,
                "total": 2
              }
            }
          ]
        },
        {
          "over": 4,
          "deliveries": [
            {
              "batter": "KL Rahul",
              "bowler": "AD Russell",
              "non_striker": "V Kohli",
              "runs": {
                "batter": 1,
                "extras": 0,
                "total": 1
              }
            },
            {
              "batter": "V Kohli",
              "bowler": "AD Russell",
              "non_striker": "KL Rahul",
              "runs": {
                "batter": 1,
                "extras": 0,
                "total": 1
              }
            },
            {
              "batter": "KL Rahul",
              "bowler": "AD Russell",
              "non_striker": "V Kohli",
              "runs": {
                "batter": 2,
                "extras": 0,
                "total": 2
              }
            },
            {
              "batter": "KL Rahul",
              "bowler": "AD Russell",
              "non_striker": "V Kohli",
              "runs": {
                "batter": 1,
                "extras": 0,
                "total": 1
              }
            },
            {
              "batter": "V Kohli",
              "bowler": "AD Russell",
              "non_striker": "KL Rahul",
              "runs": {
                "batter": 0,
                "extras": 0,
                "total": 0
              }
            },
            {
              "batter": "V Kohli",
              "bowler": "AD Russell",
              "non_striker": "KL Rahul",
              "runs": {
                "batter": 0,
                "extras": 0,
                "total": 0
              }
            }
          ]
        },
        {
          "over": 5,
          "deliveries": [
            {
              "batter": "KL Rahul",
              "bowler": "SP Narine",
              "non_striker": "V Kohli",
              "runs": {
                "batter": 4,
                "extras": 0,
                "total": 4
              }
            },
            {
              "batter": "KL Rahul",
              "bowler": "SP Narine",
              "non_striker": "V Kohli",
              "runs": {
                "batter": 4,
                "extras": 0,
                "total": 4
              }
            },
            {
              "batter": "KL Rahul",
              "bowler": "SP Narine",
              "non_striker": "V Kohli",
              "runs": {
                "batter": 0,
                "extras": 0,
                "total": 0
              }
            },
            {
              "batter": "KL Rahul",
              "bowler": "SP Narine",
              "non_striker": "V Kohli",
              "runs": {
                "batter": 0,
                "extras": 0,
                "total": 0
              }
            },
            {
              "batter": "KL Rahul",
              "bowler": "SP Narine",
              "non_striker": "V Kohli",
              "runs": {
                "batter": 1,
                "extras": 0,
                "total": 1
              }
            },
            {
              "batter": "V Kohli",
              "bowler": "SP Narine",
              "non_striker": "KL Rahul",
              "runs": {
                "batter": 1,
                "extras": 0,
                "total": 1
              }
            }
          ]
        },
        {
          "over": 6,
          "deliveries": [
            {
              "batter": "V Kohli",
              "bowler": "UT Yadav",
              "non_striker": "KL Rahul",
              "runs": {
                "batter": 4,
                "extras": 0,
                "total": 4
              }
            },
            {
              "batter": "V Kohli",
              "bowler": "UT Yadav",
              "non_striker": "KL Rahul",
              "runs": {
                "batter": 1,
                "extras": 0,
                "total": 1
              }
            },
            {
              "batter": "KL Rahul",
              "bowler": "UT Yadav",
              "non_striker": "V Kohli",
              "runs": {
                "batter": 4,
                "extras": 0,
                "total": 4
              }
            },
            {
              "batter": "KL Rahul",
              "bowler": "UT Yadav",
              "non_striker": "V Kohli",
              "runs": {
                "batter": 1,
                "extras": 0,
                "total": 1
              }
            },
            {
              "batter": "V Kohli",
              "bowler": "UT Yadav",
              "non_striker": "KL Rahul",
              "runs": {
                "batter": 0,
                "extras": 0,
                "total": 0
              }
            },
            {
              "batter": "V Kohli",
              "bowler": "UT Yadav",
              "non_striker": "KL Rahul",
              "runs": {
                "batter": 1,
                "extras": 0,
                "total": 1
              }
            }
          ]
        },
        {
          "over": 7,
          "deliveries": [
            {
              "batter": "V Kohli",
              "bowler": "PP Chawla",
              "non_striker": "KL Rahul",
              "runs": {
                "batter": 1,
                "extras": 0,
                "total": 1
              }
            },
            {
              "batter": "KL Rahul",
              "bowler": "PP Chawla",
              "non_striker": "V Kohli",
              "runs": {
                "batter": 1,
                "extras": 0,
                "total": 1
              }
            },
            {
              "batter": "V Kohli",
              "bowler": "PP Chawla",
              "non_striker": "KL Rahul",
              "runs": {
                "batter": 0,
                "extras": 0,
                "total": 0
              }
            },
            {
              "batter": "V Kohli",
              "bowler": "PP Chawla",
              "non_striker": "KL Rahul",
              "runs": {
                "batter": 4,
                "extras": 0,
                "total": 4
              }
            },
            {
              "batter": "V Kohli",
              "bowler": "PP Chawla",
              "non_striker": "KL Rahul",
              "runs": {
                "batter": 2,
                "extras": 0,
                "total": 2
              }
            },
            {
              "batter": "V Kohli",
              "bowler": "PP Chawla",
              "non_striker": "KL Rahul",
              "runs": {
                "batter": 1,
                "extras": 0,
                "total": 1
              }
            }
          ]
        },
        {
          "over": 8,
          "deliveries": [
            {
              "batter": "V Kohli",
              "bowler": "UT Yadav",
              "non_striker": "KL Rahul",
              "runs": {
                "batter": 1,
                "extras": 0,
                "total": 1
              }
            },
            {
              "batter": "KL Rahul",
              "bowler": "UT Yadav",
              "non_striker": "V Kohli",
              "runs": {
                "batter": 0,
                "extras": 0,
                "total": 0
              }
            },
            {
              "batter": "KL Rahul",
              "bowler": "UT Yadav",
              "non_striker": "V Kohli",
              "runs": {
                "batter": 1,
                "extras": 0,
                "total": 1
              }
            },
            {
              "batter": "V Kohli",
              "bowler": "UT Yadav",
              "non_striker": "KL Rahul",
              "runs": {
                "batter": 1,
                "extras": 0,
                "total": 1
              }
            },
            {
              "batter": "KL Rahul",
              "bowler": "UT Yadav",
              "non_striker": "V Kohli",
              "runs": {
                "batter": 0,
                "extras": 0,
                "total": 0
              }
            },
            {
              "batter": "KL Rahul",
              "bowler": "UT Yadav",
              "non_striker": "V Kohli",
              "runs": {
                "batter": 1,
                "extras": 0,
                "total": 1
              }
            }
          ]
        },
        {
          "over": 9,
          "deliveries": [
            {
              "batter": "KL Rahul",
              "bowler": "PP Chawla",
              "non_striker": "V Kohli",
              "runs": {
                "batter": 1,
                "extras": 0,
                "total": 1
              }
            },
            {
              "batter": "V Kohli",
              "bowler": "PP Chawla",
              "non_striker": "KL Rahul",
              "runs": {
                "batter": 2,
                "extras": 0,
                "total": 2
              }
            },
            {
              "batter": "V Kohli",
              "bowler": "PP Chawla",
              "non_striker": "KL Rahul",
              "runs": {
                "batter": 1,
                "extras": 0,
                "total": 1
              }
            },
            {
              "batter": "KL Rahul",
              "bowler": "PP Chawla",
              "non_striker": "V Kohli",
              "runs": {
                "batter": 6,
                "extras": 0,
                "total": 6
              }
            },
            {
              "batter": "KL Rahul",
              "bowler": "PP Chawla",
              "non_striker": "V Kohli",
              "runs": {
                "batter": 4,
                "extras": 0,
                "total": 4
              }
            },
            {
              "batter": "KL Rahul",
              "bowler": "PP Chawla",
              "non_striker": "V Kohli",
              "runs": {
                "batter": 1,
                "extras": 0,
                "total": 1
              }
            }
          ]
        },
        {
          "over": 10,
          "deliveries": [
            {
              "batter": "KL Rahul",
              "bowler": "SP Narine",
              "non_striker": "V Kohli",
              "runs": {
                "batter": 6,
                "extras": 0,
                "total": 6
              }
            },
            {
              "batter": "KL Rahul",
              "bowler": "SP Narine",
              "non_striker": "V Kohli",
              "runs": {
                "batter": 4,
                "extras": 0,
                "total": 4
              }
            },
            {
              "batter": "KL Rahul",
              "bowler": "SP Narine",
              "non_striker": "V Kohli",
              "runs": {
                "batter": 1,
                "extras": 0,
                "total": 1
              }
            },
            {
              "batter": "V Kohli",
              "bowler": "SP Narine",
              "non_striker": "KL Rahul",
              "runs": {
                "batter": 1,
                "extras": 0,
                "total": 1
              }
            },
            {
              "batter": "KL Rahul",
              "bowler": "SP Narine",
              "non_striker": "V Kohli",
              "runs": {
                "batter": 1,
                "extras": 0,
                "total": 1
              }
            },
            {
              "batter": "V Kohli",
              "bowler": "SP Narine",
              "non_striker": "KL Rahul",
              "runs": {
                "batter": 0,
                "extras": 0,
                "total": 0
              }
            }
          ]
        },
        {
          "over": 11,
          "deliveries": [
            {
              "batter": "KL Rahul",
              "bowler": "PP Chawla",
              "non_striker": "V Kohli",
              "runs": {
                "batter": 0,
                "extras": 0,
                "total": 0
              },
              "wickets": [
                {
                  "kind": "caught",
                  "player_out": "KL Rahul",
                  "fielders": [
                    {
                      "name": "YK Pathan"
                    }
                  ]
                }
              ]
            },
            {
              "batter": "V Kohli",
              "bowler": "PP Chawla",
              "non_striker": "AB de Villiers",
              "runs": {
                "batter": 1,
                "extras": 0,
                "total": 1
              }
            },
            {
              "batter": "AB de Villiers",
              "bowler": "PP Chawla",
              "non_striker": "V Kohli",
              "runs": {
                "batter": 2,
                "extras": 0,
                "total": 2
              }
            },
            {
              "batter": "AB de Villiers",
              "bowler": "PP Chawla",
              "non_striker": "V Kohli",
              "runs": {
                "batter": 0,
                "extras": 0,
                "total": 0
              }
            },
            {
              "batter": "AB de Villiers",
              "bowler": "PP Chawla",
              "non_striker": "V Kohli",
              "runs": {
                "batter": 1,
                "extras": 0,
                "total": 1
              }
            },
            {
              "batter": "V Kohli",
              "bowler": "PP Chawla",
              "non_striker": "AB de Villiers",
              "runs": {
                "batter": 1,
                "extras": 0,
                "total": 1
              }
            }
          ]
        },
        {
          "over": 12,
          "deliveries": [
            {
              "batter": "V Kohli",
              "bowler": "SP Narine",
              "non_striker": "AB de Villiers",
              "runs": {
                "batter": 4,
                "extras": 0,
                "total": 4
              }
            },
            {
              "batter": "V Kohli",
              "bowler": "SP Narine",
              "non_striker": "AB de Villiers",
              "runs": {
                "batter": 0,
                "extras": 0,
                "total": 0
              }
            },
            {
              "batter": "V Kohli",
              "bowler": "SP Narine",
              "non_striker": "AB de Villiers",
              "runs": {
                "batter": 4,
                "extras": 0,
                "total": 4
              }
            },
            {
              "batter": "V Kohli",
              "bowler": "SP Narine",
              "non_striker": "AB de Villiers",
              "runs": {
                "batter": 0,
                "extras": 0,
                "total": 0
              }
            },
            {
              "batter": "V Kohli",
              "bowler": "SP Narine",
              "non_striker": "AB de Villiers",
              "runs": {
                "batter": 1,
                "extras": 0,
                "total": 1
              }
            },
            {
              "batter": "AB de Villiers",
              "bowler": "SP Narine",
              "non_striker": "V Kohli",
              "runs": {
                "batter": 0,
                "extras": 0,
                "total": 0
              }
            }
          ]
        },
        {
          "over": 13,
          "deliveries": [
            {
              "batter": "V Kohli",
              "bowler": "PP Chawla",
              "non_striker": "AB de Villiers",
              "runs": {
                "batter": 1,
                "extras": 0,
                "total": 1
              }
            },
            {
              "batter": "AB de Villiers",
              "bowler": "PP Chawla",
              "non_striker": "V Kohli",
              "runs": {
                "batter": 1,
                "extras": 0,
                "total": 1
              }
            },
            {
              "batter": "V Kohli",
              "bowler": "PP Chawla",
              "non_striker": "AB de Villiers",
              "runs": {
                "batter": 1,
                "extras": 0,
                "total": 1
              }
            },
            {
              "batter": "AB de Villiers",
              "bowler": "PP Chawla",
              "non_striker": "V Kohli",
              "runs": {
                "batter": 0,
                "extras": 0,
                "total": 0
              },
              "wickets": [
                {
                  "kind": "lbw",
                  "player_out": "AB de Villiers"
                }
              ]
            },
            {
              "batter": "SR Watson",
              "bowler": "PP Chawla",
              "non_striker": "V Kohli",
              "runs": {
                "batter": 0,
                "extras": 0,
                "total": 0
              }
            },
            {
              "batter": "SR Watson",
              "bowler": "PP Chawla",
              "non_striker": "V Kohli",
              "runs": {
                "batter": 0,
                "extras": 0,
                "total": 0
              }
            }
          ]
        },
        {
          "over": 14,
          "deliveries": [
            {
              "batter": "V Kohli",
              "bowler": "M Morkel",
              "non_striker": "SR Watson",
              "runs": {
                "batter": 1,
                "extras": 0,
                "total": 1
              }
            },
            {
              "batter": "SR Watson",
              "bowler": "M Morkel",
              "non_striker": "V Kohli",
              "runs": {
                "batter": 1,
                "extras": 0,
                "total": 1
              }
            },
            {
              "batter": "V Kohli",
              "bowler": "M Morkel",
              "non_striker": "SR Watson",
              "runs": {
                "batter": 1,
                "extras": 0,
                "total": 1
              }
            },
            {
              "batter": "SR Watson",
              "bowler": "M Morkel",
              "non_striker": "V Kohli",
              "runs": {
                "batter": 0,
                "extras": 0,
                "total": 0
              }
            },
            {
              "batter": "SR Watson",
              "bowler": "M Morkel",
              "non_striker": "V Kohli",
              "runs": {
                "batter": 0,
                "extras": 0,
                "total": 0
              }
            },
            {
              "batter": "SR Watson",
              "bowler": "M Morkel",
              "non_striker": "V Kohli",
              "runs": {
                "batter": 0,
                "extras": 0,
                "total": 0
              }
            }
          ]
        },
        {
          "over": 15,
          "deliveries": [
            {
              "batter": "V Kohli",
              "bowler": "SP Narine",
              "non_striker": "SR Watson",
              "runs": {
                "batter": 1,
                "extras": 0,
                "total": 1
              }
            },
            {
              "batter": "SR Watson",
              "bowler": "SP Narine",
              "non_striker": "V Kohli",
              "runs": {
                "batter": 6,
                "extras": 0,
                "total": 6
              }
            },
            {
              "batter": "SR Watson",
              "bowler": "SP Narine",
              "non_striker": "V Kohli",
              "runs": {
                "batter": 1,
                "extras": 0,
                "total": 1
              }
            },
            {
              "batter": "V Kohli",
              "bowler": "SP Narine",
              "non_striker": "SR Watson",
              "runs": {
                "batter": 1,
                "extras": 0,
                "total": 1
              }
            },
            {
              "batter": "SR Watson",
              "bowler": "SP Narine",
              "non_striker": "V Kohli",
              "runs": {
                "batter": 0,
                "extras": 0,
                "total": 0
              }
            },
            {
              "batter": "SR Watson",
              "bowler": "SP Narine",
              "non_striker": "V Kohli",
              "runs": {
                "batter": 4,
                "extras": 0,
                "total": 4
              }
            }
          ]
        },
        {
          "over": 16,
          "deliveries": [
            {
              "batter": "V Kohli",
              "bowler": "M Morkel",
              "non_striker": "SR Watson",
              "runs": {
                "batter": 1,
                "extras": 0,
                "total": 1
              }
            },
            {
              "batter": "SR Watson",
              "bowler": "M Morkel",
              "non_striker": "V Kohli",
              "runs": {
                "batter": 1,
                "extras": 0,
                "total": 1
              }
            },
            {
              "batter": "V Kohli",
              "bowler": "M Morkel",
              "non_striker": "SR Watson",
              "runs": {
                "batter": 2,
                "extras": 0,
                "total": 2
              }
            },
            {
              "batter": "V Kohli",
              "bowler": "M Morkel",
              "non_striker": "SR Watson",
              "runs": {
                "batter": 0,
                "extras": 0,
                "total": 0
              },
              "wickets": [
                {
                  "kind": "caught",
                  "player_out": "V Kohli",
                  "fielders": [
                    {
                      "name": "AD Russell"
                    }
                  ]
                }
              ]
            },
            {
              "batter": "SR Watson",
              "bowler": "M Morkel",
              "non_striker": "Sachin Baby",
              "runs": {
                "batter": 1,
                "extras": 0,
                "total": 1
              }
            },
            {
              "batter": "Sachin Baby",
              "bowler": "M Morkel",
              "non_striker": "SR Watson",
              "runs": {
                "batter": 1,
                "extras": 0,
                "total": 1
              }
            }
          ]
        },
        {
          "over": 17,
          "deliveries": [
            {
              "batter": "Sachin Baby",
              "bowler": "UT Yadav",
              "non_striker": "SR Watson",
              "runs": {
                "batter": 0,
                "extras": 0,
                "total": 0
              }
            },
            {
              "batter": "Sachin Baby",
              "bowler": "UT Yadav",
              "extras": {
                "noballs": 1
              },
              "non_striker": "SR Watson",
              "runs": {
                "batter": 0,
                "extras": 1,
                "total": 1
              }
            },
            {
              "batter": "Sachin Baby",
              "bowler": "UT Yadav",
              "extras": {
                "noballs": 1
              },
              "non_striker": "SR Watson",
              "runs": {
                "batter": 1,
                "extras": 1,
                "total": 2
              }
            },
            {
              "batter": "SR Watson",
              "bowler": "UT Yadav",
              "non_striker": "Sachin Baby",
              "runs": {
                "batter": 4,
                "extras": 0,
                "total": 4
              }
            },
            {
              "batter": "SR Watson",
              "bowler": "UT Yadav",
              "non_striker": "Sachin Baby",
              "runs": {
                "batter": 1,
                "extras": 0,
                "total": 1
              }
            },
            {
              "batter": "Sachin Baby",
              "bowler": "UT Yadav",
              "extras": {
                "wides": 1
              },
              "non_striker": "SR Watson",
              "runs": {
                "batter": 0,
                "extras": 1,
                "total": 1
              }
            },
            {
              "batter": "Sachin Baby",
              "bowler": "UT Yadav",
              "non_striker": "SR Watson",
              "runs": {
                "batter": 4,
                "extras": 0,
                "total": 4
              }
            },
            {
              "batter": "Sachin Baby",
              "bowler": "UT Yadav",
              "non_striker": "SR Watson",
              "runs": {
                "batter": 4,
                "extras": 0,
                "total": 4
              }
            },
            {
              "batter": "Sachin Baby",
              "bowler": "UT Yadav",
              "non_striker": "SR Watson",
              "runs": {
                "batter": 6,
                "extras": 0,
                "total": 6
              }
            }
          ]
        },
        {
          "over": 18,
          "deliveries": [
            {
              "batter": "SR Watson",
              "bowler": "AD Russell",
              "non_striker": "Sachin Baby",
              "runs": {
                "batter": 0,
                "extras": 0,
                "total": 0
              }
            },
            {
              "batter": "SR Watson",
              "bowler": "AD Russell",
              "non_striker": "Sachin Baby",
              "runs": {
                "batter": 4,
                "extras": 0,
                "total": 4
              }
            },
            {
              "batter": "SR Watson",
              "bowler": "AD Russell",
              "non_striker": "Sachin Baby",
              "runs": {
                "batter": 4,
                "extras": 0,
                "total": 4
              }
            },
            {
              "batter": "SR Watson",
              "bowler": "AD Russell",
              "non_striker": "Sachin Baby",
              "runs": {
                "batter": 4,
                "extras": 0,
                "total": 4
              }
            },
            {
              "batter": "SR Watson",
              "bowler": "AD Russell",
              "non_striker": "Sachin Baby",
              "runs": {
                "batter": 1,
                "extras": 0,
                "total": 1
              }
            },
            {
              "batter": "Sachin Baby",
              "bowler": "AD Russell",
              "non_striker": "SR Watson",
              "runs": {
                "batter": 0,
                "extras": 0,
                "total": 0
              },
              "wickets": [
                {
                  "kind": "caught and bowled",
                  "player_out": "Sachin Baby"
                }
              ]
            }
          ]
        },
        {
          "over": 19,
          "deliveries": [
            {
              "batter": "SR Watson",
              "bowler": "UT Yadav",
              "non_striker": "STR Binny",
              "runs": {
                "batter": 1,
                "extras": 0,
                "total": 1
              }
            },
            {
              "batter": "STR Binny",
              "bowler": "UT Yadav",
              "non_striker": "SR Watson",
              "runs": {
                "batter": 6,
                "extras": 0,
                "total": 6
              }
            },
            {
              "batter": "STR Binny",
              "bowler": "UT Yadav",
              "non_striker": "SR Watson",
              "runs": {
                "batter": 4,
                "extras": 0,
                "total": 4
              }
            },
            {
              "batter": "STR Binny",
              "bowler": "UT Yadav",
              "non_striker": "SR Watson",
              "runs": {
                "batter": 6,
                "extras": 0,
                "total": 6
              }
            },
            {
              "batter": "STR Binny",
              "bowler": "UT Yadav",
              "non_striker": "SR Watson",
              "runs": {
                "batter": 0,
                "extras": 0,
                "total": 0
              },
              "wickets": [
                {
                  "kind": "caught",
                  "player_out": "STR Binny",
                  "fielders": [
                    {
                      "name": "MK Pandey"
                    }
                  ]
                }
              ]
            },
            {
              "batter": "SR Watson",
              "bowler": "UT Yadav",
              "non_striker": "VR Aaron",
              "runs": {
                "batter": 1,
                "extras": 0,
                "total": 1
              },
              "wickets": [
                {
                  "kind": "run out",
                  "player_out": "SR Watson",
                  "fielders": [
                    {
                      "name": "MK Pandey"
                    },
                    {
                      "name": "RV Uthappa"
                    }
                  ]
                }
              ]
            }
          ]
        }
      ],
      "powerplays": [
        {
          "from": 0.1,
          "to": 5.6,
          "type": "mandatory"
        }
      ]
    },
    {
      "team": "Kolkata Knight Riders",
      "overs": [
        {
          "over": 0,
          "deliveries": [
            {
              "batter": "RV Uthappa",
              "bowler": "STR Binny",
              "non_striker": "G Gambhir",
              "runs": {
                "batter": 0,
                "extras": 0,
                "total": 0
              }
            },
            {
              "batter": "RV Uthappa",
              "bowler": "STR Binny",
              "non_striker": "G Gambhir",
              "runs": {
                "batter": 1,
                "extras": 0,
                "total": 1
              }
            },
            {
              "batter": "G Gambhir",
              "bowler": "STR Binny",
              "non_striker": "RV Uthappa",
              "runs": {
                "batter": 4,
                "extras": 0,
                "total": 4
              }
            },
            {
              "batter": "G Gambhir",
              "bowler": "STR Binny",
              "non_striker": "RV Uthappa",
              "runs": {
                "batter": 1,
                "extras": 0,
                "total": 1
              }
            },
            {
              "batter": "RV Uthappa",
              "bowler": "STR Binny",
              "non_striker": "G Gambhir",
              "runs": {
                "batter": 0,
                "extras": 0,
                "total": 0
              }
            },
            {
              "batter": "RV Uthappa",
              "bowler": "STR Binny",
              "non_striker": "G Gambhir",
              "runs": {
                "batter": 0,
                "extras": 0,
                "total": 0
              },
              "wickets": [
                {
                  "kind": "caught",
                  "player_out": "RV Uthappa",
                  "fielders": [
                    {
                      "name": "V Kohli"
                    }
                  ]
                }
              ]
            }
          ]
        },
        {
          "over": 1,
          "deliveries": [
            {
              "batter": "G Gambhir",
              "bowler": "S Aravind",
              "non_striker": "CA Lynn",
              "runs": {
                "batter": 1,
                "extras": 0,
                "total": 1
              }
            },
            {
              "batter": "CA Lynn",
              "bowler": "S Aravind",
              "extras": {
                "wides": 1
              },
              "non_striker": "G Gambhir",
              "runs": {
                "batter": 0,
                "extras": 1,
                "total": 1
              }
            },
            {
              "batter": "CA Lynn",
              "bowler": "S Aravind",
              "non_striker": "G Gambhir",
              "runs": {
                "batter": 0,
                "extras": 0,
                "total": 0
              }
            },
            {
              "batter": "CA Lynn",
              "bowler": "S Aravind",
              "non_striker": "G Gambhir",
              "runs": {
                "batter": 0,
                "extras": 0,
                "total": 0
              }
            },
            {
              "batter": "CA Lynn",
              "bowler": "S Aravind",
              "non_striker": "G Gambhir",
              "runs": {
                "batter": 1,
                "extras": 0,
                "total": 1
              }
            },
            {
              "batter": "G Gambhir",
              "bowler": "S Aravind",
              "non_striker": "CA Lynn",
              "runs": {
                "batter": 0,
                "extras": 0,
                "total": 0
              }
            },
            {
              "batter": "G Gambhir",
              "bowler": "S Aravind",
              "extras": {
                "wides": 1
              },
              "non_striker": "CA Lynn",
              "runs": {
                "batter": 0,
                "extras": 1,
                "total": 1
              }
            },
            {
              "batter": "G Gambhir",
              "bowler": "S Aravind",
              "non_striker": "CA Lynn",
              "runs": {
                "batter": 1,
                "extras": 0,
                "total": 1
              }
            }
          ]
        },
        {
          "over": 2,
          "deliveries": [
            {
              "batter": "G Gambhir",
              "bowler": "STR Binny",
              "non_striker": "CA Lynn",
              "runs": {
                "batter": 1,
                "extras": 0,
                "total": 1
              }
            },
            {
              "batter": "CA Lynn",
              "bowler": "STR Binny",
              "non_striker": "G Gambhir",
              "runs": {
                "batter": 6,
                "extras": 0,
                "total": 6
              }
            },
            {
              "batter": "CA Lynn",
              "bowler": "STR Binny",
              "non_striker": "G Gambhir",
              "runs": {
                "batter": 2,
                "extras": 0,
                "total": 2
              }
            },
            {
              "batter": "CA Lynn",
              "bowler": "STR Binny",
              "non_striker": "G Gambhir",
              "runs": {
                "batter": 1,
                "extras": 0,
                "total": 1
              }
            },
            {
              "batter": "G Gambhir",
              "bowler": "STR Binny",
              "non_striker": "CA Lynn",
              "runs": {
                "batter": 0,
                "extras": 0,
                "total": 0
              }
            },
            {
              "batter": "G Gambhir",
              "bowler": "STR Binny",
              "non_striker": "CA Lynn",
              "runs": {
                "batter": 1,
                "extras": 0,
                "total": 1
              }
            }
          ]
        },
        {
          "over": 3,
          "deliveries": [
            {
              "batter": "G Gambhir",
              "bowler": "SR Watson",
              "non_striker": "CA Lynn",
              "runs": {
                "batter": 1,
                "extras": 0,
                "total": 1
              }
            },
            {
              "batter": "CA Lynn",
              "bowler": "SR Watson",
              "non_striker": "G Gambhir",
              "runs": {
                "batter": 2,
                "extras": 0,
                "total": 2
              }
            },
            {
              "batter": "CA Lynn",
              "bowler": "SR Watson",
              "non_striker": "G Gambhir",
              "runs": {
                "batter": 1,
                "extras": 0,
                "total": 1
              }
            },
            {
              "batter": "G Gambhir",
              "bowler": "SR Watson",
              "non_striker": "CA Lynn",
              "runs": {
                "batter": 1,
                "extras": 0,
                "total": 1
              }
            },
            {
              "batter": "CA Lynn",
              "bowler": "SR Watson",
              "non_striker": "G Gambhir",
              "runs": {
                "batter": 1,
                "extras": 0,
                "total": 1
              }
            },
            {
              "batter": "G Gambhir",
              "bowler": "SR Watson",
              "non_striker": "CA Lynn",
              "runs": {
                "batter": 4,
                "extras": 0,
                "total": 4
              }
            }
          ]
        },
        {
          "over": 4,
          "deliveries": [
            {
              "batter": "CA Lynn",
              "bowler": "YS Chahal",
              "non_striker": "G Gambhir",
              "runs": {
                "batter": 0,
                "extras": 0,
                "total": 0
              }
            },
            {
              "batter": "CA Lynn",
              "bowler": "YS Chahal",
              "non_striker": "G Gambhir",
              "runs": {
                "batter": 1,
                "extras": 0,
                "total": 1
              }
            },
            {
              "batter": "G Gambhir",
              "bowler": "YS Chahal",
              "non_striker": "CA Lynn",
              "runs": {
                "batter": 1,
                "extras": 0,
                "total": 1
              }
            },
            {
              "batter": "CA Lynn",
              "bowler": "YS Chahal",
              "non_striker": "G Gambhir",
              "runs": {
                "batter": 0,
                "extras": 0,
                "total": 0
              },
              "wickets": [
                {
                  "kind": "bowled",
                  "player_out": "CA Lynn"
                }
              ]
            },
            {
              "batter": "MK Pandey",
              "bowler": "YS Chahal",
              "non_striker": "G Gambhir",
              "runs": {
                "batter": 0,
                "extras": 0,
                "total": 0
              }
            },
            {
              "batter": "MK Pandey",
              "bowler": "YS Chahal",
              "non_striker": "G Gambhir",
              "runs": {
                "batter": 0,
                "extras": 0,
                "total": 0
              }
            }
          ]
        },
        {
          "over": 5,
          "deliveries": [
            {
              "batter": "G Gambhir",
              "bowler": "VR Aaron",
              "non_striker": "MK Pandey",
              "runs": {
                "batter": 1,
                "extras": 0,
                "total": 1
              }
            },
            {
              "batter": "MK Pandey",
              "bowler": "VR Aaron",
              "non_striker": "G Gambhir",
              "runs": {
                "batter": 0,
                "extras": 0,
                "total": 0
              }
            },
            {
              "batter": "MK Pandey",
              "bowler": "VR Aaron",
              "non_striker": "G Gambhir",
              "runs": {
                "batter": 1,
                "extras": 0,
                "total": 1
              }
            },
            {
              "batter": "G Gambhir",
              "bowler": "VR Aaron",
              "non_striker": "MK Pandey",
              "runs": {
                "batter": 0,
                "extras": 0,
                "total": 0
              }
            },
            {
              "batter": "G Gambhir",
              "bowler": "VR Aaron",
              "non_striker": "MK Pandey",
              "runs": {
                "batter": 0,
                "extras": 0,
                "total": 0
              }
            },
            {
              "batter": "G Gambhir",
              "bowler": "VR Aaron",
              "extras": {
                "legbyes": 1
              },
              "non_striker": "MK Pandey",
              "runs": {
                "batter": 0,
                "extras": 1,
                "total": 1
              }
            }
          ]
        },
        {
          "over": 6,
          "deliveries": [
            {
              "batter": "G Gambhir",
              "bowler": "T Shamsi",
              "non_striker": "MK Pandey",
              "runs": {
                "batter": 1,
                "extras": 0,
                "total": 1
              }
            },
            {
              "batter": "MK Pandey",
              "bowler": "T Shamsi",
              "non_striker": "G Gambhir",
              "runs": {
                "batter": 1,
                "extras": 0,
                "total": 1
              }
            },
            {
              "batter": "G Gambhir",
              "bowler": "T Shamsi",
              "non_striker": "MK Pandey",
              "runs": {
                "batter": 6,
                "extras": 0,
                "total": 6
              }
            },
            {
              "batter": "G Gambhir",
              "bowler": "T Shamsi",
              "non_striker": "MK Pandey",
              "runs": {
                "batter": 4,
                "extras": 0,
                "total": 4
              }
            },
            {
              "batter": "G Gambhir",
              "bowler": "T Shamsi",
              "non_striker": "MK Pandey",
              "runs": {
                "batter": 1,
                "extras": 0,
                "total": 1
              }
            },
            {
              "batter": "MK Pandey",
              "bowler": "T Shamsi",
              "non_striker": "G Gambhir",
              "runs": {
                "batter": 2,
                "extras": 0,
                "total": 2
              }
            }
          ]
        },
        {
          "over": 7,
          "deliveries": [
            {
              "batter": "G Gambhir",
              "bowler": "VR Aaron",
              "non_striker": "MK Pandey",
              "runs": {
                "batter": 1,
                "extras": 0,
                "total": 1
              }
            },
            {
              "batter": "MK Pandey",
              "bowler": "VR Aaron",
              "non_striker": "G Gambhir",
              "runs": {
                "batter": 1,
                "extras": 0,
                "total": 1
              }
            },
            {
              "batter": "G Gambhir",
              "bowler": "VR Aaron",
              "extras": {
                "wides": 1
              },
              "non_striker": "MK Pandey",
              "runs": {
                "batter": 0,
                "extras": 1,
                "total": 1
              }
            },
            {
              "batter": "G Gambhir",
              "bowler": "VR Aaron",
              "non_striker": "MK Pandey",
              "runs": {
                "batter": 0,
                "extras": 0,
                "total": 0
              }
            },
            {
              "batter": "G Gambhir",
              "bowler": "VR Aaron",
              "non_striker": "MK Pandey",
              "runs": {
                "batter": 1,
                "extras": 0,
                "total": 1
              }
            },
            {
              "batter": "MK Pandey",
              "bowler": "VR Aaron",
              "non_striker": "G Gambhir",
              "runs": {
                "batter": 1,
                "extras": 0,
                "total": 1
              }
            },
            {
              "batter": "G Gambhir",
              "bowler": "VR Aaron",
              "extras": {
                "wides": 1
              },
              "non_striker": "MK Pandey",
              "runs": {
                "batter": 0,
                "extras": 1,
                "total": 1
              }
            },
            {
              "batter": "G Gambhir",
              "bowler": "VR Aaron",
              "non_striker": "MK Pandey",
              "runs": {
                "batter": 1,
                "extras": 0,
                "total": 1
              }
            }
          ]
        },
        {
          "over": 8,
          "deliveries": [
            {
              "batter": "G Gambhir",
              "bowler": "S Aravind",
              "non_striker": "MK Pandey",
              "runs": {
                "batter": 1,
                "extras": 0,
                "total": 1
              }
            },
            {
              "batter": "MK Pandey",
              "bowler": "S Aravind",
              "non_striker": "G Gambhir",
              "runs": {
                "batter": 1,
                "extras": 0,
                "total": 1
              }
            },
            {
              "batter": "G Gambhir",
              "bowler": "S Aravind",
              "non_striker": "MK Pandey",
              "runs": {
                "batter": 0,
                "extras": 0,
                "total": 0
              }
            },
            {
              "batter": "G Gambhir",
              "bowler": "S Aravind",
              "non_striker": "MK Pandey",
              "runs": {
                "batter": 0,
                "extras": 0,
                "total": 0
              }
            },
            {
              "batter": "G Gambhir",
              "bowler": "S Aravind",
              "extras": {
                "wides": 1
              },
              "non_striker": "MK Pandey",
              "runs": {
                "batter": 0,
                "extras": 1,
                "total": 1
              }
            },
            {
              "batter": "G Gambhir",
              "bowler": "S Aravind",
              "non_striker": "MK Pandey",
              "runs": {
                "batter": 4,
                "extras": 0,
                "total": 4
              }
            },
            {
              "batter": "G Gambhir",
              "bowler": "S Aravind",
              "non_striker": "MK Pandey",
              "runs": {
                "batter": 0,
                "extras": 0,
                "total": 0
              },
              "wickets": [
                {
                  "kind": "lbw",
                  "player_out": "G Gambhir"
                }
              ]
            }
          ]
        },
        {
          "over": 9,
          "deliveries": [
            {
              "batter": "MK Pandey",
              "bowler": "T Shamsi",
              "non_striker": "YK Pathan",
              "runs": {
                "batter": 1,
                "extras": 0,
                "total": 1
              }
            },
            {
              "batter": "YK Pathan",
              "bowler": "T Shamsi",
              "non_striker": "MK Pandey",
              "runs": {
                "batter": 0,
                "extras": 0,
                "total": 0
              }
            },
            {
              "batter": "YK Pathan",
              "bowler": "T Shamsi",
              "non_striker": "MK Pandey",
              "runs": {
                "batter": 0,
                "extras": 0,
                "total": 0
              }
            },
            {
              "batter": "YK Pathan",
              "bowler": "T Shamsi",
              "non_striker": "MK Pandey",
              "runs": {
                "batter": 0,
                "extras": 0,
                "total": 0
              }
            },
            {
              "batter": "YK Pathan",
              "bowler": "T Shamsi",
              "non_striker": "MK Pandey",
              "runs": {
                "batter": 1,
                "extras": 0,
                "total": 1
              }
            },
            {
              "batter": "MK Pandey",
              "bowler": "T Shamsi",
              "extras": {
                "legbyes": 1
              },
              "non_striker": "YK Pathan",
              "runs": {
                "batter": 0,
                "extras": 1,
                "total": 1
              }
            }
          ]
        },
        {
          "over": 10,
          "deliveries": [
            {
              "batter": "MK Pandey",
              "bowler": "SR Watson",
              "non_striker": "YK Pathan",
              "runs": {
                "batter": 0,
                "extras": 0,
                "total": 0
              },
              "wickets": [
                {
                  "kind": "caught",
                  "player_out": "MK Pandey",
                  "fielders": [
                    {
                      "name": "Sachin Baby"
                    }
                  ]
                }
              ]
            },
            {
              "batter": "YK Pathan",
              "bowler": "SR Watson",
              "non_striker": "AD Russell",
              "runs": {
                "batter": 1,
                "extras": 0,
                "total": 1
              }
            },
            {
              "batter": "AD Russell",
              "bowler": "SR Watson",
              "non_striker": "YK Pathan",
              "runs": {
                "batter": 1,
                "extras": 0,
                "total": 1
              }
            },
            {
              "batter": "YK Pathan",
              "bowler": "SR Watson",
              "non_striker": "AD Russell",
              "runs": {
                "batter": 1,
                "extras": 0,
                "total": 1
              }
            },
            {
              "batter": "AD Russell",
              "bowler": "SR Watson",
              "non_striker": "YK Pathan",
              "runs": {
                "batter": 1,
                "extras": 0,
                "total": 1
              }
            },
            {
              "batter": "YK Pathan",
              "bowler": "SR Watson",
              "non_striker": "AD Russell",
              "runs": {
                "batter": 0,
                "extras": 0,
                "total": 0
              }
            }
          ]
        },
        {
          "over": 11,
          "deliveries": [
            {
              "batter": "AD Russell",
              "bowler": "YS Chahal",
              "non_striker": "YK Pathan",
              "runs": {
                "batter": 0,
                "extras": 0,
                "total": 0
              }
            },
            {
              "batter": "AD Russell",
              "bowler": "YS Chahal",
              "non_striker": "YK Pathan",
              "runs": {
                "batter": 6,
                "extras": 0,
                "total": 6
              }
            },
            {
              "batter": "AD Russell",
              "bowler": "YS Chahal",
              "non_striker": "YK Pathan",
              "runs": {
                "batter": 1,
                "extras": 0,
                "total": 1
              }
            },
            {
              "batter": "YK Pathan",
              "bowler": "YS Chahal",
              "non_striker": "AD Russell",
              "runs": {
                "batter": 1,
                "extras": 0,
                "total": 1
              }
            },
            {
              "batter": "AD Russell",
              "bowler": "YS Chahal",
              "non_striker": "YK Pathan",
              "runs": {
                "batter": 0,
                "extras": 0,
                "total": 0
              }
            },
            {
              "batter": "AD Russell",
              "bowler": "YS Chahal",
              "extras": {
                "wides": 1
              },
              "non_striker": "YK Pathan",
              "runs": {
                "batter": 0,
                "extras": 1,
                "total": 1
              }
            },
            {
              "batter": "AD Russell",
              "bowler": "YS Chahal",
              "non_striker": "YK Pathan",
              "runs": {
                "batter": 2,
                "extras": 0,
                "total": 2
              }
            }
          ]
        },
        {
          "over": 12,
          "deliveries": [
            {
              "batter": "YK Pathan",
              "bowler": "VR Aaron",
              "non_striker": "AD Russell",
              "runs": {
                "batter": 6,
                "extras": 0,
                "total": 6
              }
            },
            {
              "batter": "YK Pathan",
              "bowler": "VR Aaron",
              "non_striker": "AD Russell",
              "runs": {
                "batter": 1,
                "extras": 0,
                "total": 1
              }
            },
            {
              "batter": "AD Russell",
              "bowler": "VR Aaron",
              "non_striker": "YK Pathan",
              "runs": {
                "batter": 0,
                "extras": 0,
                "total": 0
              }
            },
            {
              "batter": "AD Russell",
              "bowler": "VR Aaron",
              "non_striker": "YK Pathan",
              "runs": {
                "batter": 0,
                "extras": 0,
                "total": 0
              }
            },
            {
              "batter": "AD Russell",
              "bowler": "VR Aaron",
              "non_striker": "YK Pathan",
              "runs": {
                "batter": 0,
                "extras": 0,
                "total": 0
              }
            },
            {
              "batter": "AD Russell",
              "bowler": "VR Aaron",
              "non_striker": "YK Pathan",
              "runs": {
                "batter": 2,
                "extras": 0,
                "total": 2
              }
            }
          ]
        },
        {
          "over": 13,
          "deliveries": [
            {
              "batter": "YK Pathan",
              "bowler": "YS Chahal",
              "non_striker": "AD Russell",
              "runs": {
                "batter": 0,
                "extras": 0,
                "total": 0
              }
            },
            {
              "batter": "YK Pathan",
              "bowler": "YS Chahal",
              "non_striker": "AD Russell",
              "runs": {
                "batter": 1,
                "extras": 0,
                "total": 1
              }
            },
            {
              "batter": "AD Russell",
              "bowler": "YS Chahal",
              "extras": {
                "byes": 4
              },
              "non_striker": "YK Pathan",
              "runs": {
                "batter": 0,
                "extras": 4,
                "total": 4
              }
            },
            {
              "batter": "AD Russell",
              "bowler": "YS Chahal",
              "non_striker": "YK Pathan",
              "runs": {
                "batter": 0,
                "extras": 0,
                "total": 0
              }
            },
            {
              "batter": "AD Russell",
              "bowler": "YS Chahal",
              "extras": {
                "wides": 5
              },
              "non_striker": "YK Pathan",
              "runs": {
                "batter": 0,
                "extras": 5,
                "total": 5
              }
            },
            {
              "batter": "AD Russell",
              "bowler": "YS Chahal",
              "non_striker": "YK Pathan",
              "runs": {
                "batter": 1,
                "extras": 0,
                "total": 1
              }
            },
            {
              "batter": "YK Pathan",
              "bowler": "YS Chahal",
              "non_striker": "AD Russell",
              "runs": {
                "batter": 1,
                "extras": 0,
                "total": 1
              }
            }
          ]
        },
        {
          "over": 14,
          "deliveries": [
            {
              "batter": "YK Pathan",
              "bowler": "T Shamsi",
              "non_striker": "AD Russell",
              "runs": {
                "batter": 1,
                "extras": 0,
                "total": 1
              }
            },
            {
              "batter": "AD Russell",
              "bowler": "T Shamsi",
              "non_striker": "YK Pathan",
              "runs": {
                "batter": 0,
                "extras": 0,
                "total": 0
              }
            },
            {
              "batter": "AD Russell",
              "bowler": "T Shamsi",
              "non_striker": "YK Pathan",
              "runs": {
                "batter": 6,
                "extras": 0,
                "total": 6
              }
            },
            {
              "batter": "AD Russell",
              "bowler": "T Shamsi",
              "non_striker": "YK Pathan",
              "runs": {
                "batter": 6,
                "extras": 0,
                "total": 6
              }
            },
            {
              "batter": "AD Russell",
              "bowler": "T Shamsi",
              "non_striker": "YK Pathan",
              "runs": {
                "batter": 4,
                "extras": 0,
                "total": 4
              }
            },
            {
              "batter": "AD Russell",
              "bowler": "T Shamsi",
              "non_striker": "YK Pathan",
              "runs": {
                "batter": 1,
                "extras": 0,
                "total": 1
              }
            }
          ]
        },
        {
          "over": 15,
          "deliveries": [
            {
              "batter": "AD Russell",
              "bowler": "VR Aaron",
              "extras": {
                "wides": 1
              },
              "non_striker": "YK Pathan",
              "runs": {
                "batter": 0,
                "extras": 1,
                "total": 1
              }
            },
            {
              "batter": "AD Russell",
              "bowler": "VR Aaron",
              "non_striker": "YK Pathan",
              "runs": {
                "batter": 1,
                "extras": 0,
                "total": 1
              }
            },
            {
              "batter": "YK Pathan",
              "bowler": "VR Aaron",
              "extras": {
                "wides": 1
              },
              "non_striker": "AD Russell",
              "runs": {
                "batter": 0,
                "extras": 1,
                "total": 1
              }
            },
            {
              "batter": "YK Pathan",
              "bowler": "VR Aaron",
              "non_striker": "AD Russell",
              "runs": {
                "batter": 2,
                "extras": 0,
                "total": 2
              }
            },
            {
              "batter": "YK Pathan",
              "bowler": "VR Aaron",
              "non_striker": "AD Russell",
              "runs": {
                "batter": 4,
                "extras": 0,
                "total": 4
              }
            },
            {
              "batter": "YK Pathan",
              "bowler": "VR Aaron",
              "non_striker": "AD Russell",
              "runs": {
                "batter": 1,
                "extras": 0,
                "total": 1
              }
            },
            {
              "batter": "AD Russell",
              "bowler": "VR Aaron",
              "non_striker": "YK Pathan",
              "runs": {
                "batter": 6,
                "extras": 0,
                "total": 6
              }
            },
            {
              "batter": "AD Russell",
              "bowler": "VR Aaron",
              "non_striker": "YK Pathan",
              "runs": {
                "batter": 0,
                "extras": 0,
                "total": 0
              }
            }
          ]
        },
        {
          "over": 16,
          "deliveries": [
            {
              "batter": "YK Pathan",
              "bowler": "SR Watson",
              "non_striker": "AD Russell",
              "runs": {
                "batter": 4,
                "extras": 0,
                "total": 4
              }
            },
            {
              "batter": "YK Pathan",
              "bowler": "SR Watson",
              "non_striker": "AD Russell",
              "runs": {
                "batter": 4,
                "extras": 0,
                "total": 4
              }
            },
            {
              "batter": "YK Pathan",
              "bowler": "SR Watson",
              "non_striker": "AD Russell",
              "runs": {
                "batter": 4,
                "extras": 0,
                "total": 4
              }
            },
            {
              "batter": "YK Pathan",
              "bowler": "SR Watson",
              "non_striker": "AD Russell",
              "runs": {
                "batter": 6,
                "extras": 0,
                "total": 6
              }
            },
            {
              "batter": "YK Pathan",
              "bowler": "SR Watson",
              "non_striker": "AD Russell",
              "runs": {
                "batter": 2,
                "extras": 0,
                "total": 2
              }
            },
            {
              "batter": "YK Pathan",
              "bowler": "SR Watson",
              "non_striker": "AD Russell",
              "runs": {
                "batter": 4,
                "extras": 0,
                "total": 4
              }
            }
          ]
        },
        {
          "over": 17,
          "deliveries": [
            {
              "batter": "AD Russell",
              "bowler": "YS Chahal",
              "non_striker": "YK Pathan",
              "runs": {
                "batter": 1,
                "extras": 0,
                "total": 1
              }
            },
            {
              "batter": "YK Pathan",
              "bowler": "YS Chahal",
              "non_striker": "AD Russell",
              "runs": {
                "batter": 1,
                "extras": 0,
                "total": 1
              }
            },
            {
              "batter": "AD Russell",
              "bowler": "YS Chahal",
              "non_striker": "YK Pathan",
              "runs": {
                "batter": 0,
                "extras": 0,
                "total": 0
              },
              "wickets": [
                {
                  "kind": "caught",
                  "player_out": "AD Russell",
                  "fielders": [
                    {
                      "name": "STR Binny"
                    }
                  ]
                }
              ]
            },
            {
              "batter": "SA Yadav",
              "bowler": "YS Chahal",
              "non_striker": "YK Pathan",
              "runs": {
                "batter": 1,
                "extras": 0,
                "total": 1
              }
            },
            {
              "batter": "YK Pathan",
              "bowler": "YS Chahal",
              "non_striker": "SA Yadav",
              "runs": {
                "batter": 2,
                "extras": 0,
                "total": 2
              }
            },
            {
              "batter": "YK Pathan",
              "bowler": "YS Chahal",
              "non_striker": "SA Yadav",
              "runs": {
                "batter": 1,
                "extras": 0,
                "total": 1
              }
            }
          ]
        },
        {
          "over": 18,
          "deliveries": [
            {
              "batter": "YK Pathan",
              "bowler": "T Shamsi",
              "non_striker": "SA Yadav",
              "runs": {
                "batter": 6,
                "extras": 0,
                "total": 6
              }
            },
            {
              "batter": "YK Pathan",
              "bowler": "T Shamsi",
              "non_striker": "SA Yadav",
              "runs": {
                "batter": 4,
                "extras": 0,
                "total": 4
              }
            },
            {
              "batter": "YK Pathan",
              "bowler": "T Shamsi",
              "non_striker": "SA Yadav",
              "runs": {
                "batter": 1,
                "extras": 0,
                "total": 1
              }
            },
            {
              "batter": "SA Yadav",
              "bowler": "T Shamsi",
              "non_striker": "YK Pathan",
              "runs": {
                "batter": 4,
                "extras": 0,
                "total": 4
              }
            },
            {
              "batter": "SA Yadav",
              "bowler": "T Shamsi",
              "non_striker": "YK Pathan",
              "runs": {
                "batter": 0,
                "extras": 0,
                "total": 0
              }
            },
            {
              "batter": "SA Yadav",
              "bowler": "T Shamsi",
              "non_striker": "YK Pathan",
              "runs": {
                "batter": 1,
                "extras": 0,
                "total": 1
              }
            }
          ]
        },
        {
          "over": 19,
          "deliveries": [
            {
              "batter": "SA Yadav",
              "bowler": "S Aravind",
              "non_striker": "YK Pathan",
              "runs": {
                "batter": 4,
                "extras": 0,
                "total": 4
              }
            }
          ]
        }
      ],
      "powerplays": [
        {
          "from": 0.1,
          "to": 5.6,
          "type": "mandatory"
        }
      ],
      "target": {
        "overs": 20,
        "runs": 186
      }
    }
  ]
}