{
  "meta": {
    "data_version": "1.0.0",
    "created": "2016-04-27",
    "revision": 1
  },
  "info": {
    "balls_per_over": 6,
    "city": "Hyderabad",
    "dates": [
      "2016-04-26"
    ],
    "event": {
      "match_number": 22,
      "name": "Indian Premier League"
    },
    "gender": "male",
    "match_type": "T20",
    "officials": {
      "match_referees": [
        "Amit Sharma"
      ],
      "reserve_umpires": [
        "YC Barde"
      ],
      "tv_umpires": [
        "HDPK Dharmasena"
      ],
      "umpires": [
        "AY Dandekar",
        "CK Nandan"
      ]
    },
    "outcome": {
      "by": {
        "runs": 34
      },
      "method": "D/L",
      "winner": "Rising Pune Supergiants"
    },
    "overs": 20,
    "player_of_match": [
      "AB Dinda"
    ],
    "players": {
      "Rising Pune Supergiants": [
        "AM Rahane",
        "F du Plessis",
        "SPD Smith",
        "MS Dhoni",
        "SS Tiwary",
        "NLTC Perera",
        "MR Marsh",
        "R Bhatia",
        "R Ashwin",
        "M Ashwin",
        "AB Dinda"
      ],
      "Sunrisers Hyderabad": [
        "DA Warner",
        "S Dhawan",
        "AP Tare",
        "EJG Morgan",
        "DJ Hooda",
        "MC Henriques",
        "NV Ojha",
        "Bipul Sharma",
        "B Kumar",
        "A Nehra",
        "Mustafizur Rahman"
      ]
    },
    "registry": {
      "people": {
        "A Nehra": "96fd40ae",
        "AB Dinda": "66b30f71",
        "AM Rahane": "29e95537",
        "AP Tare": "855a210c",
        "AY Dandekar": "2efc430e",
        "Amit Sharma": "7ea3e0cc",
        "B Kumar": "2e81a32d",
        "Bipul Sharma": "c18496e1",
        "CK Nandan": "012de9c4",
        "DA Warner": "dcce6f09",
        "DJ Hooda": "73ad96ed",
        "EJG Morgan": "d2a6c0e6",
        "F du Plessis": "3355b542",
        "HDPK Dharmasena": "323e4c16",
        "M Ashwin": "e2db2409",
        "MC Henriques": "32198ae0",
        "MR Marsh": "3d8feaf8",
        "MS Dhoni": "4a8a2e3b",
        "Mustafizur Rahman": "0a8fce53",
        "NLTC Perera": "0f12f9df",
        "NV Ojha": "890946a0",
        "R Ashwin": "495d42a5",
        "R Bhatia": "33a364a6",
        "S Dhawan": "0a476045",
        "SPD Smith": "30a45b23",
        "SS Tiwary": "709b0bac",
        "YC Barde": "b90f3346"
      }
    },
    "season": 2016,
    "team_type": "club",
    "teams": [
      "Sunrisers Hyderabad",
      "Rising Pune Supergiants"
    ],
    "toss": {
      "decision": "field",
      "winner": "Rising Pune Supergiants"
    },
    "venue": "Rajiv Gandhi International Stadium, Uppal"
  },
  "innings": [
    {
      "team": "Sunrisers Hyderabad",
      "overs": [
        {
          "over": 0,
          "deliveries": [
            {
              "batter": "DA Warner",
              "bowler": "AB Dinda",
              "non_striker": "S Dhawan",
              "runs": {
                "batter": 0,
                "extras": 0,
                "total": 0
              }
            },
            {
              "batter": "DA Warner",
              "bowler": "AB Dinda",
              "non_striker": "S Dhawan",
              "runs": {
                "batter": 0,
                "extras": 0,
                "total": 0
              }
            },
            {
              "batter": "DA Warner",
              "bowler": "AB Dinda",
              "non_striker": "S Dhawan",
              "runs": {
                "batter": 0,
                "extras": 0,
                "total": 0
              }
            },
            {
              "batter": "DA Warner",
              "bowler": "AB Dinda",
              "non_striker": "S Dhawan",
              "runs": {
                "batter": 0,
                "extras": 0,
                "total": 0
              },
              "wickets": [
                {
                  "kind": "caught",
                  "player_out": "DA Warner",
                  "fielders": [
                    {
                      "name": "AM Rahane"
                    }
                  ]
                }
              ]
            },
            {
              "batter": "AP Tare",
              "bowler": "AB Dinda",
              "extras": {
                "legbyes": 4
              },
              "non_striker": "S Dhawan",
              "runs": {
                "batter": 0,
                "extras": 4,
                "total": 4
              }
            },
            {
              "batter": "AP Tare",
              "bowler": "AB Dinda",
              "non_striker": "S Dhawan",
              "runs": {
                "batter": 0,
                "extras": 0,
                "total": 0
              }
            }
          ]
        },
        {
          "over": 1,
          "deliveries": [
            {
              "batter": "S Dhawan",
              "bowler": "MR Marsh",
              "non_striker": "AP Tare",
              "runs": {
                "batter": 2,
                "extras": 0,
                "total": 2
              }
            },
            {
              "batter": "S Dhawan",
              "bowler": "MR Marsh",
              "non_striker": "AP Tare",
              "runs": {
                "batter": 0,
                "extras": 0,
                "total": 0
              }
            },
            {
              "batter": "S Dhawan",
              "bowler": "MR Marsh",
              "non_striker": "AP Tare",
              "runs": {
                "batter": 0,
                "extras": 0,
                "total": 0
              }
            },
            {
              "batter": "S Dhawan",
              "bowler": "MR Marsh",
              "non_striker": "AP Tare",
              "runs": {
                "batter": 1,
                "extras": 0,
                "total": 1
              }
            },
            {
              "batter": "AP Tare",
              "bowler": "MR Marsh",
              "non_striker": "S Dhawan",
              "runs": {
                "batter": 0,
                "extras": 0,
                "total": 0
              }
            },
            {
              "batter": "AP Tare",
              "bowler": "MR Marsh",
              "non_striker": "S Dhawan",
              "runs": {
                "batter": 0,
                "extras": 0,
                "total": 0
              }
            }
          ]
        },
        {
          "over": 2,
          "deliveries": [
            {
              "batter": "S Dhawan",
              "bowler": "NLTC Perera",
              "non_striker": "AP Tare",
              "runs": {
                "batter": 1,
                "extras": 0,
                "total": 1
              }
            },
            {
              "batter": "AP Tare",
              "bowler": "NLTC Perera",
              "non_striker": "S Dhawan",
              "runs": {
                "batter": 1,
                "extras": 0,
                "total": 1
              }
            },
            {
              "batter": "S Dhawan",
              "bowler": "NLTC Perera",
              "non_striker": "AP Tare",
              "runs": {
                "batter": 0,
                "extras": 0,
                "total": 0
              }
            },
            {
              "batter": "S Dhawan",
              "bowler": "NLTC Perera",
              "non_striker": "AP Tare",
              "runs": {
                "batter": 3,
                "extras": 0,
                "total": 3
              }
            },
            {
              "batter": "AP Tare",
              "bowler": "NLTC Perera",
              "non_striker": "S Dhawan",
              "runs": {
                "batter": 0,
                "extras": 0,
                "total": 0
              }
            },
            {
              "batter": "AP Tare",
              "bowler": "NLTC Perera",
              "non_striker": "S Dhawan",
              "runs": {
                "batter": 1,
                "extras": 0,
                "total": 1
              }
            }
          ]
        },
        {
          "over": 3,
          "deliveries": [
            {
              "batter": "AP Tare",
              "bowler": "MR Marsh",
              "non_striker": "S Dhawan",
              "runs": {
                "batter": 0,
                "extras": 0,
                "total": 0
              }
            },
            {
              "batter": "AP Tare",
              "bowler": "MR Marsh",
              "non_striker": "S Dhawan",
              "runs": {
                "batter": 0,
                "extras": 0,
                "total": 0
              }
            },
            {
              "batter": "AP Tare",
              "bowler": "MR Marsh",
              "non_striker": "S Dhawan",
              "runs": {
                "batter": 0,
                "extras": 0,
                "total": 0
              }
            },
            {
              "batter": "AP Tare",
              "bowler": "MR Marsh",
              "non_striker": "S Dhawan",
              "runs": {
                "batter": 4,
                "extras": 0,
                "total": 4
              }
            },
            {
              "batter": "AP Tare",
              "bowler": "MR Marsh",
              "non_striker": "S Dhawan",
              "runs": {
                "batter": 0,
                "extras": 0,
                "total": 0
              }
            },
            {
              "batter": "AP Tare",
              "bowler": "MR Marsh",
              "non_striker": "S Dhawan",
              "runs": {
                "batter": 2,
                "extras": 0,
                "total": 2
              }
            }
          ]
        },
        {
          "over": 4,
          "deliveries": [
            {
              "batter": "S Dhawan",
              "bowler": "AB Dinda",
              "non_striker": "AP Tare",
              "runs": {
                "batter": 4,
                "extras": 0,
                "total": 4
              }
            },
            {
              "batter": "S Dhawan",
              "bowler": "AB Dinda",
              "non_striker": "AP Tare",
              "runs": {
                "batter": 0,
                "extras": 0,
                "total": 0
              }
            },
            {
              "batter": "S Dhawan",
              "bowler": "AB Dinda",
              "non_striker": "AP Tare",
              "runs": {
                "batter": 0,
                "extras": 0,
                "total": 0
              }
            },
            {
              "batter": "S Dhawan",
              "bowler": "AB Dinda",
              "non_striker": "AP Tare",
              "runs": {
                "batter": 2,
                "extras": 0,
                "total": 2
              }
            },
            {
              "batter": "S Dhawan",
              "bowler": "AB Dinda",
              "non_striker": "AP Tare",
              "runs": {
                "batter": 1,
                "extras": 0,
                "total": 1
              }
            },
            {
              "batter": "AP Tare",
              "bowler": "AB Dinda",
              "non_striker": "S Dhawan",
              "runs": {
                "batter": 0,
                "extras": 0,
                "total": 0
              },
              "wickets": [
                {
                  "kind": "caught",
                  "player_out": "AP Tare",
                  "fielders": [
                    {
                      "name": "NLTC Perera"
                    }
                  ]
                }
              ]
            }
          ]
        },
        {
          "over": 5,
          "deliveries": [
            {
              "batter": "S Dhawan",
              "bowler": "MR Marsh",
              "non_striker": "EJG Morgan",
              "runs": {
                "batter": 1,
                "extras": 0,
                "total": 1
              }
            },
            {
              "batter": "EJG Morgan",
              "bowler": "MR Marsh",
              "non_striker": "S Dhawan",
              "runs": {
                "batter": 0,
                "extras": 0,
                "total": 0
              }
            },
            {
              "batter": "EJG Morgan",
              "bowler": "MR Marsh",
              "non_striker": "S Dhawan",
              "runs": {
                "batter": 0,
                "extras": 0,
                "total": 0
              },
              "wickets": [
                {
                  "kind": "caught",
                  "player_out": "EJG Morgan",
                  "fielders": [
                    {
                      "name": "MS Dhoni"
                    }
                  ]
                }
              ]
            },
            {
              "batter": "DJ Hooda",
              "bowler": "MR Marsh",
              "non_striker": "S Dhawan",
              "runs": {
                "batter": 0,
                "extras": 0,
                "total": 0
              }
            },
            {
              "batter": "DJ Hooda",
              "bowler": "MR Marsh",
              "non_striker": "S Dhawan",
              "runs": {
                "batter": 0,
                "extras": 0,
                "total": 0
              }
            },
            {
              "batter": "DJ Hooda",
              "bowler": "MR Marsh",
              "non_striker": "S Dhawan",
              "runs": {
                "batter": 0,
                "extras": 0,
                "total": 0
              }
            }
          ]
        },
        {
          "over": 6,
          "deliveries": [
            {
              "batter": "S Dhawan",
              "bowler": "NLTC Perera",
              "non_striker": "DJ Hooda",
              "runs": {
                "batter": 1,
                "extras": 0,
                "total": 1
              }
            },
            {
              "batter": "DJ Hooda",
              "bowler": "NLTC Perera",
              "non_striker": "S Dhawan",
              "runs": {
                "batter": 0,
                "extras": 0,
                "total": 0
              }
            },
            {
              "batter": "DJ Hooda",
              "bowler": "NLTC Perera",
              "non_striker": "S Dhawan",
              "runs": {
                "batter": 0,
                "extras": 0,
                "total": 0
              }
            },
            {
              "batter": "DJ Hooda",
              "bowler": "NLTC Perera",
              "non_striker": "S Dhawan",
              "runs": {
                "batter": 0,
                "extras": 0,
                "total": 0
              }
            },
            {
              "batter": "DJ Hooda",
              "bowler": "NLTC Perera",
              "non_striker": "S Dhawan",
              "runs": {
                "batter": 0,
                "extras": 0,
                "total": 0
              }
            },
            {
              "batter": "DJ Hooda",
              "bowler": "NLTC Perera",
              "non_striker": "S Dhawan",
              "runs": {
                "batter": 1,
                "extras": 0,
                "total": 1
              }
            }
          ]
        },
        {
          "over": 7,
          "deliveries": [
            {
              "batter": "DJ Hooda",
              "bowler": "R Ashwin",
              "non_striker": "S Dhawan",
              "runs": {
                "batter": 0,
                "extras": 0,
                "total": 0
              },
              "wickets": [
                {
                  "kind": "caught",
                  "player_out": "DJ Hooda",
                  "fielders": [
                    {
                      "name": "MS Dhoni"
                    }
                  ]
                }
              ]
            },
            {
              "batter": "MC Henriques",
              "bowler": "R Ashwin",
              "non_striker": "S Dhawan",
              "runs": {
                "batter": 0,
                "extras": 0,
                "total": 0
              }
            },
            {
              "batter": "MC Henriques",
              "bowler": "R Ashwin",
              "extras": {
                "legbyes": 1
              },
              "non_striker": "S Dhawan",
              "runs": {
                "batter": 0,
                "extras": 1,
                "total": 1
              }
            },
            {
              "batter": "S Dhawan",
              "bowler": "R Ashwin",
              "non_striker": "MC Henriques",
              "runs": {
                "batter": 0,
                "extras": 0,
                "total": 0
              }
            },
            {
              "batter": "S Dhawan",
              "bowler": "R Ashwin",
              "non_striker": "MC Henriques",
              "runs": {
                "batter": 1,
                "extras": 0,
                "total": 1
              }
            },
            {
              "batter": "MC Henriques",
              "bowler": "R Ashwin",
              "non_striker": "S Dhawan",
              "runs": {
                "batter": 1,
                "extras": 0,
                "total": 1
              }
            }
          ]
        },
        {
          "over": 8,
          "deliveries": [
            {
              "batter": "MC Henriques",
              "bowler": "MR Marsh",
              "non_striker": "S Dhawan",
              "runs": {
                "batter": 0,
                "extras": 0,
                "total": 0
              },
              "wickets": [
                {
                  "kind": "caught",
                  "player_out": "MC Henriques",
                  "fielders": [
                    {
                      "name": "MS Dhoni"
                    }
                  ]
                }
              ]
            },
            {
              "batter": "NV Ojha",
              "bowler": "MR Marsh",
              "non_striker": "S Dhawan",
              "runs": {
                "batter": 0,
                "extras": 0,
                "total": 0
              }
            },
            {
              "batter": "NV Ojha",
              "bowler": "MR Marsh",
              "non_striker": "S Dhawan",
              "runs": {
                "batter": 1,
                "extras": 0,
                "total": 1
              }
            },
            {
              "batter": "S Dhawan",
              "bowler": "MR Marsh",
              "non_striker": "NV Ojha",
              "runs": {
                "batter": 1,
                "extras": 0,
                "total": 1
              }
            },
            {
              "batter": "NV Ojha",
              "bowler": "MR Marsh",
              "non_striker": "S Dhawan",
              "runs": {
                "batter": 1,
                "extras": 0,
                "total": 1
              }
            },
            {
              "batter": "S Dhawan",
              "bowler": "MR Marsh",
              "non_striker": "NV Ojha",
              "runs": {
                "batter": 1,
                "extras": 0,
                "total": 1
              }
            }
          ]
        },
        {
          "over": 9,
          "deliveries": [
            {
              "batter": "S Dhawan",
              "bowler": "R Ashwin",
              "non_striker": "NV Ojha",
              "runs": {
                "batter": 0,
                "extras": 0,
                "total": 0
              }
            },
            {
              "batter": "S Dhawan",
              "bowler": "R Ashwin",
              "non_striker": "NV Ojha",
              "runs": {
                "batter": 2,
                "extras": 0,
                "total": 2
              }
            },
            {
              "batter": "S Dhawan",
              "bowler": "R Ashwin",
              "non_striker": "NV Ojha",
              "runs": {
                "batter": 0,
                "extras": 0,
                "total": 0
              }
            },
            {
              "batter": "S Dhawan",
              "bowler": "R Ashwin",
              "non_striker": "NV Ojha",
              "runs": {
                "batter": 0,
                "extras": 0,
                "total": 0
              }
            },
            {
              "batter": "S Dhawan",
              "bowler": "R Ashwin",
              "non_striker": "NV Ojha",
              "runs": {
                "batter": 1,
                "extras": 0,
                "total": 1
              }
            },
            {
              "batter": "NV Ojha",
              "bowler": "R Ashwin",
              "non_striker": "S Dhawan",
              "runs": {
                "batter": 0,
                "extras": 0,
                "total": 0
              }
            }
          ]
        },
        {
          "over": 10,
          "deliveries": [
            {
              "batter": "S Dhawan",
              "bowler": "R Bhatia",
              "non_striker": "NV Ojha",
              "runs": {
                "batter": 0,
                "extras": 0,
                "total": 0
              }
            },
            {
              "batter": "S Dhawan",
              "bowler": "R Bhatia",
              "non_striker": "NV Ojha",
              "runs": {
                "batter": 0,
                "extras": 0,
                "total": 0
              }
            },
            {
              "batter": "S Dhawan",
              "bowler": "R Bhatia",
              "non_striker": "NV Ojha",
              "runs": {
                "batter": 1,
                "extras": 0,
                "total": 1
              }
            },
            {
              "batter": "NV Ojha",
              "bowler": "R Bhatia",
              "non_striker": "S Dhawan",
              "runs": {
                "batter": 1,
                "extras": 0,
                "total": 1
              }
            },
            {
              "batter": "S Dhawan",
              "bowler": "R Bhatia",
              "non_striker": "NV Ojha",
              "runs": {
                "batter": 0,
                "extras": 0,
                "total": 0
              }
            },
            {
              "batter": "S Dhawan",
              "bowler": "R Bhatia",
              "non_striker": "NV Ojha",
              "runs": {
                "batter": 1,
                "extras": 0,
                "total": 1
              }
            }
          ]
        },
        {
          "over": 11,
          "deliveries": [
            {
              "batter": "S Dhawan",
              "bowler": "R Ashwin",
              "non_striker": "NV Ojha",
              "runs": {
                "batter": 1,
                "extras": 0,
                "total": 1
              }
            },
            {
              "batter": "NV Ojha",
              "bowler": "R Ashwin",
              "non_striker": "S Dhawan",
              "runs": {
                "batter": 0,
                "extras": 0,
                "total": 0
              }
            },
            {
              "batter": "NV Ojha",
              "bowler": "R Ashwin",
              "non_striker": "S Dhawan",
              "runs": {
                "batter": 1,
                "extras": 0,
                "total": 1
              }
            },
            {
              "batter": "S Dhawan",
              "bowler": "R Ashwin",
              "non_striker": "NV Ojha",
              "runs": {
                "batter": 0,
                "extras": 0,
                "total": 0
              }
            },
            {
              "batter": "S Dhawan",
              "bowler": "R Ashwin",
              "non_striker": "NV Ojha",
              "runs": {
                "batter": 1,
                "extras": 0,
                "total": 1
              }
            },
            {
              "batter": "NV Ojha",
              "bowler": "R Ashwin",
              "non_striker": "S Dhawan",
              "runs": {
                "batter": 0,
                "extras": 0,
                "total": 0
              }
            }
          ]
        },
        {
          "over": 12,
          "deliveries": [
            {
              "batter": "S Dhawan",
              "bowler": "R Bhatia",
              "non_striker": "NV Ojha",
              "runs": {
                "batter": 4,
                "extras": 0,
                "total": 4
              }
            },
            {
              "batter": "S Dhawan",
              "bowler": "R Bhatia",
              "non_striker": "NV Ojha",
              "runs": {
                "batter": 1,
                "extras": 0,
                "total": 1
              }
            },
            {
              "batter": "NV Ojha",
              "bowler": "R Bhatia",
              "non_striker": "S Dhawan",
              "runs": {
                "batter": 1,
                "extras": 0,
                "total": 1
              }
            },
            {
              "batter": "S Dhawan",
              "bowler": "R Bhatia",
              "non_striker": "NV Ojha",
              "runs": {
                "batter": 1,
                "extras": 0,
                "total": 1
              }
            },
            {
              "batter": "NV Ojha",
              "bowler": "R Bhatia",
              "non_striker": "S Dhawan",
              "runs": {
                "batter": 0,
                "extras": 0,
                "total": 0
              }
            },
            {
              "batter": "NV Ojha",
              "bowler": "R Bhatia",
              "non_striker": "S Dhawan",
              "runs": {
                "batter": 1,
                "extras": 0,
                "total": 1
              }
            }
          ]
        },
        {
          "over": 13,
          "deliveries": [
            {
              "batter": "NV Ojha",
              "bowler": "R Ashwin",
              "non_striker": "S Dhawan",
              "runs": {
                "batter": 1,
                "extras": 0,
                "total": 1
              }
            },
            {
              "batter": "S Dhawan",
              "bowler": "R Ashwin",
              "non_striker": "NV Ojha",
              "runs": {
                "batter": 1,
                "extras": 0,
                "total": 1
              }
            },
            {
              "batter": "NV Ojha",
              "bowler": "R Ashwin",
              "non_striker": "S Dhawan",
              "runs": {
                "batter": 0,
                "extras": 0,
                "total": 0
              }
            },
            {
              "batter": "NV Ojha",
              "bowler": "R Ashwin",
              "non_striker": "S Dhawan",
              "runs": {
                "batter": 1,
                "extras": 0,
                "total": 1
              }
            },
            {
              "batter": "S Dhawan",
              "bowler": "R Ashwin",
              "non_striker": "NV Ojha",
              "runs": {
                "batter": 2,
                "extras": 0,
                "total": 2
              }
            },
            {
              "batter": "S Dhawan",
              "bowler": "R Ashwin",
              "non_striker": "NV Ojha",
              "runs": {
                "batter": 1,
                "extras": 0,
                "total": 1
              }
            }
          ]
        },
        {
          "over": 14,
          "deliveries": [
            {
              "batter": "S Dhawan",
              "bowler": "R Bhatia",
              "non_striker": "NV Ojha",
              "runs": {
                "batter": 2,
                "extras": 0,
                "total": 2
              }
            },
            {
              "batter": "S Dhawan",
              "bowler": "R Bhatia",
              "non_striker": "NV Ojha",
              "runs": {
                "batter": 1,
                "extras": 0,
                "total": 1
              }
            },
            {
              "batter": "NV Ojha",
              "bowler": "R Bhatia",
              "non_striker": "S Dhawan",
              "runs": {
                "batter": 6,
                "extras": 0,
                "total": 6
              }
            },
            {
              "batter": "NV Ojha",
              "bowler": "R Bhatia",
              "non_striker": "S Dhawan",
              "runs": {
                "batter": 1,
                "extras": 0,
                "total": 1
              }
            },
            {
              "batter": "S Dhawan",
              "bowler": "R Bhatia",
              "extras": {
                "wides": 1
              },
              "non_striker": "NV Ojha",
              "runs": {
                "batter": 0,
                "extras": 1,
                "total": 1
              }
            },
            {
              "batter": "S Dhawan",
              "bowler": "R Bhatia",
              "non_striker": "NV Ojha",
              "runs": {
                "batter": 1,
                "extras": 0,
                "total": 1
              }
            },
            {
              "batter": "NV Ojha",
              "bowler": "R Bhatia",
              "non_striker": "S Dhawan",
              "runs": {
                "batter": 1,
                "extras": 0,
                "total": 1
              }
            }
          ]
        },
        {
          "over": 15,
          "deliveries": [
            {
              "batter": "NV Ojha",
              "bowler": "M Ashwin",
              "non_striker": "S Dhawan",
              "runs": {
                "batter": 1,
                "extras": 0,
                "total": 1
              }
            },
            {
              "batter": "S Dhawan",
              "bowler": "M Ashwin",
              "non_striker": "NV Ojha",
              "runs": {
                "batter": 1,
                "extras": 0,
                "total": 1
              }
            },
            {
              "batter": "NV Ojha",
              "bowler": "M Ashwin",
              "non_striker": "S Dhawan",
              "runs": {
                "batter": 1,
                "extras": 0,
                "total": 1
              }
            },
            {
              "batter": "S Dhawan",
              "bowler": "M Ashwin",
              "non_striker": "NV Ojha",
              "runs": {
                "batter": 2,
                "extras": 0,
                "total": 2
              }
            },
            {
              "batter": "S Dhawan",
              "bowler": "M Ashwin",
              "non_striker": "NV Ojha",
              "runs": {
                "batter": 0,
                "extras": 0,
                "total": 0
              }
            },
            {
              "batter": "S Dhawan",
              "bowler": "M Ashwin",
              "non_striker": "NV Ojha",
              "runs": {
                "batter": 1,
                "extras": 0,
                "total": 1
              }
            }
          ]
        },
        {
          "over": 16,
          "deliveries": [
            {
              "batter": "S Dhawan",
              "bowler": "AB Dinda",
              "non_striker": "NV Ojha",
              "runs": {
                "batter": 0,
                "extras": 0,
                "total": 0
              }
            },
            {
              "batter": "S Dhawan",
              "bowler": "AB Dinda",
              "non_striker": "NV Ojha",
              "runs": {
                "batter": 1,
                "extras": 0,
                "total": 1
              }
            },
            {
              "batter": "NV Ojha",
              "bowler": "AB Dinda",
              "non_striker": "S Dhawan",
              "runs": {
                "batter": 0,
                "extras": 0,
                "total": 0
              }
            },
            {
              "batter": "NV Ojha",
              "bowler": "AB Dinda",
              "non_striker": "S Dhawan",
              "runs": {
                "batter": 0,
                "extras": 0,
                "total": 0
              },
              "wickets": [
                {
                  "kind": "bowled",
                  "player_out": "NV Ojha"
                }
              ]
            },
            {
              "batter": "Bipul Sharma",
              "bowler": "AB Dinda",
              "non_striker": "S Dhawan",
              "runs": {
                "batter": 0,
                "extras": 0,
                "total": 0
              }
            },
            {
              "batter": "Bipul Sharma",
              "bowler": "AB Dinda",
              "non_striker": "S Dhawan",
              "runs": {
                "batter": 2,
                "extras": 0,
                "total": 2
              }
            }
          ]
        },
        {
          "over": 17,
          "deliveries": [
            {
              "batter": "S Dhawan",
              "bowler": "NLTC Perera",
              "non_striker": "Bipul Sharma",
              "runs": {
                "batter": 1,
                "extras": 0,
                "total": 1
              }
            },
            {
              "batter": "Bipul Sharma",
              "bowler": "NLTC Perera",
              "non_striker": "S Dhawan",
              "runs": {
                "batter": 2,
                "extras": 0,
                "total": 2
              }
            },
            {
              "batter": "Bipul Sharma",
              "bowler": "NLTC Perera",
              "non_striker": "S Dhawan",
              "runs": {
                "batter": 1,
                "extras": 0,
                "total": 1
              }
            },
            {
              "batter": "S Dhawan",
              "bowler": "NLTC Perera",
              "non_striker": "Bipul Sharma",
              "runs": {
                "batter": 6,
                "extras": 0,
                "total": 6
              }
            },
            {
              "batter": "S Dhawan",
              "bowler": "NLTC Perera",
              "non_striker": "Bipul Sharma",
              "runs": {
                "batter": 1,
                "extras": 0,
                "total": 1
              }
            },
            {
              "batter": "Bipul Sharma",
              "bowler": "NLTC Perera",
              "non_striker": "S Dhawan",
              "runs": {
                "batter": 0,
                "extras": 0,
                "total": 0
              }
            }
          ]
        },
        {
          "over": 18,
          "deliveries": [
            {
              "batter": "S Dhawan",
              "bowler": "AB Dinda",
              "non_striker": "Bipul Sharma",
              "runs": {
                "batter": 0,
                "extras": 0,
                "total": 0
              },
              "wickets": [
                {
                  "kind": "run out",
                  "player_out": "Bipul Sharma",
                  "fielders": [
                    {
                      "name": "NLTC Perera"
                    }
                  ]
                }
              ]
            },
            {
              "batter": "B Kumar",
              "bowler": "AB Dinda",
              "extras": {
                "wides": 1
              },
              "non_striker": "S Dhawan",
              "runs": {
                "batter": 0,
                "extras": 1,
                "total": 1
              }
            },
            {
              "batter": "B Kumar",
              "bowler": "AB Dinda",
              "non_striker": "S Dhawan",
              "runs": {
                "batter": 4,
                "extras": 0,
                "total": 4
              }
            },
            {
              "batter": "B Kumar",
              "bowler": "AB Dinda",
              "non_striker": "S Dhawan",
              "runs": {
                "batter": 0,
                "extras": 0,
                "total": 0
              }
            },
            {
              "batter": "B Kumar",
              "bowler": "AB Dinda",
              "non_striker": "S Dhawan",
              "runs": {
                "batter": 6,
                "extras": 0,
                "total": 6
              }
            },
            {
              "batter": "B Kumar",
              "bowler": "AB Dinda",
              "non_striker": "S Dhawan",
              "runs": {
                "batter": 1,
                "extras": 0,
                "total": 1
              }
            },
            {
              "batter": "S Dhawan",
              "bowler": "AB Dinda",
              "extras": {
                "wides": 1
              },
              "non_striker": "B Kumar",
              "runs": {
                "batter": 0,
                "extras": 1,
                "total": 1
              }
            },
            {
              "batter": "S Dhawan",
              "bowler": "AB Dinda",
              "non_striker": "B Kumar",
              "runs": {
                "batter": 0,
                "extras": 0,
                "total": 0
              }
            }
          ]
        },
        {
          "over": 19,
          "deliveries": [
            {
              "batter": "B Kumar",
              "bowler": "NLTC Perera",
              "non_striker": "S Dhawan",
              "runs": {
                "batter": 4,
                "extras": 0,
                "total": 4
              }
            },
            {
              "batter": "B Kumar",
              "bowler": "NLTC Perera",
              "non_striker": "S Dhawan",
              "runs": {
                "batter": 4,
                "extras": 0,
                "total": 4
              }
            },
            {
              "batter": "B Kumar",
              "bowler": "NLTC Perera",
              "non_striker": "S Dhawan",
              "runs": {
                "batter": 2,
                "extras": 0,
                "total": 2
              }
            },
            {
              "batter": "B Kumar",
              "bowler": "NLTC Perera",
              "non_striker": "S Dhawan",
              "runs": {
                "batter": 0,
                "extras": 0,
                "total": 0
              },
              "wickets": [
                {
                  "kind": "caught",
                  "player_out": "B Kumar",
                  "fielders": [
                    {
                      "name": "F du Plessis"
                    }
                  ]
                }
              ]
            },
            {
              "batter": "S Dhawan",
              "bowler": "NLTC Perera",
              "non_striker": "A Nehra",
              "runs": {
                "batter": 2,
                "extras": 0,
                "total": 2
              }
            },
            {
              "batter": "S Dhawan",
              "bowler": "NLTC Perera",
              "non_striker": "A Nehra",
              "runs": {
                "batter": 1,
                "extras": 0,
                "total": 1
              }
            }
          ]
        }
      ],
      "powerplays": [
        {
          "from": 0.1,
          "to": 5.6,
          "type": "mandatory"
        }
      ]
    },
    {
      "team": "Rising Pune Supergiants",
      "overs": [
        {
          "over": 0,
          "deliveries": [
            {
              "batter": "AM Rahane",
              "bowler": "B Kumar",
              "non_striker": "F du Plessis",
              "runs": {
                "batter": 0,
                "extras": 0,
                "total": 0
              }
            },
            {
              "batter": "AM Rahane",
              "bowler": "B Kumar",
              "non_striker": "F du Plessis",
              "runs": {
                "batter": 0,
                "extras": 0,
                "total": 0
              }
            },
            {
              "batter": "AM Rahane",
              "bowler": "B Kumar",
              "non_striker": "F du Plessis",
              "runs": {
                "batter": 0,
                "extras": 0,
                "total": 0
              }
            },
            {
              "batter": "AM Rahane",
              "bowler": "B Kumar",
              "non_striker": "F du Plessis",
              "runs": {
                "batter": 0,
                "extras": 0,
                "total": 0
              }
            },
            {
              "batter": "AM Rahane",
              "bowler": "B Kumar",
              "non_striker": "F du Plessis",
              "runs": {
                "batter": 0,
                "extras": 0,
                "total": 0
              },
              "wickets": [
                {
                  "kind": "caught",
                  "player_out": "AM Rahane",
                  "fielders": [
                    {
                      "name": "EJG Morgan"
                    }
                  ]
                }
              ]
            },
            {
              "batter": "SPD Smith",
              "bowler": "B Kumar",
              "non_striker": "F du Plessis",
              "runs": {
                "batter": 0,
                "extras": 0,
                "total": 0
              }
            }
          ]
        },
        {
          "over": 1,
          "deliveries": [
            {
              "batter": "F du Plessis",
              "bowler": "A Nehra",
              "non_striker": "SPD Smith",
              "runs": {
                "batter": 0,
                "extras": 0,
                "total": 0
              }
            },
            {
              "batter": "F du Plessis",
              "bowler": "A Nehra",
              "non_striker": "SPD Smith",
              "runs": {
                "batter": 4,
                "extras": 0,
                "total": 4
              }
            },
            {
              "batter": "F du Plessis",
              "bowler": "A Nehra",
              "non_striker": "SPD Smith",
              "runs": {
                "batter": 0,
                "extras": 0,
                "total": 0
              }
            },
            {
              "batter": "F du Plessis",
              "bowler": "A Nehra",
              "non_striker": "SPD Smith",
              "runs": {
                "batter": 0,
                "extras": 0,
                "total": 0
              }
            },
            {
              "batter": "F du Plessis",
              "bowler": "A Nehra",
              "extras": {
                "wides": 1
              },
              "non_striker": "SPD Smith",
              "runs": {
                "batter": 0,
                "extras": 1,
                "total": 1
              }
            },
            {
              "batter": "F du Plessis",
              "bowler": "A Nehra",
              "non_striker": "SPD Smith",
              "runs": {
                "batter": 0,
                "extras": 0,
                "total": 0
              }
            },
            {
              "batter": "F du Plessis",
              "bowler": "A Nehra",
              "non_striker": "SPD Smith",
              "runs": {
                "batter": 0,
                "extras": 0,
                "total": 0
              }
            }
          ]
        },
        {
          "over": 2,
          "deliveries": [
            {
              "batter": "SPD Smith",
              "bowler": "B Kumar",
              "non_striker": "F du Plessis",
              "runs": {
                "batter": 1,
                "extras": 0,
                "total": 1
              }
            },
            {
              "batter": "F du Plessis",
              "bowler": "B Kumar",
              "non_striker": "SPD Smith",
              "runs": {
                "batter": 0,
                "extras": 0,
                "total": 0
              }
            },
            {
              "batter": "F du Plessis",
              "bowler": "B Kumar",
              "non_striker": "SPD Smith",
              "runs": {
                "batter": 4,
                "extras": 0,
                "total": 4
              }
            },
            {
              "batter": "F du Plessis",
              "bowler": "B Kumar",
              "non_striker": "SPD Smith",
              "runs": {
                "batter": 1,
                "extras": 0,
                "total": 1
              }
            },
            {
              "batter": "SPD Smith",
              "bowler": "B Kumar",
              "non_striker": "F du Plessis",
              "runs": {
                "batter": 0,
                "extras": 0,
                "total": 0
              }
            },
            {
              "batter": "SPD Smith",
              "bowler": "B Kumar",
              "non_striker": "F du Plessis",
              "runs": {
                "batter": 2,
                "extras": 0,
                "total": 2
              }
            }
          ]
        },
        {
          "over": 3,
          "deliveries": [
            {
              "batter": "F du Plessis",
              "bowler": "Mustafizur Rahman",
              "extras": {
                "legbyes": 1
              },
              "non_striker": "SPD Smith",
              "runs": {
                "batter": 0,
                "extras": 1,
                "total": 1
              }
            },
            {
              "batter": "SPD Smith",
              "bowler": "Mustafizur Rahman",
              "non_striker": "F du Plessis",
              "runs": {
                "batter": 0,
                "extras": 0,
                "total": 0
              }
            },
            {
              "batter": "SPD Smith",
              "bowler": "Mustafizur Rahman",
              "extras": {
                "wides": 1
              },
              "non_striker": "F du Plessis",
              "runs": {
                "batter": 0,
                "extras": 1,
                "total": 1
              }
            },
            {
              "batter": "SPD Smith",
              "bowler": "Mustafizur Rahman",
              "non_striker": "F du Plessis",
              "runs": {
                "batter": 0,
                "extras": 0,
                "total": 0
              }
            },
            {
              "batter": "SPD Smith",
              "bowler": "Mustafizur Rahman",
              "non_striker": "F du Plessis",
              "runs": {
                "batter": 4,
                "extras": 0,
                "total": 4
              }
            },
            {
              "batter": "SPD Smith",
              "bowler": "Mustafizur Rahman",
              "non_striker": "F du Plessis",
              "runs": {
                "batter": 4,
                "extras": 0,
                "total": 4
              }
            },
            {
              "batter": "SPD Smith",
              "bowler": "Mustafizur Rahman",
              "non_striker": "F du Plessis",
              "runs": {
                "batter": 1,
                "extras": 0,
                "total": 1
              }
            }
          ]
        },
        {
          "over": 4,
          "deliveries": [
            {
              "batter": "SPD Smith",
              "bowler": "A Nehra",
              "extras": {
                "wides": 1
              },
              "non_striker": "F du Plessis",
              "runs": {
                "batter": 0,
                "extras": 1,
                "total": 1
              }
            },
            {
              "batter": "SPD Smith",
              "bowler": "A Nehra",
              "non_striker": "F du Plessis",
              "runs": {
                "batter": 4,
                "extras": 0,
                "total": 4
              }
            },
            {
              "batter": "SPD Smith",
              "bowler": "A Nehra",
              "non_striker": "F du Plessis",
              "runs": {
                "batter": 1,
                "extras": 0,
                "total": 1
              }
            },
            {
              "batter": "F du Plessis",
              "bowler": "A Nehra",
              "extras": {
                "wides": 3
              },
              "non_striker": "SPD Smith",
              "runs": {
                "batter": 0,
                "extras": 3,
                "total": 3
              }
            },
            {
              "batter": "F du Plessis",
              "bowler": "A Nehra",
              "non_striker": "SPD Smith",
              "runs": {
                "batter": 1,
                "extras": 0,
                "total": 1
              }
            },
            {
              "batter": "SPD Smith",
              "bowler": "A Nehra",
              "non_striker": "F du Plessis",
              "runs": {
                "batter": 0,
                "extras": 0,
                "total": 0
              }
            },
            {
              "batter": "SPD Smith",
              "bowler": "A Nehra",
              "non_striker": "F du Plessis",
              "runs": {
                "batter": 0,
                "extras": 0,
                "total": 0
              }
            },
            {
              "batter": "SPD Smith",
              "bowler": "A Nehra",
              "extras": {
                "legbyes": 1
              },
              "non_striker": "F du Plessis",
              "runs": {
                "batter": 0,
                "extras": 1,
                "total": 1
              }
            }
          ]
        },
        {
          "over": 5,
          "deliveries": [
            {
              "batter": "SPD Smith",
              "bowler": "Mustafizur Rahman",
              "non_striker": "F du Plessis",
              "runs": {
                "batter": 0,
                "extras": 0,
                "total": 0
              }
            },
            {
              "batter": "SPD Smith",
              "bowler": "Mustafizur Rahman",
              "non_striker": "F du Plessis",
              "runs": {
                "batter": 0,
                "extras": 0,
                "total": 0
              }
            },
            {
              "batter": "SPD Smith",
              "bowler": "Mustafizur Rahman",
              "non_striker": "F du Plessis",
              "runs": {
                "batter": 4,
                "extras": 0,
                "total": 4
              }
            },
            {
              "batter": "SPD Smith",
              "bowler": "Mustafizur Rahman",
              "extras": {
                "wides": 1
              },
              "non_striker": "F du Plessis",
              "runs": {
                "batter": 0,
                "extras": 1,
                "total": 1
              }
            },
            {
              "batter": "SPD Smith",
              "bowler": "Mustafizur Rahman",
              "non_striker": "F du Plessis",
              "runs": {
                "batter": 4,
                "extras": 0,
                "total": 4
              }
            },
            {
              "batter": "SPD Smith",
              "bowler": "Mustafizur Rahman",
              "non_striker": "F du Plessis",
              "runs": {
                "batter": 2,
                "extras": 0,
                "total": 2
              }
            },
            {
              "batter": "SPD Smith",
              "bowler": "Mustafizur Rahman",
              "non_striker": "F du Plessis",
              "runs": {
                "batter": 0,
                "extras": 0,
                "total": 0
              }
            }
          ]
        },
        {
          "over": 6,
          "deliveries": [
            {
              "batter": "F du Plessis",
              "bowler": "Bipul Sharma",
              "non_striker": "SPD Smith",
              "runs": {
                "batter": 1,
                "extras": 0,
                "total": 1
              }
            },
            {
              "batter": "SPD Smith",
              "bowler": "Bipul Sharma",
              "non_striker": "F du Plessis",
              "runs": {
                "batter": 1,
                "extras": 0,
                "total": 1
              }
            },
            {
              "batter": "F du Plessis",
              "bowler": "Bipul Sharma",
              "non_striker": "SPD Smith",
              "runs": {
                "batter": 4,
                "extras": 0,
                "total": 4
              }
            },
            {
              "batter": "F du Plessis",
              "bowler": "Bipul Sharma",
              "non_striker": "SPD Smith",
              "runs": {
                "batter": 6,
                "extras": 0,
                "total": 6
              }
            },
            {
              "batter": "F du Plessis",
              "bowler": "Bipul Sharma",
              "non_striker": "SPD Smith",
              "runs": {
                "batter": 1,
                "extras": 0,
                "total": 1
              }
            },
            {
              "batter": "SPD Smith",
              "bowler": "Bipul Sharma",
              "non_striker": "F du Plessis",
              "runs": {
                "batter": 4,
                "extras": 0,
                "total": 4
              }
            }
          ]
        },
        {
          "over": 7,
          "deliveries": [
            {
              "batter": "F du Plessis",
              "bowler": "MC Henriques",
              "non_striker": "SPD Smith",
              "runs": {
                "batter": 1,
                "extras": 0,
                "total": 1
              }
            },
            {
              "batter": "SPD Smith",
              "bowler": "MC Henriques",
              "non_striker": "F du Plessis",
              "runs": {
                "batter": 0,
                "extras": 0,
                "total": 0
              }
            },
            {
              "batter": "SPD Smith",
              "bowler": "MC Henriques",
              "non_striker": "F du Plessis",
              "runs": {
                "batter": 1,
                "extras": 0,
                "total": 1
              }
            },
            {
              "batter": "F du Plessis",
              "bowler": "MC Henriques",
              "non_striker": "SPD Smith",
              "runs": {
                "batter": 0,
                "extras": 0,
                "total": 0
              }
            },
            {
              "batter": "F du Plessis",
              "bowler": "MC Henriques",
              "non_striker": "SPD Smith",
              "runs": {
                "batter": 0,
                "extras": 0,
                "total": 0
              }
            },
            {
              "batter": "F du Plessis",
              "bowler": "MC Henriques",
              "non_striker": "SPD Smith",
              "runs": {
                "batter": 6,
                "extras": 0,
                "total": 6
              }
            }
          ]
        },
        {
          "over": 8,
          "deliveries": [
            {
              "batter": "SPD Smith",
              "bowler": "B Kumar",
              "non_striker": "F du Plessis",
              "runs": {
                "batter": 0,
                "extras": 0,
                "total": 0
              }
            },
            {
              "batter": "SPD Smith",
              "bowler": "B Kumar",
              "non_striker": "F du Plessis",
              "runs": {
                "batter": 1,
                "extras": 0,
                "total": 1
              }
            },
            {
              "batter": "F du Plessis",
              "bowler": "B Kumar",
              "non_striker": "SPD Smith",
              "runs": {
                "batter": 1,
                "extras": 0,
                "total": 1
              }
            },
            {
              "batter": "SPD Smith",
              "bowler": "B Kumar",
              "non_striker": "F du Plessis",
              "runs": {
                "batter": 2,
                "extras": 0,
                "total": 2
              }
            },
            {
              "batter": "SPD Smith",
              "bowler": "B Kumar",
              "extras": {
                "wides": 3
              },
              "non_striker": "F du Plessis",
              "runs": {
                "batter": 0,
                "extras": 3,
                "total": 3
              }
            },
            {
              "batter": "SPD Smith",
              "bowler": "B Kumar",
              "non_striker": "F du Plessis",
              "runs": {
                "batter": 2,
                "extras": 0,
                "total": 2
              }
            },
            {
              "batter": "SPD Smith",
              "bowler": "B Kumar",
              "non_striker": "F du Plessis",
              "runs": {
                "batter": 0,
                "extras": 0,
                "total": 0
              }
            }
          ]
        },
        {
          "over": 9,
          "deliveries": [
            {
              "batter": "F du Plessis",
              "bowler": "MC Henriques",
              "non_striker": "SPD Smith",
              "runs": {
                "batter": 0,
                "extras": 0,
                "total": 0
              },
              "wickets": [
                {
                  "kind": "caught",
                  "player_out": "F du Plessis",
                  "fielders": [
                    {
                      "name": "NV Ojha"
                    }
                  ]
                }
              ]
            },
            {
              "batter": "MS Dhoni",
              "bowler": "MC Henriques",
              "non_striker": "SPD Smith",
              "runs": {
                "batter": 4,
                "extras": 0,
                "total": 4
              }
            },
            {
              "batter": "MS Dhoni",
              "bowler": "MC Henriques",
              "non_striker": "SPD Smith",
              "runs": {
                "batter": 0,
                "extras": 0,
                "total": 0
              }
            },
            {
              "batter": "MS Dhoni",
              "bowler": "MC Henriques",
              "non_striker": "SPD Smith",
              "runs": {
                "batter": 1,
                "extras": 0,
                "total": 1
              }
            },
            {
              "batter": "SPD Smith",
              "bowler": "MC Henriques",
              "non_striker": "MS Dhoni",
              "runs": {
                "batter": 2,
                "extras": 0,
                "total": 2
              }
            },
            {
              "batter": "SPD Smith",
              "bowler": "MC Henriques",
              "non_striker": "MS Dhoni",
              "runs": {
                "batter": 1,
                "extras": 0,
                "total": 1
              }
            }
          ]
        },
        {
          "over": 10,
          "deliveries": [
            {
              "batter": "SPD Smith",
              "bowler": "A Nehra",
              "extras": {
                "wides": 1
              },
              "non_striker": "MS Dhoni",
              "runs": {
                "batter": 0,
                "extras": 1,
                "total": 1
              }
            },
            {
              "batter": "SPD Smith",
              "bowler": "A Nehra",
              "non_striker": "MS Dhoni",
              "runs": {
                "batter": 0,
                "extras": 0,
                "total": 0
              }
            },
            {
              "batter": "SPD Smith",
              "bowler": "A Nehra",
              "non_striker": "MS Dhoni",
              "runs": {
                "batter": 0,
                "extras": 0,
                "total": 0
              }
            },
            {
              "batter": "SPD Smith",
              "bowler": "A Nehra",
              "non_striker": "MS Dhoni",
              "runs": {
                "batter": 0,
                "extras": 0,
                "total": 0
              }
            },
            {
              "batter": "SPD Smith",
              "bowler": "A Nehra",
              "non_striker": "MS Dhoni",
              "runs": {
                "batter": 4,
                "extras": 0,
                "total": 4
              }
            },
            {
              "batter": "SPD Smith",
              "bowler": "A Nehra",
              "non_striker": "MS Dhoni",
              "runs": {
                "batter": 1,
                "extras": 0,
                "total": 1
              }
            },
            {
              "batter": "MS Dhoni",
              "bowler": "A Nehra",
              "non_striker": "SPD Smith",
              "runs": {
                "batter": 0,
                "extras": 0,
                "total": 0
              },
              "wickets": [
                {
                  "kind": "caught",
                  "player_out": "MS Dhoni",
                  "fielders": [
                    {
                      "name": "AP Tare"
                    }
                  ]
                }
              ]
            }
          ]
        }
      ],
      "powerplays": [
        {
          "from": 0.1,
          "to": 5.7,
          "type": "mandatory"
        }
      ],
      "target": {
        "overs": 11,
        "runs": 61
      }
    }
  ]
}