{
  "meta": {
    "data_version": "1.0.0",
    "created": "2016-05-19",
    "revision": 1
  },
  "info": {
    "balls_per_over": 6,
    "city": "Kanpur",
    "dates": [
      "2016-05-19"
    ],
    "event": {
      "match_number": 51,
      "name": "Indian Premier League"
    },
    "gender": "male",
    "match_type": "T20",
    "officials": {
      "match_referees": [
        "RS Mahanama"
      ],
      "reserve_umpires": [
        "R Pandit"
      ],
      "tv_umpires": [
        "AY Dandekar"
      ],
      "umpires": [
        "AK Chaudhary",
        "CK Nandan"
      ]
    },
    "outcome": {
      "by": {
        "wickets": 6
      },
      "winner": "Gujarat Lions"
    },
    "overs": 20,
    "player_of_match": [
      "DR Smith"
    ],
    "players": {
      "Gujarat Lions": [
        "DR Smith",
        "BB McCullum",
        "SK Raina",
        "KD Karthik",
        "AJ Finch",
        "RA Jadeja",
        "DJ Bravo",
        "ER Dwivedi",
        "P Kumar",
        "SB Jakati",
        "DS Kulkarni"
      ],
      "Kolkata Knight Riders": [
        "RV Uthappa",
        "G Gambhir",
        "MK Pandey",
        "PP Chawla",
        "YK Pathan",
        "Shakib Al Hasan",
        "SA Yadav",
        "JO Holder",
        "SP Narine",
        "M Morkel",
        "AS Rajpoot"
      ]
    },
    "registry": {
      "people": {
        "AJ Finch": "b8d490fd",
        "AK Chaudhary": "fdcc6236",
        "AS Rajpoot": "db31895a",
        "AY Dandekar": "2efc430e",
        "BB McCullum": "b8a55852",
        "CK Nandan": "012de9c4",
        "DJ Bravo": "87e562a9",
        "DR Smith": "35205dfc",
        "DS Kulkarni": "d2a989fc",
        "ER Dwivedi": "b274dbbd",
        "G Gambhir": "bb345e0b",
        "JO Holder": "0f721006",
        "KD Karthik": "c03f1114",
        "M Morkel": "5bb5a915",
        "MK Pandey": "93b4fc78",
        "P Kumar": "e938e1bc",
        "PP Chawla": "98ae73b1",
        "R Pandit": "8a604384",
        "RA Jadeja": "fe93fd9d",
        "RS Mahanama": "57910393",
        "RV Uthappa": "1c17e270",
        "SA Yadav": "271f83cd",
        "SB Jakati": "c8179c68",
        "SK Raina": "1dc12ab9",
        "SP Narine": "9d430b40",
        "Shakib Al Hasan": "7dc35884",
        "YK Pathan": "3c6ffae8"
      }
    },
    "season": 2016,
    "team_type": "club",
    "teams": [
      "Gujarat Lions",
      "Kolkata Knight Riders"
    ],
    "toss": {
      "decision": "field",
      "winner": "Gujarat Lions"
    },
    "venue": "Green Park"
  },
  "innings": [
    {
      "team": "Kolkata Knight Riders",
      "overs": [
        {
          "over": 0,
          "deliveries": [
            {
              "batter": "RV Uthappa",
              "bowler": "P Kumar",
              "non_striker": "G Gambhir",
              "runs": {
                "batter": 0,
                "extras": 0,
                "total": 0
              }
            },
            {
              "batter": "RV Uthappa",
              "bowler": "P Kumar",
              "non_striker": "G Gambhir",
              "runs": {
                "batter": 1,
                "extras": 0,
                "total": 1
              }
            },
            {
              "batter": "G Gambhir",
              "bowler": "P Kumar",
              "non_striker": "RV Uthappa",
              "runs": {
                "batter": 0,
                "extras": 0,
                "total": 0
              }
            },
            {
              "batter": "G Gambhir",
              "bowler": "P Kumar",
              "non_striker": "RV Uthappa",
              "runs": {
                "batter": 1,
                "extras": 0,
                "total": 1
              }
            },
            {
              "batter": "RV Uthappa",
              "bowler": "P Kumar",
              "non_striker": "G Gambhir",
              "runs": {
                "batter": 1,
                "extras": 0,
                "total": 1
              }
            },
            {
              "batter": "G Gambhir",
              "bowler": "P Kumar",
              "non_striker": "RV Uthappa",
              "runs": {
                "batter": 0,
                "extras": 0,
                "total": 0
              }
            }
          ]
        },
        {
          "over": 1,
          "deliveries": [
            {
              "batter": "RV Uthappa",
              "bowler": "DS Kulkarni",
              "non_striker": "G Gambhir",
              "runs": {
                "batter": 4,
                "extras": 0,
                "total": 4
              }
            },
            {
              "batter": "RV Uthappa",
              "bowler": "DS Kulkarni",
              "non_striker": "G Gambhir",
              "runs": {
                "batter": 0,
                "extras": 0,
                "total": 0
              }
            },
            {
              "batter": "RV Uthappa",
              "bowler": "DS Kulkarni",
              "non_striker": "G Gambhir",
              "runs": {
                "batter": 1,
                "extras": 0,
                "total": 1
              }
            },
            {
              "batter": "G Gambhir",
              "bowler": "DS Kulkarni",
              "non_striker": "RV Uthappa",
              "runs": {
                "batter": 0,
                "extras": 0,
                "total": 0
              }
            },
            {
              "batter": "G Gambhir",
              "bowler": "DS Kulkarni",
              "non_striker": "RV Uthappa",
              "runs": {
                "batter": 4,
                "extras": 0,
                "total": 4
              }
            },
            {
              "batter": "G Gambhir",
              "bowler": "DS Kulkarni",
              "non_striker": "RV Uthappa",
              "runs": {
                "batter": 2,
                "extras": 0,
                "total": 2
              }
            }
          ]
        },
        {
          "over": 2,
          "deliveries": [
            {
              "batter": "RV Uthappa",
              "bowler": "P Kumar",
              "extras": {
                "wides": 1
              },
              "non_striker": "G Gambhir",
              "runs": {
                "batter": 0,
                "extras": 1,
                "total": 1
              }
            },
            {
              "batter": "RV Uthappa",
              "bowler": "P Kumar",
              "extras": {
                "wides": 1
              },
              "non_striker": "G Gambhir",
              "runs": {
                "batter": 0,
                "extras": 1,
                "total": 1
              }
            },
            {
              "batter": "RV Uthappa",
              "bowler": "P Kumar",
              "non_striker": "G Gambhir",
              "runs": {
                "batter": 4,
                "extras": 0,
                "total": 4
              }
            },
            {
              "batter": "RV Uthappa",
              "bowler": "P Kumar",
              "non_striker": "G Gambhir",
              "runs": {
                "batter": 0,
                "extras": 0,
                "total": 0
              }
            },
            {
              "batter": "RV Uthappa",
              "bowler": "P Kumar",
              "non_striker": "G Gambhir",
              "runs": {
                "batter": 1,
                "extras": 0,
                "total": 1
              }
            },
            {
              "batter": "G Gambhir",
              "bowler": "P Kumar",
              "non_striker": "RV Uthappa",
              "runs": {
                "batter": 0,
                "extras": 0,
                "total": 0
              }
            },
            {
              "batter": "G Gambhir",
              "bowler": "P Kumar",
              "non_striker": "RV Uthappa",
              "runs": {
                "batter": 1,
                "extras": 0,
                "total": 1
              }
            },
            {
              "batter": "RV Uthappa",
              "bowler": "P Kumar",
              "non_striker": "G Gambhir",
              "runs": {
                "batter": 1,
                "extras": 0,
                "total": 1
              }
            }
          ]
        },
        {
          "over": 3,
          "deliveries": [
            {
              "batter": "RV Uthappa",
              "bowler": "DS Kulkarni",
              "non_striker": "G Gambhir",
              "runs": {
                "batter": 0,
                "extras": 0,
                "total": 0
              },
              "wickets": [
                {
                  "kind": "run out",
                  "player_out": "G Gambhir",
                  "fielders": [
                    {
                      "name": "SB Jakati"
                    }
                  ]
                }
              ]
            },
            {
              "batter": "MK Pandey",
              "bowler": "DS Kulkarni",
              "non_striker": "RV Uthappa",
              "runs": {
                "batter": 1,
                "extras": 0,
                "total": 1
              }
            },
            {
              "batter": "RV Uthappa",
              "bowler": "DS Kulkarni",
              "non_striker": "MK Pandey",
              "runs": {
                "batter": 0,
                "extras": 0,
                "total": 0
              }
            },
            {
              "batter": "RV Uthappa",
              "bowler": "DS Kulkarni",
              "non_striker": "MK Pandey",
              "runs": {
                "batter": 4,
                "extras": 0,
                "total": 4
              }
            },
            {
              "batter": "RV Uthappa",
              "bowler": "DS Kulkarni",
              "non_striker": "MK Pandey",
              "runs": {
                "batter": 0,
                "extras": 0,
                "total": 0
              }
            },
            {
              "batter": "RV Uthappa",
              "bowler": "DS Kulkarni",
              "non_striker": "MK Pandey",
              "runs": {
                "batter": 6,
                "extras": 0,
                "total": 6
              }
            }
          ]
        },
        {
          "over": 4,
          "deliveries": [
            {
              "batter": "MK Pandey",
              "bowler": "DR Smith",
              "non_striker": "RV Uthappa",
              "runs": {
                "batter": 0,
                "extras": 0,
                "total": 0
              }
            },
            {
              "batter": "MK Pandey",
              "bowler": "DR Smith",
              "non_striker": "RV Uthappa",
              "runs": {
                "batter": 0,
                "extras": 0,
                "total": 0
              },
              "wickets": [
                {
                  "kind": "caught",
                  "player_out": "MK Pandey",
                  "fielders": [
                    {
                      "name": "SK Raina"
                    }
                  ]
                }
              ]
            },
            {
              "batter": "PP Chawla",
              "bowler": "DR Smith",
              "non_striker": "RV Uthappa",
              "runs": {
                "batter": 0,
                "extras": 0,
                "total": 0
              }
            },
            {
              "batter": "PP Chawla",
              "bowler": "DR Smith",
              "non_striker": "RV Uthappa",
              "runs": {
                "batter": 0,
                "extras": 0,
                "total": 0
              }
            },
            {
              "batter": "PP Chawla",
              "bowler": "DR Smith",
              "non_striker": "RV Uthappa",
              "runs": {
                "batter": 2,
                "extras": 0,
                "total": 2
              }
            },
            {
              "batter": "PP Chawla",
              "bowler": "DR Smith",
              "non_striker": "RV Uthappa",
              "runs": {
                "batter": 0,
                "extras": 0,
                "total": 0
              }
            }
          ]
        },
        {
          "over": 5,
          "deliveries": [
            {
              "batter": "RV Uthappa",
              "bowler": "DS Kulkarni",
              "non_striker": "PP Chawla",
              "runs": {
                "batter": 1,
                "extras": 0,
                "total": 1
              }
            },
            {
              "batter": "PP Chawla",
              "bowler": "DS Kulkarni",
              "non_striker": "RV Uthappa",
              "runs": {
                "batter": 0,
                "extras": 0,
                "total": 0
              }
            },
            {
              "batter": "PP Chawla",
              "bowler": "DS Kulkarni",
              "non_striker": "RV Uthappa",
              "runs": {
                "batter": 1,
                "extras": 0,
                "total": 1
              }
            },
            {
              "batter": "RV Uthappa",
              "bowler": "DS Kulkarni",
              "extras": {
                "wides": 1
              },
              "non_striker": "PP Chawla",
              "runs": {
                "batter": 0,
                "extras": 1,
                "total": 1
              }
            },
            {
              "batter": "RV Uthappa",
              "bowler": "DS Kulkarni",
              "non_striker": "PP Chawla",
              "runs": {
                "batter": 1,
                "extras": 0,
                "total": 1
              }
            },
            {
              "batter": "PP Chawla",
              "bowler": "DS Kulkarni",
              "non_striker": "RV Uthappa",
              "runs": {
                "batter": 0,
                "extras": 0,
                "total": 0
              }
            },
            {
              "batter": "PP Chawla",
              "bowler": "DS Kulkarni",
              "non_striker": "RV Uthappa",
              "runs": {
                "batter": 4,
                "extras": 0,
                "total": 4
              }
            }
          ]
        },
        {
          "over": 6,
          "deliveries": [
            {
              "batter": "RV Uthappa",
              "bowler": "DR Smith",
              "non_striker": "PP Chawla",
              "runs": {
                "batter": 0,
                "extras": 0,
                "total": 0
              }
            },
            {
              "batter": "RV Uthappa",
              "bowler": "DR Smith",
              "non_striker": "PP Chawla",
              "runs": {
                "batter": 0,
                "extras": 0,
                "total": 0
              },
              "wickets": [
                {
                  "kind": "caught",
                  "player_out": "RV Uthappa",
                  "fielders": [
                    {
                      "name": "KD Karthik"
                    }
                  ]
                }
              ]
            },
            {
              "batter": "YK Pathan",
              "bowler": "DR Smith",
              "non_striker": "PP Chawla",
              "runs": {
                "batter": 1,
                "extras": 0,
                "total": 1
              }
            },
            {
              "batter": "PP Chawla",
              "bowler": "DR Smith",
              "non_striker": "YK Pathan",
              "runs": {
                "batter": 1,
                "extras": 0,
                "total": 1
              }
            },
            {
              "batter": "YK Pathan",
              "bowler": "DR Smith",
              "extras": {
                "wides": 1
              },
              "non_striker": "PP Chawla",
              "runs": {
                "batter": 0,
                "extras": 1,
                "total": 1
              }
            },
            {
              "batter": "YK Pathan",
              "bowler": "DR Smith",
              "non_striker": "PP Chawla",
              "runs": {
                "batter": 0,
                "extras": 0,
                "total": 0
              }
            },
            {
              "batter": "YK Pathan",
              "bowler": "DR Smith",
              "non_striker": "PP Chawla",
              "runs": {
                "batter": 0,
                "extras": 0,
                "total": 0
              }
            }
          ]
        },
        {
          "over": 7,
          "deliveries": [
            {
              "batter": "PP Chawla",
              "bowler": "DJ Bravo",
              "non_striker": "YK Pathan",
              "runs": {
                "batter": 0,
                "extras": 0,
                "total": 0
              }
            },
            {
              "batter": "PP Chawla",
              "bowler": "DJ Bravo",
              "non_striker": "YK Pathan",
              "runs": {
                "batter": 0,
                "extras": 0,
                "total": 0
              }
            },
            {
              "batter": "PP Chawla",
              "bowler": "DJ Bravo",
              "non_striker": "YK Pathan",
              "runs": {
                "batter": 0,
                "extras": 0,
                "total": 0
              }
            },
            {
              "batter": "PP Chawla",
              "bowler": "DJ Bravo",
              "non_striker": "YK Pathan",
              "runs": {
                "batter": 1,
                "extras": 0,
                "total": 1
              }
            },
            {
              "batter": "YK Pathan",
              "bowler": "DJ Bravo",
              "non_striker": "PP Chawla",
              "runs": {
                "batter": 0,
                "extras": 0,
                "total": 0
              }
            },
            {
              "batter": "YK Pathan",
              "bowler": "DJ Bravo",
              "non_striker": "PP Chawla",
              "runs": {
                "batter": 1,
                "extras": 0,
                "total": 1
              }
            }
          ]
        },
        {
          "over": 8,
          "deliveries": [
            {
              "batter": "YK Pathan",
              "bowler": "SB Jakati",
              "non_striker": "PP Chawla",
              "runs": {
                "batter": 0,
                "extras": 0,
                "total": 0
              }
            },
            {
              "batter": "YK Pathan",
              "bowler": "SB Jakati",
              "extras": {
                "legbyes": 1
              },
              "non_striker": "PP Chawla",
              "runs": {
                "batter": 0,
                "extras": 1,
                "total": 1
              }
            },
            {
              "batter": "PP Chawla",
              "bowler": "SB Jakati",
              "non_striker": "YK Pathan",
              "runs": {
                "batter": 1,
                "extras": 0,
                "total": 1
              }
            },
            {
              "batter": "YK Pathan",
              "bowler": "SB Jakati",
              "non_striker": "PP Chawla",
              "runs": {
                "batter": 1,
                "extras": 0,
                "total": 1
              }
            },
            {
              "batter": "PP Chawla",
              "bowler": "SB Jakati",
              "non_striker": "YK Pathan",
              "runs": {
                "batter": 1,
                "extras": 0,
                "total": 1
              }
            },
            {
              "batter": "YK Pathan",
              "bowler": "SB Jakati",
              "non_striker": "PP Chawla",
              "runs": {
                "batter": 1,
                "extras": 0,
                "total": 1
              }
            }
          ]
        },
        {
          "over": 9,
          "deliveries": [
            {
              "batter": "YK Pathan",
              "bowler": "DR Smith",
              "non_striker": "PP Chawla",
              "runs": {
                "batter": 1,
                "extras": 0,
                "total": 1
              }
            },
            {
              "batter": "PP Chawla",
              "bowler": "DR Smith",
              "non_striker": "YK Pathan",
              "runs": {
                "batter": 0,
                "extras": 0,
                "total": 0
              },
              "wickets": [
                {
                  "kind": "bowled",
                  "player_out": "PP Chawla"
                }
              ]
            },
            {
              "batter": "Shakib Al Hasan",
              "bowler": "DR Smith",
              "non_striker": "YK Pathan",
              "runs": {
                "batter": 0,
                "extras": 0,
                "total": 0
              }
            },
            {
              "batter": "Shakib Al Hasan",
              "bowler": "DR Smith",
              "non_striker": "YK Pathan",
              "runs": {
                "batter": 0,
                "extras": 0,
                "total": 0
              }
            },
            {
              "batter": "Shakib Al Hasan",
              "bowler": "DR Smith",
              "non_striker": "YK Pathan",
              "runs": {
                "batter": 0,
                "extras": 0,
                "total": 0
              }
            },
            {
              "batter": "Shakib Al Hasan",
              "bowler": "DR Smith",
              "non_striker": "YK Pathan",
              "runs": {
                "batter": 0,
                "extras": 0,
                "total": 0
              }
            }
          ]
        },
        {
          "over": 10,
          "deliveries": [
            {
              "batter": "YK Pathan",
              "bowler": "SB Jakati",
              "non_striker": "Shakib Al Hasan",
              "runs": {
                "batter": 1,
                "extras": 0,
                "total": 1
              }
            },
            {
              "batter": "Shakib Al Hasan",
              "bowler": "SB Jakati",
              "non_striker": "YK Pathan",
              "runs": {
                "batter": 1,
                "extras": 0,
                "total": 1
              }
            },
            {
              "batter": "YK Pathan",
              "bowler": "SB Jakati",
              "extras": {
                "legbyes": 1
              },
              "non_striker": "Shakib Al Hasan",
              "runs": {
                "batter": 0,
                "extras": 1,
                "total": 1
              }
            },
            {
              "batter": "Shakib Al Hasan",
              "bowler": "SB Jakati",
              "non_striker": "YK Pathan",
              "runs": {
                "batter": 1,
                "extras": 0,
                "total": 1
              }
            },
            {
              "batter": "YK Pathan",
              "bowler": "SB Jakati",
              "non_striker": "Shakib Al Hasan",
              "runs": {
                "batter": 0,
                "extras": 0,
                "total": 0
              }
            },
            {
              "batter": "YK Pathan",
              "bowler": "SB Jakati",
              "non_striker": "Shakib Al Hasan",
              "runs": {
                "batter": 0,
                "extras": 0,
                "total": 0
              }
            }
          ]
        },
        {
          "over": 11,
          "deliveries": [
            {
              "batter": "Shakib Al Hasan",
              "bowler": "DR Smith",
              "non_striker": "YK Pathan",
              "runs": {
                "batter": 1,
                "extras": 0,
                "total": 1
              }
            },
            {
              "batter": "YK Pathan",
              "bowler": "DR Smith",
              "non_striker": "Shakib Al Hasan",
              "runs": {
                "batter": 1,
                "extras": 0,
                "total": 1
              }
            },
            {
              "batter": "Shakib Al Hasan",
              "bowler": "DR Smith",
              "non_striker": "YK Pathan",
              "runs": {
                "batter": 0,
                "extras": 0,
                "total": 0
              },
              "wickets": [
                {
                  "kind": "caught",
                  "player_out": "Shakib Al Hasan",
                  "fielders": [
                    {
                      "name": "ER Dwivedi"
                    }
                  ]
                }
              ]
            },
            {
              "batter": "SA Yadav",
              "bowler": "DR Smith",
              "non_striker": "YK Pathan",
              "runs": {
                "batter": 0,
                "extras": 0,
                "total": 0
              }
            },
            {
              "batter": "SA Yadav",
              "bowler": "DR Smith",
              "non_striker": "YK Pathan",
              "runs": {
                "batter": 0,
                "extras": 0,
                "total": 0
              }
            },
            {
              "batter": "SA Yadav",
              "bowler": "DR Smith",
              "non_striker": "YK Pathan",
              "runs": {
                "batter": 0,
                "extras": 0,
                "total": 0
              }
            }
          ]
        },
        {
          "over": 12,
          "deliveries": [
            {
              "batter": "YK Pathan",
              "bowler": "RA Jadeja",
              "non_striker": "SA Yadav",
              "runs": {
                "batter": 0,
                "extras": 0,
                "total": 0
              }
            },
            {
              "batter": "YK Pathan",
              "bowler": "RA Jadeja",
              "non_striker": "SA Yadav",
              "runs": {
                "batter": 0,
                "extras": 0,
                "total": 0
              }
            },
            {
              "batter": "YK Pathan",
              "bowler": "RA Jadeja",
              "non_striker": "SA Yadav",
              "runs": {
                "batter": 1,
                "extras": 0,
                "total": 1
              }
            },
            {
              "batter": "SA Yadav",
              "bowler": "RA Jadeja",
              "non_striker": "YK Pathan",
              "runs": {
                "batter": 1,
                "extras": 0,
                "total": 1
              }
            },
            {
              "batter": "YK Pathan",
              "bowler": "RA Jadeja",
              "non_striker": "SA Yadav",
              "runs": {
                "batter": 1,
                "extras": 0,
                "total": 1
              }
            },
            {
              "batter": "SA Yadav",
              "bowler": "RA Jadeja",
              "non_striker": "YK Pathan",
              "runs": {
                "batter": 0,
                "extras": 0,
                "total": 0
              }
            }
          ]
        },
        {
          "over": 13,
          "deliveries": [
            {
              "batter": "YK Pathan",
              "bowler": "SB Jakati",
              "non_striker": "SA Yadav",
              "runs": {
                "batter": 0,
                "extras": 0,
                "total": 0
              }
            },
            {
              "batter": "YK Pathan",
              "bowler": "SB Jakati",
              "non_striker": "SA Yadav",
              "runs": {
                "batter": 1,
                "extras": 0,
                "total": 1
              }
            },
            {
              "batter": "SA Yadav",
              "bowler": "SB Jakati",
              "non_striker": "YK Pathan",
              "runs": {
                "batter": 1,
                "extras": 0,
                "total": 1
              }
            },
            {
              "batter": "YK Pathan",
              "bowler": "SB Jakati",
              "non_striker": "SA Yadav",
              "runs": {
                "batter": 1,
                "extras": 0,
                "total": 1
              }
            },
            {
              "batter": "SA Yadav",
              "bowler": "SB Jakati",
              "non_striker": "YK Pathan",
              "runs": {
                "batter": 1,
                "extras": 0,
                "total": 1
              }
            },
            {
              "batter": "YK Pathan",
              "bowler": "SB Jakati",
              "non_striker": "SA Yadav",
              "runs": {
                "batter": 1,
                "extras": 0,
                "total": 1
              }
            }
          ]
        },
        {
          "over": 14,
          "deliveries": [
            {
              "batter": "YK Pathan",
              "bowler": "RA Jadeja",
              "non_striker": "SA Yadav",
              "runs": {
                "batter": 1,
                "extras": 0,
                "total": 1
              }
            },
            {
              "batter": "SA Yadav",
              "bowler": "RA Jadeja",
              "non_striker": "YK Pathan",
              "runs": {
                "batter": 1,
                "extras": 0,
                "total": 1
              }
            },
            {
              "batter": "YK Pathan",
              "bowler": "RA Jadeja",
              "non_striker": "SA Yadav",
              "runs": {
                "batter": 4,
                "extras": 0,
                "total": 4
              }
            },
            {
              "batter": "YK Pathan",
              "bowler": "RA Jadeja",
              "non_striker": "SA Yadav",
              "runs": {
                "batter": 6,
                "extras": 0,
                "total": 6
              }
            },
            {
              "batter": "YK Pathan",
              "bowler": "RA Jadeja",
              "non_striker": "SA Yadav",
              "runs": {
                "batter": 1,
                "extras": 0,
                "total": 1
              }
            },
            {
              "batter": "SA Yadav",
              "bowler": "RA Jadeja",
              "non_striker": "YK Pathan",
              "runs": {
                "batter": 1,
                "extras": 0,
                "total": 1
              }
            }
          ]
        },
        {
          "over": 15,
          "deliveries": [
            {
              "batter": "SA Yadav",
              "bowler": "DJ Bravo",
              "non_striker": "YK Pathan",
              "runs": {
                "batter": 4,
                "extras": 0,
                "total": 4
              }
            },
            {
              "batter": "SA Yadav",
              "bowler": "DJ Bravo",
              "non_striker": "YK Pathan",
              "runs": {
                "batter": 1,
                "extras": 0,
                "total": 1
              }
            },
            {
              "batter": "YK Pathan",
              "bowler": "DJ Bravo",
              "non_striker": "SA Yadav",
              "runs": {
                "batter": 0,
                "extras": 0,
                "total": 0
              }
            },
            {
              "batter": "YK Pathan",
              "bowler": "DJ Bravo",
              "non_striker": "SA Yadav",
              "runs": {
                "batter": 4,
                "extras": 0,
                "total": 4
              }
            },
            {
              "batter": "YK Pathan",
              "bowler": "DJ Bravo",
              "non_striker": "SA Yadav",
              "runs": {
                "batter": 0,
                "extras": 0,
                "total": 0
              }
            },
            {
              "batter": "YK Pathan",
              "bowler": "DJ Bravo",
              "non_striker": "SA Yadav",
              "runs": {
                "batter": 1,
                "extras": 0,
                "total": 1
              }
            }
          ]
        },
        {
          "over": 16,
          "deliveries": [
            {
              "batter": "YK Pathan",
              "bowler": "SB Jakati",
              "non_striker": "SA Yadav",
              "runs": {
                "batter": 1,
                "extras": 0,
                "total": 1
              }
            },
            {
              "batter": "SA Yadav",
              "bowler": "SB Jakati",
              "non_striker": "YK Pathan",
              "runs": {
                "batter": 1,
                "extras": 0,
                "total": 1
              }
            },
            {
              "batter": "YK Pathan",
              "bowler": "SB Jakati",
              "non_striker": "SA Yadav",
              "runs": {
                "batter": 1,
                "extras": 0,
                "total": 1
              }
            },
            {
              "batter": "SA Yadav",
              "bowler": "SB Jakati",
              "non_striker": "YK Pathan",
              "runs": {
                "batter": 6,
                "extras": 0,
                "total": 6
              }
            },
            {
              "batter": "SA Yadav",
              "bowler": "SB Jakati",
              "non_striker": "YK Pathan",
              "runs": {
                "batter": 0,
                "extras": 0,
                "total": 0
              },
              "wickets": [
                {
                  "kind": "caught",
                  "player_out": "SA Yadav",
                  "fielders": [
                    {
                      "name": "DS Kulkarni"
                    }
                  ]
                }
              ]
            },
            {
              "batter": "JO Holder",
              "bowler": "SB Jakati",
              "non_striker": "YK Pathan",
              "runs": {
                "batter": 1,
                "extras": 0,
                "total": 1
              }
            }
          ]
        },
        {
          "over": 17,
          "deliveries": [
            {
              "batter": "JO Holder",
              "bowler": "DJ Bravo",
              "non_striker": "YK Pathan",
              "runs": {
                "batter": 0,
                "extras": 0,
                "total": 0
              }
            },
            {
              "batter": "JO Holder",
              "bowler": "DJ Bravo",
              "extras": {
                "wides": 1
              },
              "non_striker": "YK Pathan",
              "runs": {
                "batter": 0,
                "extras": 1,
                "total": 1
              }
            },
            {
              "batter": "JO Holder",
              "bowler": "DJ Bravo",
              "non_striker": "YK Pathan",
              "runs": {
                "batter": 4,
                "extras": 0,
                "total": 4
              }
            },
            {
              "batter": "JO Holder",
              "bowler": "DJ Bravo",
              "non_striker": "YK Pathan",
              "runs": {
                "batter": 1,
                "extras": 0,
                "total": 1
              }
            },
            {
              "batter": "YK Pathan",
              "bowler": "DJ Bravo",
              "non_striker": "JO Holder",
              "runs": {
                "batter": 1,
                "extras": 0,
                "total": 1
              }
            },
            {
              "batter": "JO Holder",
              "bowler": "DJ Bravo",
              "non_striker": "YK Pathan",
              "runs": {
                "batter": 6,
                "extras": 0,
                "total": 6
              }
            },
            {
              "batter": "JO Holder",
              "bowler": "DJ Bravo",
              "non_striker": "YK Pathan",
              "runs": {
                "batter": 0,
                "extras": 0,
                "total": 0
              }
            }
          ]
        },
        {
          "over": 18,
          "deliveries": [
            {
              "batter": "YK Pathan",
              "bowler": "DS Kulkarni",
              "non_striker": "JO Holder",
              "runs": {
                "batter": 4,
                "extras": 0,
                "total": 4
              }
            },
            {
              "batter": "YK Pathan",
              "bowler": "DS Kulkarni",
              "non_striker": "JO Holder",
              "runs": {
                "batter": 0,
                "extras": 0,
                "total": 0
              },
              "wickets": [
                {
                  "kind": "caught",
                  "player_out": "YK Pathan",
                  "fielders": [
                    {
                      "name": "SK Raina"
                    }
                  ]
                }
              ]
            },
            {
              "batter": "SP Narine",
              "bowler": "DS Kulkarni",
              "non_striker": "JO Holder",
              "runs": {
                "batter": 0,
                "extras": 0,
                "total": 0
              }
            },
            {
              "batter": "SP Narine",
              "bowler": "DS Kulkarni",
              "non_striker": "JO Holder",
              "runs": {
                "batter": 0,
                "extras": 0,
                "total": 0
              }
            },
            {
              "batter": "SP Narine",
              "bowler": "DS Kulkarni",
              "non_striker": "JO Holder",
              "runs": {
                "batter": 0,
                "extras": 0,
                "total": 0
              }
            },
            {
              "batter": "SP Narine",
              "bowler": "DS Kulkarni",
              "non_striker": "JO Holder",
              "runs": {
                "batter": 0,
                "extras": 0,
                "total": 0
              }
            }
          ]
        },
        {
          "over": 19,
          "deliveries": [
            {
              "batter": "JO Holder",
              "bowler": "DJ Bravo",
              "non_striker": "SP Narine",
              "runs": {
                "batter": 1,
                "extras": 0,
                "total": 1
              }
            },
            {
              "batter": "SP Narine",
              "bowler": "DJ Bravo",
              "non_striker": "JO Holder",
              "runs": {
                "batter": 1,
                "extras": 0,
                "total": 1
              }
            },
            {
              "batter": "JO Holder",
              "bowler": "DJ Bravo",
              "non_striker": "SP Narine",
              "runs": {
                "batter": 0,
                "extras": 0,
                "total": 0
              },
              "wickets": [
                {
                  "kind": "caught",
                  "player_out": "JO Holder",
                  "fielders": [
                    {
                      "name": "AJ Finch"
                    }
                  ]
                }
              ]
            },
            {
              "batter": "SP Narine",
              "bowler": "DJ Bravo",
              "non_striker": "M Morkel",
              "runs": {
                "batter": 0,
                "extras": 0,
                "total": 0
              }
            },
            {
              "batter": "SP Narine",
              "bowler": "DJ Bravo",
              "non_striker": "M Morkel",
              "runs": {
                "batter": 1,
                "extras": 0,
                "total": 1
              }
            },
            {
              "batter": "M Morkel",
              "bowler": "DJ Bravo",
              "non_striker": "SP Narine",
              "runs": {
                "batter": 1,
                "extras": 0,
                "total": 1
              }
            }
          ]
        }
      ],
      "powerplays": [
        {
          "from": 0.1,
          "to": 5.7,
          "type": "mandatory"
        }
      ]
    },
    {
      "team": "Gujarat Lions",
      "overs": [
        {
          "over": 0,
          "deliveries": [
            {
              "batter": "DR Smith",
              "bowler": "AS Rajpoot",
              "non_striker": "BB McCullum",
              "runs": {
                "batter": 0,
                "extras": 0,
                "total": 0
              },
              "wickets": [
                {
                  "kind": "caught",
                  "player_out": "DR Smith",
                  "fielders": [
                    {
                      "name": "RV Uthappa"
                    }
                  ]
                }
              ]
            },
            {
              "batter": "SK Raina",
              "bowler": "AS Rajpoot",
              "non_striker": "BB McCullum",
              "runs": {
                "batter": 0,
                "extras": 0,
                "total": 0
              }
            },
            {
              "batter": "SK Raina",
              "bowler": "AS Rajpoot",
              "non_striker": "BB McCullum",
              "runs": {
                "batter": 4,
                "extras": 0,
                "total": 4
              }
            },
            {
              "batter": "SK Raina",
              "bowler": "AS Rajpoot",
              "non_striker": "BB McCullum",
              "runs": {
                "batter": 1,
                "extras": 0,
                "total": 1
              }
            },
            {
              "batter": "BB McCullum",
              "bowler": "AS Rajpoot",
              "non_striker": "SK Raina",
              "runs": {
                "batter": 6,
                "extras": 0,
                "total": 6
              }
            },
            {
              "batter": "BB McCullum",
              "bowler": "AS Rajpoot",
              "extras": {
                "wides": 1
              },
              "non_striker": "SK Raina",
              "runs": {
                "batter": 0,
                "extras": 1,
                "total": 1
              }
            },
            {
              "batter": "BB McCullum",
              "bowler": "AS Rajpoot",
              "non_striker": "SK Raina",
              "runs": {
                "batter": 0,
                "extras": 0,
                "total": 0
              }
            }
          ]
        },
        {
          "over": 1,
          "deliveries": [
            {
              "batter": "SK Raina",
              "bowler": "SP Narine",
              "non_striker": "BB McCullum",
              "runs": {
                "batter": 1,
                "extras": 0,
                "total": 1
              }
            },
            {
              "batter": "BB McCullum",
              "bowler": "SP Narine",
              "extras": {
                "wides": 5
              },
              "non_striker": "SK Raina",
              "runs": {
                "batter": 0,
                "extras": 5,
                "total": 5
              }
            },
            {
              "batter": "BB McCullum",
              "bowler": "SP Narine",
              "non_striker": "SK Raina",
              "runs": {
                "batter": 0,
                "extras": 0,
                "total": 0
              },
              "wickets": [
                {
                  "kind": "lbw",
                  "player_out": "BB McCullum"
                }
              ]
            },
            {
              "batter": "KD Karthik",
              "bowler": "SP Narine",
              "non_striker": "SK Raina",
              "runs": {
                "batter": 1,
                "extras": 0,
                "total": 1
              }
            },
            {
              "batter": "SK Raina",
              "bowler": "SP Narine",
              "non_striker": "KD Karthik",
              "runs": {
                "batter": 0,
                "extras": 0,
                "total": 0
              }
            },
            {
              "batter": "SK Raina",
              "bowler": "SP Narine",
              "non_striker": "KD Karthik",
              "runs": {
                "batter": 0,
                "extras": 0,
                "total": 0
              }
            },
            {
              "batter": "SK Raina",
              "bowler": "SP Narine",
              "non_striker": "KD Karthik",
              "runs": {
                "batter": 1,
                "extras": 0,
                "total": 1
              }
            }
          ]
        },
        {
          "over": 2,
          "deliveries": [
            {
              "batter": "SK Raina",
              "bowler": "AS Rajpoot",
              "non_striker": "KD Karthik",
              "runs": {
                "batter": 0,
                "extras": 0,
                "total": 0
              }
            },
            {
              "batter": "SK Raina",
              "bowler": "AS Rajpoot",
              "non_striker": "KD Karthik",
              "runs": {
                "batter": 4,
                "extras": 0,
                "total": 4
              }
            },
            {
              "batter": "SK Raina",
              "bowler": "AS Rajpoot",
              "non_striker": "KD Karthik",
              "runs": {
                "batter": 2,
                "extras": 0,
                "total": 2
              }
            },
            {
              "batter": "SK Raina",
              "bowler": "AS Rajpoot",
              "extras": {
                "legbyes": 1
              },
              "non_striker": "KD Karthik",
              "runs": {
                "batter": 0,
                "extras": 1,
                "total": 1
              }
            },
            {
              "batter": "KD Karthik",
              "bowler": "AS Rajpoot",
              "non_striker": "SK Raina",
              "runs": {
                "batter": 0,
                "extras": 0,
                "total": 0
              }
            },
            {
              "batter": "KD Karthik",
              "bowler": "AS Rajpoot",
              "non_striker": "SK Raina",
              "runs": {
                "batter": 1,
                "extras": 0,
                "total": 1
              }
            }
          ]
        },
        {
          "over": 3,
          "deliveries": [
            {
              "batter": "KD Karthik",
              "bowler": "M Morkel",
              "non_striker": "SK Raina",
              "runs": {
                "batter": 0,
                "extras": 0,
                "total": 0
              }
            },
            {
              "batter": "KD Karthik",
              "bowler": "M Morkel",
              "non_striker": "SK Raina",
              "runs": {
                "batter": 4,
                "extras": 0,
                "total": 4
              }
            },
            {
              "batter": "KD Karthik",
              "bowler": "M Morkel",
              "non_striker": "SK Raina",
              "runs": {
                "batter": 2,
                "extras": 0,
                "total": 2
              }
            },
            {
              "batter": "KD Karthik",
              "bowler": "M Morkel",
              "non_striker": "SK Raina",
              "runs": {
                "batter": 4,
                "extras": 0,
                "total": 4
              }
            },
            {
              "batter": "KD Karthik",
              "bowler": "M Morkel",
              "non_striker": "SK Raina",
              "runs": {
                "batter": 0,
                "extras": 0,
                "total": 0
              },
              "wickets": [
                {
                  "kind": "bowled",
                  "player_out": "KD Karthik"
                }
              ]
            },
            {
              "batter": "AJ Finch",
              "bowler": "M Morkel",
              "non_striker": "SK Raina",
              "runs": {
                "batter": 1,
                "extras": 0,
                "total": 1
              }
            }
          ]
        },
        {
          "over": 4,
          "deliveries": [
            {
              "batter": "AJ Finch",
              "bowler": "SP Narine",
              "non_striker": "SK Raina",
              "runs": {
                "batter": 0,
                "extras": 0,
                "total": 0
              }
            },
            {
              "batter": "AJ Finch",
              "bowler": "SP Narine",
              "non_striker": "SK Raina",
              "runs": {
                "batter": 4,
                "extras": 0,
                "total": 4
              }
            },
            {
              "batter": "AJ Finch",
              "bowler": "SP Narine",
              "non_striker": "SK Raina",
              "runs": {
                "batter": 0,
                "extras": 0,
                "total": 0
              }
            },
            {
              "batter": "AJ Finch",
              "bowler": "SP Narine",
              "non_striker": "SK Raina",
              "runs": {
                "batter": 1,
                "extras": 0,
                "total": 1
              }
            },
            {
              "batter": "SK Raina",
              "bowler": "SP Narine",
              "non_striker": "AJ Finch",
              "runs": {
                "batter": 0,
                "extras": 0,
                "total": 0
              }
            },
            {
              "batter": "SK Raina",
              "bowler": "SP Narine",
              "non_striker": "AJ Finch",
              "runs": {
                "batter": 1,
                "extras": 0,
                "total": 1
              }
            }
          ]
        },
        {
          "over": 5,
          "deliveries": [
            {
              "batter": "SK Raina",
              "bowler": "M Morkel",
              "non_striker": "AJ Finch",
              "runs": {
                "batter": 6,
                "extras": 0,
                "total": 6
              }
            },
            {
              "batter": "SK Raina",
              "bowler": "M Morkel",
              "non_striker": "AJ Finch",
              "runs": {
                "batter": 1,
                "extras": 0,
                "total": 1
              }
            },
            {
              "batter": "AJ Finch",
              "bowler": "M Morkel",
              "non_striker": "SK Raina",
              "runs": {
                "batter": 0,
                "extras": 0,
                "total": 0
              }
            },
            {
              "batter": "AJ Finch",
              "bowler": "M Morkel",
              "non_striker": "SK Raina",
              "runs": {
                "batter": 1,
                "extras": 0,
                "total": 1
              }
            },
            {
              "batter": "SK Raina",
              "bowler": "M Morkel",
              "extras": {
                "wides": 1
              },
              "non_striker": "AJ Finch",
              "runs": {
                "batter": 0,
                "extras": 1,
                "total": 1
              }
            },
            {
              "batter": "SK Raina",
              "bowler": "M Morkel",
              "non_striker": "AJ Finch",
              "runs": {
                "batter": 0,
                "extras": 0,
                "total": 0
              }
            },
            {
              "batter": "SK Raina",
              "bowler": "M Morkel",
              "non_striker": "AJ Finch",
              "runs": {
                "batter": 1,
                "extras": 0,
                "total": 1
              }
            }
          ]
        },
        {
          "over": 6,
          "deliveries": [
            {
              "batter": "SK Raina",
              "bowler": "AS Rajpoot",
              "non_striker": "AJ Finch",
              "runs": {
                "batter": 1,
                "extras": 0,
                "total": 1
              }
            },
            {
              "batter": "AJ Finch",
              "bowler": "AS Rajpoot",
              "non_striker": "SK Raina",
              "runs": {
                "batter": 2,
                "extras": 0,
                "total": 2
              }
            },
            {
              "batter": "AJ Finch",
              "bowler": "AS Rajpoot",
              "extras": {
                "wides": 1
              },
              "non_striker": "SK Raina",
              "runs": {
                "batter": 0,
                "extras": 1,
                "total": 1
              }
            },
            {
              "batter": "AJ Finch",
              "bowler": "AS Rajpoot",
              "non_striker": "SK Raina",
              "runs": {
                "batter": 1,
                "extras": 0,
                "total": 1
              }
            },
            {
              "batter": "SK Raina",
              "bowler": "AS Rajpoot",
              "extras": {
                "wides": 1
              },
              "non_striker": "AJ Finch",
              "runs": {
                "batter": 0,
                "extras": 1,
                "total": 1
              }
            },
            {
              "batter": "SK Raina",
              "bowler": "AS Rajpoot",
              "extras": {
                "wides": 5
              },
              "non_striker": "AJ Finch",
              "runs": {
                "batter": 0,
                "extras": 5,
                "total": 5
              }
            },
            {
              "batter": "SK Raina",
              "bowler": "AS Rajpoot",
              "non_striker": "AJ Finch",
              "runs": {
                "batter": 4,
                "extras": 0,
                "total": 4
              }
            },
            {
              "batter": "SK Raina",
              "bowler": "AS Rajpoot",
              "non_striker": "AJ Finch",
              "runs": {
                "batter": 1,
                "extras": 0,
                "total": 1
              }
            },
            {
              "batter": "AJ Finch",
              "bowler": "AS Rajpoot",
              "non_striker": "SK Raina",
              "runs": {
                "batter": 0,
                "extras": 0,
                "total": 0
              }
            }
          ]
        },
        {
          "over": 7,
          "deliveries": [
            {
              "batter": "SK Raina",
              "bowler": "M Morkel",
              "non_striker": "AJ Finch",
              "runs": {
                "batter": 1,
                "extras": 0,
                "total": 1
              }
            },
            {
              "batter": "AJ Finch",
              "bowler": "M Morkel",
              "non_striker": "SK Raina",
              "runs": {
                "batter": 0,
                "extras": 0,
                "total": 0
              }
            },
            {
              "batter": "AJ Finch",
              "bowler": "M Morkel",
              "non_striker": "SK Raina",
              "runs": {
                "batter": 0,
                "extras": 0,
                "total": 0
              }
            },
            {
              "batter": "AJ Finch",
              "bowler": "M Morkel",
              "non_striker": "SK Raina",
              "runs": {
                "batter": 6,
                "extras": 0,
                "total": 6
              }
            },
            {
              "batter": "AJ Finch",
              "bowler": "M Morkel",
              "non_striker": "SK Raina",
              "runs": {
                "batter": 1,
                "extras": 0,
                "total": 1
              }
            },
            {
              "batter": "SK Raina",
              "bowler": "M Morkel",
              "non_striker": "AJ Finch",
              "runs": {
                "batter": 4,
                "extras": 0,
                "total": 4
              }
            }
          ]
        },
        {
          "over": 8,
          "deliveries": [
            {
              "batter": "AJ Finch",
              "bowler": "JO Holder",
              "non_striker": "SK Raina",
              "runs": {
                "batter": 0,
                "extras": 0,
                "total": 0
              }
            },
            {
              "batter": "AJ Finch",
              "bowler": "JO Holder",
              "extras": {
                "wides": 1
              },
              "non_striker": "SK Raina",
              "runs": {
                "batter": 0,
                "extras": 1,
                "total": 1
              }
            },
            {
              "batter": "AJ Finch",
              "bowler": "JO Holder",
              "non_striker": "SK Raina",
              "runs": {
                "batter": 0,
                "extras": 0,
                "total": 0
              }
            },
            {
              "batter": "AJ Finch",
              "bowler": "JO Holder",
              "non_striker": "SK Raina",
              "runs": {
                "batter": 1,
                "extras": 0,
                "total": 1
              }
            },
            {
              "batter": "SK Raina",
              "bowler": "JO Holder",
              "non_striker": "AJ Finch",
              "runs": {
                "batter": 1,
                "extras": 0,
                "total": 1
              }
            },
            {
              "batter": "AJ Finch",
              "bowler": "JO Holder",
              "non_striker": "SK Raina",
              "runs": {
                "batter": 0,
                "extras": 0,
                "total": 0
              }
            },
            {
              "batter": "AJ Finch",
              "bowler": "JO Holder",
              "non_striker": "SK Raina",
              "runs": {
                "batter": 1,
                "extras": 0,
                "total": 1
              }
            }
          ]
        },
        {
          "over": 9,
          "deliveries": [
            {
              "batter": "AJ Finch",
              "bowler": "SP Narine",
              "non_striker": "SK Raina",
              "runs": {
                "batter": 0,
                "extras": 0,
                "total": 0
              }
            },
            {
              "batter": "AJ Finch",
              "bowler": "SP Narine",
              "non_striker": "SK Raina",
              "runs": {
                "batter": 0,
                "extras": 0,
                "total": 0
              }
            },
            {
              "batter": "AJ Finch",
              "bowler": "SP Narine",
              "non_striker": "SK Raina",
              "runs": {
                "batter": 6,
                "extras": 0,
                "total": 6
              }
            },
            {
              "batter": "AJ Finch",
              "bowler": "SP Narine",
              "extras": {
                "wides": 1
              },
              "non_striker": "SK Raina",
              "runs": {
                "batter": 0,
                "extras": 1,
                "total": 1
              }
            },
            {
              "batter": "AJ Finch",
              "bowler": "SP Narine",
              "non_striker": "SK Raina",
              "runs": {
                "batter": 1,
                "extras": 0,
                "total": 1
              }
            },
            {
              "batter": "SK Raina",
              "bowler": "SP Narine",
              "non_striker": "AJ Finch",
              "runs": {
                "batter": 2,
                "extras": 0,
                "total": 2
              },
              "wickets": [
                {
                  "kind": "run out",
                  "player_out": "AJ Finch",
                  "fielders": [
                    {
                      "name": "AS Rajpoot"
                    },
                    {
                      "name": "RV Uthappa"
                    }
                  ]
                }
              ]
            },
            {
              "batter": "RA Jadeja",
              "bowler": "SP Narine",
              "non_striker": "SK Raina",
              "runs": {
                "batter": 0,
                "extras": 0,
                "total": 0
              }
            }
          ]
        },
        {
          "over": 10,
          "deliveries": [
            {
              "batter": "SK Raina",
              "bowler": "JO Holder",
              "non_striker": "RA Jadeja",
              "runs": {
                "batter": 0,
                "extras": 0,
                "total": 0
              }
            },
            {
              "batter": "SK Raina",
              "bowler": "JO Holder",
              "non_striker": "RA Jadeja",
              "runs": {
                "batter": 0,
                "extras": 0,
                "total": 0
              }
            },
            {
              "batter": "SK Raina",
              "bowler": "JO Holder",
              "non_striker": "RA Jadeja",
              "runs": {
                "batter": 1,
                "extras": 0,
                "total": 1
              }
            },
            {
              "batter": "RA Jadeja",
              "bowler": "JO Holder",
              "non_striker": "SK Raina",
              "runs": {
                "batter": 1,
                "extras": 0,
                "total": 1
              }
            },
            {
              "batter": "SK Raina",
              "bowler": "JO Holder",
              "non_striker": "RA Jadeja",
              "runs": {
                "batter": 4,
                "extras": 0,
                "total": 4
              }
            },
            {
              "batter": "SK Raina",
              "bowler": "JO Holder",
              "non_striker": "RA Jadeja",
              "runs": {
                "batter": 4,
                "extras": 0,
                "total": 4
              }
            }
          ]
        },
        {
          "over": 11,
          "deliveries": [
            {
              "batter": "RA Jadeja",
              "bowler": "SP Narine",
              "non_striker": "SK Raina",
              "runs": {
                "batter": 0,
                "extras": 0,
                "total": 0
              }
            },
            {
              "batter": "RA Jadeja",
              "bowler": "SP Narine",
              "non_striker": "SK Raina",
              "runs": {
                "batter": 1,
                "extras": 0,
                "total": 1
              }
            },
            {
              "batter": "SK Raina",
              "bowler": "SP Narine",
              "non_striker": "RA Jadeja",
              "runs": {
                "batter": 1,
                "extras": 0,
                "total": 1
              }
            },
            {
              "batter": "RA Jadeja",
              "bowler": "SP Narine",
              "non_striker": "SK Raina",
              "runs": {
                "batter": 1,
                "extras": 0,
                "total": 1
              }
            },
            {
              "batter": "SK Raina",
              "bowler": "SP Narine",
              "non_striker": "RA Jadeja",
              "runs": {
                "batter": 1,
                "extras": 0,
                "total": 1
              }
            },
            {
              "batter": "RA Jadeja",
              "bowler": "SP Narine",
              "non_striker": "SK Raina",
              "runs": {
                "batter": 2,
                "extras": 0,
                "total": 2
              }
            }
          ]
        },
        {
          "over": 12,
          "deliveries": [
            {
              "batter": "SK Raina",
              "bowler": "YK Pathan",
              "non_striker": "RA Jadeja",
              "runs": {
                "batter": 1,
                "extras": 0,
                "total": 1
              }
            },
            {
              "batter": "RA Jadeja",
              "bowler": "YK Pathan",
              "non_striker": "SK Raina",
              "runs": {
                "batter": 0,
                "extras": 0,
                "total": 0
              }
            },
            {
              "batter": "RA Jadeja",
              "bowler": "YK Pathan",
              "non_striker": "SK Raina",
              "runs": {
                "batter": 1,
                "extras": 0,
                "total": 1
              }
            },
            {
              "batter": "SK Raina",
              "bowler": "YK Pathan",
              "non_striker": "RA Jadeja",
              "runs": {
                "batter": 4,
                "extras": 0,
                "total": 4
              }
            },
            {
              "batter": "SK Raina",
              "bowler": "YK Pathan",
              "non_striker": "RA Jadeja",
              "runs": {
                "batter": 0,
                "extras": 0,
                "total": 0
              }
            },
            {
              "batter": "SK Raina",
              "bowler": "YK Pathan",
              "non_striker": "RA Jadeja",
              "runs": {
                "batter": 0,
                "extras": 0,
                "total": 0
              }
            }
          ]
        },
        {
          "over": 13,
          "deliveries": [
            {
              "batter": "RA Jadeja",
              "bowler": "M Morkel",
              "non_striker": "SK Raina",
              "runs": {
                "batter": 4,
                "extras": 0,
                "total": 4
              }
            },
            {
              "batter": "RA Jadeja",
              "bowler": "M Morkel",
              "non_striker": "SK Raina",
              "runs": {
                "batter": 1,
                "extras": 0,
                "total": 1
              }
            },
            {
              "batter": "SK Raina",
              "bowler": "M Morkel",
              "non_striker": "RA Jadeja",
              "runs": {
                "batter": 1,
                "extras": 0,
                "total": 1
              }
            }
          ]
        }
      ],
      "powerplays": [
        {
          "from": 0.1,
          "to": 5.7,
          "type": "mandatory"
        }
      ],
      "target": {
        "overs": 20,
        "runs": 125
      }
    }
  ]
}