{
  "meta": {
    "data_version": "1.0.0",
    "created": "2016-05-23",
    "revision": 1
  },
  "info": {
    "balls_per_over": 6,
    "city": "Raipur",
    "dates": [
      "2016-05-22"
    ],
    "event": {
      "match_number": 56,
      "name": "Indian Premier League"
    },
    "gender": "male",
    "match_type": "T20",
    "officials": {
      "match_referees": [
        "Chinmay Sharma"
      ],
      "reserve_umpires": [
        "YC Barde"
      ],
      "tv_umpires": [
        "VK Sharma"
      ],
      "umpires": [
        "A Nand Kishore",
        "BNJ Oxenford"
      ]
    },
    "outcome": {
      "by": {
        "wickets": 6
      },
      "winner": "Royal Challengers Bangalore"
    },
    "overs": 20,
    "player_of_match": [
      "V Kohli"
    ],
    "players": {
      "Delhi Daredevils": [
        "Q de Kock",
        "RR Pant",
        "KK Nair",
        "SV Samson",
        "SW Billings",
        "P Negi",
        "CR Brathwaite",
        "CH Morris",
        "J Yadav",
        "A Mishra",
        "Z Khan"
      ],
      "Royal Challengers Bangalore": [
        "CH Gayle",
        "V Kohli",
        "AB de Villiers",
        "KL Rahul",
        "SR Watson",
        "STR Binny",
        "Sachin Baby",
        "CJ Jordan",
        "Iqbal Abdulla",
        "S Aravind",
        "YS Chahal"
      ]
    },
    "registry": {
      "people": {
        "A Mishra": "6b19d823",
        "A Nand Kishore": "84424f4f",
        "AB de Villiers": "c4487b84",
        "BNJ Oxenford": "c1add349",
        "CH Gayle": "db584dad",
        "CH Morris": "fb66ce1f",
        "CJ Jordan": "ffe699c0",
        "CR Brathwaite": "e342e5fb",
        "Chinmay Sharma": "83250fea",
        "Iqbal Abdulla": "85aae393",
        "J Yadav": "81049310",
        "KK Nair": "944533a5",
        "KL Rahul": "b17e2f24",
        "P Negi": "f62772e5",
        "Q de Kock": "372455c4",
        "RR Pant": "919a3be2",
        "S Aravind": "957532de",
        "SR Watson": "4329fbb5",
        "STR Binny": "bd17b45f",
        "SV Samson": "a4cc73aa",
        "SW Billings": "c16d4035",
        "Sachin Baby": "dc9dd038",
        "V Kohli": "ba607b88",
        "VK Sharma": "a7a49df4",
        "YC Barde": "b90f3346",
        "YS Chahal": "57ee1fde",
        "Z Khan": "91a4a398"
      }
    },
    "season": 2016,
    "team_type": "club",
    "teams": [
      "Delhi Daredevils",
      "Royal Challengers Bangalore"
    ],
    "toss": {
      "decision": "field",
      "winner": "Royal Challengers Bangalore"
    },
    "venue": "Shaheed Veer Narayan Singh International Stadium"
  },
  "innings": [
    {
      "team": "Delhi Daredevils",
      "overs": [
        {
          "over": 0,
          "deliveries": [
            {
              "batter": "Q de Kock",
              "bowler": "STR Binny",
              "non_striker": "RR Pant",
              "runs": {
                "batter": 1,
                "extras": 0,
                "total": 1
              }
            },
            {
              "batter": "RR Pant",
              "bowler": "STR Binny",
              "non_striker": "Q de Kock",
              "runs": {
                "batter": 1,
                "extras": 0,
                "total": 1
              }
            },
            {
              "batter": "Q de Kock",
              "bowler": "STR Binny",
              "non_striker": "RR Pant",
              "runs": {
                "batter": 4,
                "extras": 0,
                "total": 4
              }
            },
            {
              "batter": "Q de Kock",
              "bowler": "STR Binny",
              "non_striker": "RR Pant",
              "runs": {
                "batter": 2,
                "extras": 0,
                "total": 2
              }
            },
            {
              "batter": "Q de Kock",
              "bowler": "STR Binny",
              "non_striker": "RR Pant",
              "runs": {
                "batter": 0,
                "extras": 0,
                "total": 0
              }
            },
            {
              "batter": "Q de Kock",
              "bowler": "STR Binny",
              "extras": {
                "wides": 1
              },
              "non_striker": "RR Pant",
              "runs": {
                "batter": 0,
                "extras": 1,
                "total": 1
              }
            },
            {
              "batter": "Q de Kock",
              "bowler": "STR Binny",
              "non_striker": "RR Pant",
              "runs": {
                "batter": 1,
                "extras": 0,
                "total": 1
              }
            }
          ]
        },
        {
          "over": 1,
          "deliveries": [
            {
              "batter": "Q de Kock",
              "bowler": "S Aravind",
              "non_striker": "RR Pant",
              "runs": {
                "batter": 1,
                "extras": 0,
                "total": 1
              }
            },
            {
              "batter": "RR Pant",
              "bowler": "S Aravind",
              "non_striker": "Q de Kock",
              "runs": {
                "batter": 0,
                "extras": 0,
                "total": 0
              },
              "wickets": [
                {
                  "kind": "caught",
                  "player_out": "RR Pant",
                  "fielders": [
                    {
                      "name": "KL Rahul"
                    }
                  ]
                }
              ]
            },
            {
              "batter": "KK Nair",
              "bowler": "S Aravind",
              "non_striker": "Q de Kock",
              "runs": {
                "batter": 1,
                "extras": 0,
                "total": 1
              }
            },
            {
              "batter": "Q de Kock",
              "bowler": "S Aravind",
              "non_striker": "KK Nair",
              "runs": {
                "batter": 0,
                "extras": 0,
                "total": 0
              }
            },
            {
              "batter": "Q de Kock",
              "bowler": "S Aravind",
              "non_striker": "KK Nair",
              "runs": {
                "batter": 0,
                "extras": 0,
                "total": 0
              }
            },
            {
              "batter": "Q de Kock",
              "bowler": "S Aravind",
              "non_striker": "KK Nair",
              "runs": {
                "batter": 1,
                "extras": 0,
                "total": 1
              }
            }
          ]
        },
        {
          "over": 2,
          "deliveries": [
            {
              "batter": "Q de Kock",
              "bowler": "CJ Jordan",
              "extras": {
                "noballs": 1
              },
              "non_striker": "KK Nair",
              "runs": {
                "batter": 1,
                "extras": 1,
                "total": 2
              }
            },
            {
              "batter": "KK Nair",
              "bowler": "CJ Jordan",
              "non_striker": "Q de Kock",
              "runs": {
                "batter": 1,
                "extras": 0,
                "total": 1
              }
            },
            {
              "batter": "Q de Kock",
              "bowler": "CJ Jordan",
              "non_striker": "KK Nair",
              "runs": {
                "batter": 0,
                "extras": 0,
                "total": 0
              }
            },
            {
              "batter": "Q de Kock",
              "bowler": "CJ Jordan",
              "non_striker": "KK Nair",
              "runs": {
                "batter": 0,
                "extras": 0,
                "total": 0
              }
            },
            {
              "batter": "Q de Kock",
              "bowler": "CJ Jordan",
              "non_striker": "KK Nair",
              "runs": {
                "batter": 0,
                "extras": 0,
                "total": 0
              }
            },
            {
              "batter": "Q de Kock",
              "bowler": "CJ Jordan",
              "non_striker": "KK Nair",
              "runs": {
                "batter": 4,
                "extras": 0,
                "total": 4
              }
            },
            {
              "batter": "Q de Kock",
              "bowler": "CJ Jordan",
              "non_striker": "KK Nair",
              "runs": {
                "batter": 1,
                "extras": 0,
                "total": 1
              }
            }
          ]
        },
        {
          "over": 3,
          "deliveries": [
            {
              "batter": "Q de Kock",
              "bowler": "S Aravind",
              "non_striker": "KK Nair",
              "runs": {
                "batter": 6,
                "extras": 0,
                "total": 6
              }
            },
            {
              "batter": "Q de Kock",
              "bowler": "S Aravind",
              "non_striker": "KK Nair",
              "runs": {
                "batter": 0,
                "extras": 0,
                "total": 0
              }
            },
            {
              "batter": "Q de Kock",
              "bowler": "S Aravind",
              "non_striker": "KK Nair",
              "runs": {
                "batter": 0,
                "extras": 0,
                "total": 0
              }
            },
            {
              "batter": "Q de Kock",
              "bowler": "S Aravind",
              "non_striker": "KK Nair",
              "runs": {
                "batter": 4,
                "extras": 0,
                "total": 4
              }
            },
            {
              "batter": "Q de Kock",
              "bowler": "S Aravind",
              "non_striker": "KK Nair",
              "runs": {
                "batter": 1,
                "extras": 0,
                "total": 1
              }
            },
            {
              "batter": "KK Nair",
              "bowler": "S Aravind",
              "non_striker": "Q de Kock",
              "runs": {
                "batter": 1,
                "extras": 0,
                "total": 1
              }
            }
          ]
        },
        {
          "over": 4,
          "deliveries": [
            {
              "batter": "KK Nair",
              "bowler": "SR Watson",
              "non_striker": "Q de Kock",
              "runs": {
                "batter": 0,
                "extras": 0,
                "total": 0
              }
            },
            {
              "batter": "KK Nair",
              "bowler": "SR Watson",
              "non_striker": "Q de Kock",
              "runs": {
                "batter": 2,
                "extras": 0,
                "total": 2
              }
            },
            {
              "batter": "KK Nair",
              "bowler": "SR Watson",
              "non_striker": "Q de Kock",
              "runs": {
                "batter": 0,
                "extras": 0,
                "total": 0
              }
            },
            {
              "batter": "KK Nair",
              "bowler": "SR Watson",
              "non_striker": "Q de Kock",
              "runs": {
                "batter": 0,
                "extras": 0,
                "total": 0
              }
            },
            {
              "batter": "KK Nair",
              "bowler": "SR Watson",
              "non_striker": "Q de Kock",
              "runs": {
                "batter": 6,
                "extras": 0,
                "total": 6
              }
            },
            {
              "batter": "KK Nair",
              "bowler": "SR Watson",
              "non_striker": "Q de Kock",
              "runs": {
                "batter": 0,
                "extras": 0,
                "total": 0
              }
            }
          ]
        },
        {
          "over": 5,
          "deliveries": [
            {
              "batter": "Q de Kock",
              "bowler": "YS Chahal",
              "non_striker": "KK Nair",
              "runs": {
                "batter": 0,
                "extras": 0,
                "total": 0
              }
            },
            {
              "batter": "Q de Kock",
              "bowler": "YS Chahal",
              "non_striker": "KK Nair",
              "runs": {
                "batter": 1,
                "extras": 0,
                "total": 1
              }
            },
            {
              "batter": "KK Nair",
              "bowler": "YS Chahal",
              "non_striker": "Q de Kock",
              "runs": {
                "batter": 0,
                "extras": 0,
                "total": 0
              },
              "wickets": [
                {
                  "kind": "caught",
                  "player_out": "KK Nair",
                  "fielders": [
                    {
                      "name": "V Kohli"
                    }
                  ]
                }
              ]
            },
            {
              "batter": "Q de Kock",
              "bowler": "YS Chahal",
              "non_striker": "SV Samson",
              "runs": {
                "batter": 0,
                "extras": 0,
                "total": 0
              }
            },
            {
              "batter": "Q de Kock",
              "bowler": "YS Chahal",
              "non_striker": "SV Samson",
              "runs": {
                "batter": 0,
                "extras": 0,
                "total": 0
              }
            },
            {
              "batter": "Q de Kock",
              "bowler": "YS Chahal",
              "non_striker": "SV Samson",
              "runs": {
                "batter": 1,
                "extras": 0,
                "total": 1
              }
            }
          ]
        },
        {
          "over": 6,
          "deliveries": [
            {
              "batter": "Q de Kock",
              "bowler": "STR Binny",
              "non_striker": "SV Samson",
              "runs": {
                "batter": 1,
                "extras": 0,
                "total": 1
              }
            },
            {
              "batter": "SV Samson",
              "bowler": "STR Binny",
              "non_striker": "Q de Kock",
              "runs": {
                "batter": 1,
                "extras": 0,
                "total": 1
              }
            },
            {
              "batter": "Q de Kock",
              "bowler": "STR Binny",
              "non_striker": "SV Samson",
              "runs": {
                "batter": 1,
                "extras": 0,
                "total": 1
              }
            },
            {
              "batter": "SV Samson",
              "bowler": "STR Binny",
              "non_striker": "Q de Kock",
              "runs": {
                "batter": 1,
                "extras": 0,
                "total": 1
              }
            },
            {
              "batter": "Q de Kock",
              "bowler": "STR Binny",
              "non_striker": "SV Samson",
              "runs": {
                "batter": 1,
                "extras": 0,
                "total": 1
              }
            },
            {
              "batter": "SV Samson",
              "bowler": "STR Binny",
              "non_striker": "Q de Kock",
              "runs": {
                "batter": 0,
                "extras": 0,
                "total": 0
              }
            }
          ]
        },
        {
          "over": 7,
          "deliveries": [
            {
              "batter": "Q de Kock",
              "bowler": "YS Chahal",
              "non_striker": "SV Samson",
              "runs": {
                "batter": 1,
                "extras": 0,
                "total": 1
              }
            },
            {
              "batter": "SV Samson",
              "bowler": "YS Chahal",
              "non_striker": "Q de Kock",
              "runs": {
                "batter": 6,
                "extras": 0,
                "total": 6
              }
            },
            {
              "batter": "SV Samson",
              "bowler": "YS Chahal",
              "non_striker": "Q de Kock",
              "runs": {
                "batter": 1,
                "extras": 0,
                "total": 1
              }
            },
            {
              "batter": "Q de Kock",
              "bowler": "YS Chahal",
              "non_striker": "SV Samson",
              "runs": {
                "batter": 1,
                "extras": 0,
                "total": 1
              }
            },
            {
              "batter": "SV Samson",
              "bowler": "YS Chahal",
              "non_striker": "Q de Kock",
              "runs": {
                "batter": 1,
                "extras": 0,
                "total": 1
              }
            },
            {
              "batter": "Q de Kock",
              "bowler": "YS Chahal",
              "non_striker": "SV Samson",
              "runs": {
                "batter": 4,
                "extras": 0,
                "total": 4
              }
            }
          ]
        },
        {
          "over": 8,
          "deliveries": [
            {
              "batter": "SV Samson",
              "bowler": "SR Watson",
              "non_striker": "Q de Kock",
              "runs": {
                "batter": 1,
                "extras": 0,
                "total": 1
              }
            },
            {
              "batter": "Q de Kock",
              "bowler": "SR Watson",
              "non_striker": "SV Samson",
              "runs": {
                "batter": 1,
                "extras": 0,
                "total": 1
              }
            },
            {
              "batter": "SV Samson",
              "bowler": "SR Watson",
              "non_striker": "Q de Kock",
              "runs": {
                "batter": 1,
                "extras": 0,
                "total": 1
              }
            },
            {
              "batter": "Q de Kock",
              "bowler": "SR Watson",
              "non_striker": "SV Samson",
              "runs": {
                "batter": 0,
                "extras": 0,
                "total": 0
              }
            },
            {
              "batter": "Q de Kock",
              "bowler": "SR Watson",
              "non_striker": "SV Samson",
              "runs": {
                "batter": 1,
                "extras": 0,
                "total": 1
              }
            },
            {
              "batter": "SV Samson",
              "bowler": "SR Watson",
              "non_striker": "Q de Kock",
              "runs": {
                "batter": 1,
                "extras": 0,
                "total": 1
              }
            }
          ]
        },
        {
          "over": 9,
          "deliveries": [
            {
              "batter": "SV Samson",
              "bowler": "YS Chahal",
              "non_striker": "Q de Kock",
              "runs": {
                "batter": 0,
                "extras": 0,
                "total": 0
              }
            },
            {
              "batter": "SV Samson",
              "bowler": "YS Chahal",
              "non_striker": "Q de Kock",
              "runs": {
                "batter": 4,
                "extras": 0,
                "total": 4
              }
            },
            {
              "batter": "SV Samson",
              "bowler": "YS Chahal",
              "non_striker": "Q de Kock",
              "runs": {
                "batter": 0,
                "extras": 0,
                "total": 0
              },
              "wickets": [
                {
                  "kind": "caught",
                  "player_out": "SV Samson",
                  "fielders": [
                    {
                      "name": "KL Rahul"
                    }
                  ]
                }
              ]
            },
            {
              "batter": "SW Billings",
              "bowler": "YS Chahal",
              "non_striker": "Q de Kock",
              "runs": {
                "batter": 2,
                "extras": 0,
                "total": 2
              }
            },
            {
              "batter": "SW Billings",
              "bowler": "YS Chahal",
              "non_striker": "Q de Kock",
              "runs": {
                "batter": 1,
                "extras": 0,
                "total": 1
              }
            },
            {
              "batter": "Q de Kock",
              "bowler": "YS Chahal",
              "non_striker": "SW Billings",
              "runs": {
                "batter": 1,
                "extras": 0,
                "total": 1
              }
            }
          ]
        },
        {
          "over": 10,
          "deliveries": [
            {
              "batter": "Q de Kock",
              "bowler": "Iqbal Abdulla",
              "non_striker": "SW Billings",
              "runs": {
                "batter": 1,
                "extras": 0,
                "total": 1
              }
            },
            {
              "batter": "SW Billings",
              "bowler": "Iqbal Abdulla",
              "non_striker": "Q de Kock",
              "runs": {
                "batter": 0,
                "extras": 0,
                "total": 0
              }
            },
            {
              "batter": "SW Billings",
              "bowler": "Iqbal Abdulla",
              "non_striker": "Q de Kock",
              "runs": {
                "batter": 1,
                "extras": 0,
                "total": 1
              }
            },
            {
              "batter": "Q de Kock",
              "bowler": "Iqbal Abdulla",
              "non_striker": "SW Billings",
              "runs": {
                "batter": 2,
                "extras": 0,
                "total": 2
              }
            },
            {
              "batter": "Q de Kock",
              "bowler": "Iqbal Abdulla",
              "non_striker": "SW Billings",
              "runs": {
                "batter": 1,
                "extras": 0,
                "total": 1
              }
            },
            {
              "batter": "SW Billings",
              "bowler": "Iqbal Abdulla",
              "non_striker": "Q de Kock",
              "runs": {
                "batter": 0,
                "extras": 0,
                "total": 0
              }
            }
          ]
        },
        {
          "over": 11,
          "deliveries": [
            {
              "batter": "Q de Kock",
              "bowler": "CJ Jordan",
              "non_striker": "SW Billings",
              "runs": {
                "batter": 1,
                "extras": 0,
                "total": 1
              }
            },
            {
              "batter": "SW Billings",
              "bowler": "CJ Jordan",
              "non_striker": "Q de Kock",
              "runs": {
                "batter": 0,
                "extras": 0,
                "total": 0
              },
              "wickets": [
                {
                  "kind": "caught",
                  "player_out": "SW Billings",
                  "fielders": [
                    {
                      "name": "CH Gayle"
                    }
                  ]
                }
              ]
            },
            {
              "batter": "P Negi",
              "bowler": "CJ Jordan",
              "non_striker": "Q de Kock",
              "runs": {
                "batter": 0,
                "extras": 0,
                "total": 0
              }
            },
            {
              "batter": "P Negi",
              "bowler": "CJ Jordan",
              "non_striker": "Q de Kock",
              "runs": {
                "batter": 0,
                "extras": 0,
                "total": 0
              }
            },
            {
              "batter": "P Negi",
              "bowler": "CJ Jordan",
              "non_striker": "Q de Kock",
              "runs": {
                "batter": 0,
                "extras": 0,
                "total": 0
              }
            },
            {
              "batter": "P Negi",
              "bowler": "CJ Jordan",
              "non_striker": "Q de Kock",
              "runs": {
                "batter": 1,
                "extras": 0,
                "total": 1
              }
            }
          ]
        },
        {
          "over": 12,
          "deliveries": [
            {
              "batter": "P Negi",
              "bowler": "CH Gayle",
              "non_striker": "Q de Kock",
              "runs": {
                "batter": 1,
                "extras": 0,
                "total": 1
              }
            },
            {
              "batter": "Q de Kock",
              "bowler": "CH Gayle",
              "non_striker": "P Negi",
              "runs": {
                "batter": 1,
                "extras": 0,
                "total": 1
              }
            },
            {
              "batter": "P Negi",
              "bowler": "CH Gayle",
              "non_striker": "Q de Kock",
              "runs": {
                "batter": 1,
                "extras": 0,
                "total": 1
              }
            },
            {
              "batter": "Q de Kock",
              "bowler": "CH Gayle",
              "non_striker": "P Negi",
              "runs": {
                "batter": 2,
                "extras": 0,
                "total": 2
              }
            },
            {
              "batter": "Q de Kock",
              "bowler": "CH Gayle",
              "extras": {
                "legbyes": 1
              },
              "non_striker": "P Negi",
              "runs": {
                "batter": 0,
                "extras": 1,
                "total": 1
              }
            },
            {
              "batter": "P Negi",
              "bowler": "CH Gayle",
              "extras": {
                "wides": 1
              },
              "non_striker": "Q de Kock",
              "runs": {
                "batter": 0,
                "extras": 1,
                "total": 1
              }
            },
            {
              "batter": "P Negi",
              "bowler": "CH Gayle",
              "non_striker": "Q de Kock",
              "runs": {
                "batter": 0,
                "extras": 0,
                "total": 0
              }
            }
          ]
        },
        {
          "over": 13,
          "deliveries": [
            {
              "batter": "Q de Kock",
              "bowler": "S Aravind",
              "non_striker": "P Negi",
              "runs": {
                "batter": 1,
                "extras": 0,
                "total": 1
              }
            },
            {
              "batter": "P Negi",
              "bowler": "S Aravind",
              "non_striker": "Q de Kock",
              "runs": {
                "batter": 0,
                "extras": 0,
                "total": 0
              }
            },
            {
              "batter": "P Negi",
              "bowler": "S Aravind",
              "non_striker": "Q de Kock",
              "runs": {
                "batter": 1,
                "extras": 0,
                "total": 1
              }
            },
            {
              "batter": "Q de Kock",
              "bowler": "S Aravind",
              "non_striker": "P Negi",
              "runs": {
                "batter": 0,
                "extras": 0,
                "total": 0
              }
            },
            {
              "batter": "Q de Kock",
              "bowler": "S Aravind",
              "non_striker": "P Negi",
              "runs": {
                "batter": 1,
                "extras": 0,
                "total": 1
              }
            },
            {
              "batter": "P Negi",
              "bowler": "S Aravind",
              "non_striker": "Q de Kock",
              "runs": {
                "batter": 1,
                "extras": 0,
                "total": 1
              }
            }
          ]
        },
        {
          "over": 14,
          "deliveries": [
            {
              "batter": "P Negi",
              "bowler": "CH Gayle",
              "non_striker": "Q de Kock",
              "runs": {
                "batter": 1,
                "extras": 0,
                "total": 1
              }
            },
            {
              "batter": "Q de Kock",
              "bowler": "CH Gayle",
              "extras": {
                "wides": 1
              },
              "non_striker": "P Negi",
              "runs": {
                "batter": 0,
                "extras": 1,
                "total": 1
              }
            },
            {
              "batter": "Q de Kock",
              "bowler": "CH Gayle",
              "non_striker": "P Negi",
              "runs": {
                "batter": 1,
                "extras": 0,
                "total": 1
              }
            },
            {
              "batter": "P Negi",
              "bowler": "CH Gayle",
              "non_striker": "Q de Kock",
              "runs": {
                "batter": 0,
                "extras": 0,
                "total": 0
              },
              "wickets": [
                {
                  "kind": "caught",
                  "player_out": "P Negi",
                  "fielders": [
                    {
                      "name": "AB de Villiers"
                    }
                  ]
                }
              ]
            },
            {
              "batter": "CR Brathwaite",
              "bowler": "CH Gayle",
              "non_striker": "Q de Kock",
              "runs": {
                "batter": 1,
                "extras": 0,
                "total": 1
              }
            },
            {
              "batter": "Q de Kock",
              "bowler": "CH Gayle",
              "non_striker": "CR Brathwaite",
              "runs": {
                "batter": 1,
                "extras": 0,
                "total": 1
              }
            },
            {
              "batter": "CR Brathwaite",
              "bowler": "CH Gayle",
              "non_striker": "Q de Kock",
              "runs": {
                "batter": 0,
                "extras": 0,
                "total": 0
              },
              "wickets": [
                {
                  "kind": "caught",
                  "player_out": "CR Brathwaite",
                  "fielders": [
                    {
                      "name": "SR Watson"
                    }
                  ]
                }
              ]
            }
          ]
        },
        {
          "over": 15,
          "deliveries": [
            {
              "batter": "Q de Kock",
              "bowler": "S Aravind",
              "non_striker": "CH Morris",
              "runs": {
                "batter": 1,
                "extras": 0,
                "total": 1
              }
            },
            {
              "batter": "CH Morris",
              "bowler": "S Aravind",
              "non_striker": "Q de Kock",
              "runs": {
                "batter": 1,
                "extras": 0,
                "total": 1
              }
            },
            {
              "batter": "Q de Kock",
              "bowler": "S Aravind",
              "non_striker": "CH Morris",
              "runs": {
                "batter": 1,
                "extras": 0,
                "total": 1
              }
            },
            {
              "batter": "CH Morris",
              "bowler": "S Aravind",
              "non_striker": "Q de Kock",
              "runs": {
                "batter": 1,
                "extras": 0,
                "total": 1
              }
            },
            {
              "batter": "Q de Kock",
              "bowler": "S Aravind",
              "non_striker": "CH Morris",
              "runs": {
                "batter": 4,
                "extras": 0,
                "total": 4
              }
            },
            {
              "batter": "Q de Kock",
              "bowler": "S Aravind",
              "non_striker": "CH Morris",
              "runs": {
                "batter": 1,
                "extras": 0,
                "total": 1
              }
            }
          ]
        },
        {
          "over": 16,
          "deliveries": [
            {
              "batter": "Q de Kock",
              "bowler": "YS Chahal",
              "non_striker": "CH Morris",
              "runs": {
                "batter": 0,
                "extras": 0,
                "total": 0
              },
              "wickets": [
                {
                  "kind": "caught",
                  "player_out": "Q de Kock",
                  "fielders": [
                    {
                      "name": "CJ Jordan"
                    }
                  ]
                }
              ]
            },
            {
              "batter": "CH Morris",
              "bowler": "YS Chahal",
              "non_striker": "J Yadav",
              "runs": {
                "batter": 0,
                "extras": 0,
                "total": 0
              }
            },
            {
              "batter": "CH Morris",
              "bowler": "YS Chahal",
              "non_striker": "J Yadav",
              "runs": {
                "batter": 0,
                "extras": 0,
                "total": 0
              }
            },
            {
              "batter": "CH Morris",
              "bowler": "YS Chahal",
              "extras": {
                "wides": 1
              },
              "non_striker": "J Yadav",
              "runs": {
                "batter": 0,
                "extras": 1,
                "total": 1
              }
            },
            {
              "batter": "CH Morris",
              "bowler": "YS Chahal",
              "non_striker": "J Yadav",
              "runs": {
                "batter": 4,
                "extras": 0,
                "total": 4
              }
            },
            {
              "batter": "CH Morris",
              "bowler": "YS Chahal",
              "non_striker": "J Yadav",
              "runs": {
                "batter": 2,
                "extras": 0,
                "total": 2
              }
            },
            {
              "batter": "CH Morris",
              "bowler": "YS Chahal",
              "non_striker": "J Yadav",
              "runs": {
                "batter": 1,
                "extras": 0,
                "total": 1
              }
            }
          ]
        },
        {
          "over": 17,
          "deliveries": [
            {
              "batter": "CH Morris",
              "bowler": "SR Watson",
              "non_striker": "J Yadav",
              "runs": {
                "batter": 4,
                "extras": 0,
                "total": 4
              }
            },
            {
              "batter": "CH Morris",
              "bowler": "SR Watson",
              "non_striker": "J Yadav",
              "runs": {
                "batter": 0,
                "extras": 0,
                "total": 0
              }
            },
            {
              "batter": "CH Morris",
              "bowler": "SR Watson",
              "non_striker": "J Yadav",
              "runs": {
                "batter": 2,
                "extras": 0,
                "total": 2
              }
            },
            {
              "batter": "CH Morris",
              "bowler": "SR Watson",
              "non_striker": "J Yadav",
              "runs": {
                "batter": 2,
                "extras": 0,
                "total": 2
              }
            },
            {
              "batter": "CH Morris",
              "bowler": "SR Watson",
              "non_striker": "J Yadav",
              "runs": {
                "batter": 1,
                "extras": 0,
                "total": 1
              }
            },
            {
              "batter": "J Yadav",
              "bowler": "SR Watson",
              "non_striker": "CH Morris",
              "runs": {
                "batter": 1,
                "extras": 0,
                "total": 1
              }
            }
          ]
        },
        {
          "over": 18,
          "deliveries": [
            {
              "batter": "J Yadav",
              "bowler": "Iqbal Abdulla",
              "non_striker": "CH Morris",
              "runs": {
                "batter": 1,
                "extras": 0,
                "total": 1
              }
            },
            {
              "batter": "CH Morris",
              "bowler": "Iqbal Abdulla",
              "non_striker": "J Yadav",
              "runs": {
                "batter": 1,
                "extras": 0,
                "total": 1
              }
            },
            {
              "batter": "J Yadav",
              "bowler": "Iqbal Abdulla",
              "non_striker": "CH Morris",
              "runs": {
                "batter": 1,
                "extras": 0,
                "total": 1
              }
            },
            {
              "batter": "CH Morris",
              "bowler": "Iqbal Abdulla",
              "non_striker": "J Yadav",
              "runs": {
                "batter": 4,
                "extras": 0,
                "total": 4
              }
            },
            {
              "batter": "CH Morris",
              "bowler": "Iqbal Abdulla",
              "non_striker": "J Yadav",
              "runs": {
                "batter": 1,
                "extras": 0,
                "total": 1
              }
            },
            {
              "batter": "J Yadav",
              "bowler": "Iqbal Abdulla",
              "non_striker": "CH Morris",
              "runs": {
                "batter": 1,
                "extras": 0,
                "total": 1
              }
            }
          ]
        },
        {
          "over": 19,
          "deliveries": [
            {
              "batter": "J Yadav",
              "bowler": "SR Watson",
              "non_striker": "CH Morris",
              "runs": {
                "batter": 0,
                "extras": 0,
                "total": 0
              }
            },
            {
              "batter": "J Yadav",
              "bowler": "SR Watson",
              "non_striker": "CH Morris",
              "runs": {
                "batter": 0,
                "extras": 0,
                "total": 0
              }
            },
            {
              "batter": "J Yadav",
              "bowler": "SR Watson",
              "non_striker": "CH Morris",
              "runs": {
                "batter": 1,
                "extras": 0,
                "total": 1
              }
            },
            {
              "batter": "CH Morris",
              "bowler": "SR Watson",
              "non_striker": "J Yadav",
              "runs": {
                "batter": 2,
                "extras": 0,
                "total": 2
              }
            },
            {
              "batter": "CH Morris",
              "bowler": "SR Watson",
              "non_striker": "J Yadav",
              "runs": {
                "batter": 0,
                "extras": 0,
                "total": 0
              }
            },
            {
              "batter": "CH Morris",
              "bowler": "SR Watson",
              "non_striker": "J Yadav",
              "runs": {
                "batter": 1,
                "extras": 0,
                "total": 1
              },
              "wickets": [
                {
                  "kind": "run out",
                  "player_out": "J Yadav",
                  "fielders": [
                    {
                      "name": "YS Chahal"
                    },
                    {
                      "name": "KL Rahul"
                    }
                  ]
                }
              ]
            }
          ]
        }
      ],
      "powerplays": [
        {
          "from": 0.1,
          "to": 5.6,
          "type": "mandatory"
        }
      ]
    },
    {
      "team": "Royal Challengers Bangalore",
      "overs": [
        {
          "over": 0,
          "deliveries": [
            {
              "batter": "CH Gayle",
              "bowler": "Z Khan",
              "non_striker": "V Kohli",
              "runs": {
                "batter": 0,
                "extras": 0,
                "total": 0
              }
            },
            {
              "batter": "CH Gayle",
              "bowler": "Z Khan",
              "non_striker": "V Kohli",
              "runs": {
                "batter": 0,
                "extras": 0,
                "total": 0
              }
            },
            {
              "batter": "CH Gayle",
              "bowler": "Z Khan",
              "non_striker": "V Kohli",
              "runs": {
                "batter": 1,
                "extras": 0,
                "total": 1
              }
            },
            {
              "batter": "V Kohli",
              "bowler": "Z Khan",
              "non_striker": "CH Gayle",
              "runs": {
                "batter": 4,
                "extras": 0,
                "total": 4
              }
            },
            {
              "batter": "V Kohli",
              "bowler": "Z Khan",
              "non_striker": "CH Gayle",
              "runs": {
                "batter": 0,
                "extras": 0,
                "total": 0
              }
            },
            {
              "batter": "V Kohli",
              "bowler": "Z Khan",
              "non_striker": "CH Gayle",
              "runs": {
                "batter": 0,
                "extras": 0,
                "total": 0
              }
            }
          ]
        },
        {
          "over": 1,
          "deliveries": [
            {
              "batter": "CH Gayle",
              "bowler": "CH Morris",
              "non_striker": "V Kohli",
              "runs": {
                "batter": 0,
                "extras": 0,
                "total": 0
              },
              "wickets": [
                {
                  "kind": "bowled",
                  "player_out": "CH Gayle"
                }
              ]
            },
            {
              "batter": "AB de Villiers",
              "bowler": "CH Morris",
              "non_striker": "V Kohli",
              "runs": {
                "batter": 0,
                "extras": 0,
                "total": 0
              }
            },
            {
              "batter": "AB de Villiers",
              "bowler": "CH Morris",
              "non_striker": "V Kohli",
              "runs": {
                "batter": 0,
                "extras": 0,
                "total": 0
              }
            },
            {
              "batter": "AB de Villiers",
              "bowler": "CH Morris",
              "non_striker": "V Kohli",
              "runs": {
                "batter": 4,
                "extras": 0,
                "total": 4
              }
            },
            {
              "batter": "AB de Villiers",
              "bowler": "CH Morris",
              "extras": {
                "wides": 5
              },
              "non_striker": "V Kohli",
              "runs": {
                "batter": 0,
                "extras": 5,
                "total": 5
              }
            },
            {
              "batter": "AB de Villiers",
              "bowler": "CH Morris",
              "non_striker": "V Kohli",
              "runs": {
                "batter": 0,
                "extras": 0,
                "total": 0
              }
            },
            {
              "batter": "AB de Villiers",
              "bowler": "CH Morris",
              "non_striker": "V Kohli",
              "runs": {
                "batter": 2,
                "extras": 0,
                "total": 2
              }
            }
          ]
        },
        {
          "over": 2,
          "deliveries": [
            {
              "batter": "V Kohli",
              "bowler": "Z Khan",
              "non_striker": "AB de Villiers",
              "runs": {
                "batter": 1,
                "extras": 0,
                "total": 1
              }
            },
            {
              "batter": "AB de Villiers",
              "bowler": "Z Khan",
              "non_striker": "V Kohli",
              "runs": {
                "batter": 0,
                "extras": 0,
                "total": 0
              }
            },
            {
              "batter": "AB de Villiers",
              "bowler": "Z Khan",
              "non_striker": "V Kohli",
              "runs": {
                "batter": 0,
                "extras": 0,
                "total": 0
              }
            },
            {
              "batter": "AB de Villiers",
              "bowler": "Z Khan",
              "non_striker": "V Kohli",
              "runs": {
                "batter": 0,
                "extras": 0,
                "total": 0
              },
              "wickets": [
                {
                  "kind": "caught",
                  "player_out": "AB de Villiers",
                  "fielders": [
                    {
                      "name": "J Yadav"
                    }
                  ]
                }
              ]
            },
            {
              "batter": "KL Rahul",
              "bowler": "Z Khan",
              "non_striker": "V Kohli",
              "runs": {
                "batter": 1,
                "extras": 0,
                "total": 1
              }
            },
            {
              "batter": "V Kohli",
              "bowler": "Z Khan",
              "non_striker": "KL Rahul",
              "runs": {
                "batter": 1,
                "extras": 0,
                "total": 1
              }
            }
          ]
        },
        {
          "over": 3,
          "deliveries": [
            {
              "batter": "V Kohli",
              "bowler": "CH Morris",
              "non_striker": "KL Rahul",
              "runs": {
                "batter": 0,
                "extras": 0,
                "total": 0
              }
            },
            {
              "batter": "V Kohli",
              "bowler": "CH Morris",
              "non_striker": "KL Rahul",
              "runs": {
                "batter": 0,
                "extras": 0,
                "total": 0
              }
            },
            {
              "batter": "V Kohli",
              "bowler": "CH Morris",
              "non_striker": "KL Rahul",
              "runs": {
                "batter": 1,
                "extras": 0,
                "total": 1
              }
            },
            {
              "batter": "KL Rahul",
              "bowler": "CH Morris",
              "non_striker": "V Kohli",
              "runs": {
                "batter": 0,
                "extras": 0,
                "total": 0
              }
            },
            {
              "batter": "KL Rahul",
              "bowler": "CH Morris",
              "non_striker": "V Kohli",
              "runs": {
                "batter": 4,
                "extras": 0,
                "total": 4
              }
            },
            {
              "batter": "KL Rahul",
              "bowler": "CH Morris",
              "non_striker": "V Kohli",
              "runs": {
                "batter": 4,
                "extras": 0,
                "total": 4
              }
            }
          ]
        },
        {
          "over": 4,
          "deliveries": [
            {
              "batter": "V Kohli",
              "bowler": "Z Khan",
              "non_striker": "KL Rahul",
              "runs": {
                "batter": 4,
                "extras": 0,
                "total": 4
              }
            },
            {
              "batter": "V Kohli",
              "bowler": "Z Khan",
              "non_striker": "KL Rahul",
              "runs": {
                "batter": 4,
                "extras": 0,
                "total": 4
              }
            },
            {
              "batter": "V Kohli",
              "bowler": "Z Khan",
              "non_striker": "KL Rahul",
              "runs": {
                "batter": 0,
                "extras": 0,
                "total": 0
              }
            },
            {
              "batter": "V Kohli",
              "bowler": "Z Khan",
              "non_striker": "KL Rahul",
              "runs": {
                "batter": 1,
                "extras": 0,
                "total": 1
              }
            },
            {
              "batter": "KL Rahul",
              "bowler": "Z Khan",
              "non_striker": "V Kohli",
              "runs": {
                "batter": 0,
                "extras": 0,
                "total": 0
              }
            },
            {
              "batter": "KL Rahul",
              "bowler": "Z Khan",
              "non_striker": "V Kohli",
              "runs": {
                "batter": 1,
                "extras": 0,
                "total": 1
              }
            }
          ]
        },
        {
          "over": 5,
          "deliveries": [
            {
              "batter": "KL Rahul",
              "bowler": "CH Morris",
              "non_striker": "V Kohli",
              "runs": {
                "batter": 0,
                "extras": 0,
                "total": 0
              }
            },
            {
              "batter": "KL Rahul",
              "bowler": "CH Morris",
              "non_striker": "V Kohli",
              "runs": {
                "batter": 3,
                "extras": 0,
                "total": 3
              }
            },
            {
              "batter": "V Kohli",
              "bowler": "CH Morris",
              "non_striker": "KL Rahul",
              "runs": {
                "batter": 0,
                "extras": 0,
                "total": 0
              }
            },
            {
              "batter": "V Kohli",
              "bowler": "CH Morris",
              "non_striker": "KL Rahul",
              "runs": {
                "batter": 1,
                "extras": 0,
                "total": 1
              }
            },
            {
              "batter": "KL Rahul",
              "bowler": "CH Morris",
              "non_striker": "V Kohli",
              "runs": {
                "batter": 6,
                "extras": 0,
                "total": 6
              }
            },
            {
              "batter": "KL Rahul",
              "bowler": "CH Morris",
              "non_striker": "V Kohli",
              "runs": {
                "batter": 1,
                "extras": 0,
                "total": 1
              }
            }
          ]
        },
        {
          "over": 6,
          "deliveries": [
            {
              "batter": "KL Rahul",
              "bowler": "P Negi",
              "non_striker": "V Kohli",
              "runs": {
                "batter": 1,
                "extras": 0,
                "total": 1
              }
            },
            {
              "batter": "V Kohli",
              "bowler": "P Negi",
              "non_striker": "KL Rahul",
              "runs": {
                "batter": 1,
                "extras": 0,
                "total": 1
              }
            },
            {
              "batter": "KL Rahul",
              "bowler": "P Negi",
              "non_striker": "V Kohli",
              "runs": {
                "batter": 1,
                "extras": 0,
                "total": 1
              }
            },
            {
              "batter": "V Kohli",
              "bowler": "P Negi",
              "non_striker": "KL Rahul",
              "runs": {
                "batter": 1,
                "extras": 0,
                "total": 1
              }
            },
            {
              "batter": "KL Rahul",
              "bowler": "P Negi",
              "non_striker": "V Kohli",
              "runs": {
                "batter": 1,
                "extras": 0,
                "total": 1
              }
            },
            {
              "batter": "V Kohli",
              "bowler": "P Negi",
              "non_striker": "KL Rahul",
              "runs": {
                "batter": 0,
                "extras": 0,
                "total": 0
              }
            }
          ]
        },
        {
          "over": 7,
          "deliveries": [
            {
              "batter": "KL Rahul",
              "bowler": "A Mishra",
              "non_striker": "V Kohli",
              "runs": {
                "batter": 1,
                "extras": 0,
                "total": 1
              }
            },
            {
              "batter": "V Kohli",
              "bowler": "A Mishra",
              "non_striker": "KL Rahul",
              "runs": {
                "batter": 1,
                "extras": 0,
                "total": 1
              }
            },
            {
              "batter": "KL Rahul",
              "bowler": "A Mishra",
              "non_striker": "V Kohli",
              "runs": {
                "batter": 2,
                "extras": 0,
                "total": 2
              }
            },
            {
              "batter": "KL Rahul",
              "bowler": "A Mishra",
              "non_striker": "V Kohli",
              "runs": {
                "batter": 2,
                "extras": 0,
                "total": 2
              }
            },
            {
              "batter": "KL Rahul",
              "bowler": "A Mishra",
              "non_striker": "V Kohli",
              "runs": {
                "batter": 4,
                "extras": 0,
                "total": 4
              }
            },
            {
              "batter": "KL Rahul",
              "bowler": "A Mishra",
              "non_striker": "V Kohli",
              "runs": {
                "batter": 4,
                "extras": 0,
                "total": 4
              }
            }
          ]
        },
        {
          "over": 8,
          "deliveries": [
            {
              "batter": "V Kohli",
              "bowler": "P Negi",
              "non_striker": "KL Rahul",
              "runs": {
                "batter": 4,
                "extras": 0,
                "total": 4
              }
            },
            {
              "batter": "V Kohli",
              "bowler": "P Negi",
              "non_striker": "KL Rahul",
              "runs": {
                "batter": 1,
                "extras": 0,
                "total": 1
              }
            },
            {
              "batter": "KL Rahul",
              "bowler": "P Negi",
              "non_striker": "V Kohli",
              "runs": {
                "batter": 0,
                "extras": 0,
                "total": 0
              }
            },
            {
              "batter": "KL Rahul",
              "bowler": "P Negi",
              "non_striker": "V Kohli",
              "runs": {
                "batter": 0,
                "extras": 0,
                "total": 0
              }
            },
            {
              "batter": "KL Rahul",
              "bowler": "P Negi",
              "non_striker": "V Kohli",
              "runs": {
                "batter": 1,
                "extras": 0,
                "total": 1
              }
            },
            {
              "batter": "V Kohli",
              "bowler": "P Negi",
              "non_striker": "KL Rahul",
              "runs": {
                "batter": 1,
                "extras": 0,
                "total": 1
              }
            }
          ]
        },
        {
          "over": 9,
          "deliveries": [
            {
              "batter": "V Kohli",
              "bowler": "J Yadav",
              "non_striker": "KL Rahul",
              "runs": {
                "batter": 0,
                "extras": 0,
                "total": 0
              }
            },
            {
              "batter": "V Kohli",
              "bowler": "J Yadav",
              "non_striker": "KL Rahul",
              "runs": {
                "batter": 0,
                "extras": 0,
                "total": 0
              }
            },
            {
              "batter": "V Kohli",
              "bowler": "J Yadav",
              "non_striker": "KL Rahul",
              "runs": {
                "batter": 2,
                "extras": 0,
                "total": 2
              }
            },
            {
              "batter": "V Kohli",
              "bowler": "J Yadav",
              "non_striker": "KL Rahul",
              "runs": {
                "batter": 1,
                "extras": 0,
                "total": 1
              }
            },
            {
              "batter": "KL Rahul",
              "bowler": "J Yadav",
              "non_striker": "V Kohli",
              "runs": {
                "batter": 1,
                "extras": 0,
                "total": 1
              }
            },
            {
              "batter": "V Kohli",
              "bowler": "J Yadav",
              "non_striker": "KL Rahul",
              "runs": {
                "batter": 4,
                "extras": 0,
                "total": 4
              }
            }
          ]
        },
        {
          "over": 10,
          "deliveries": [
            {
              "batter": "KL Rahul",
              "bowler": "CR Brathwaite",
              "non_striker": "V Kohli",
              "runs": {
                "batter": 0,
                "extras": 0,
                "total": 0
              },
              "wickets": [
                {
                  "kind": "bowled",
                  "player_out": "KL Rahul"
                }
              ]
            },
            {
              "batter": "SR Watson",
              "bowler": "CR Brathwaite",
              "non_striker": "V Kohli",
              "runs": {
                "batter": 0,
                "extras": 0,
                "total": 0
              }
            },
            {
              "batter": "SR Watson",
              "bowler": "CR Brathwaite",
              "non_striker": "V Kohli",
              "runs": {
                "batter": 1,
                "extras": 0,
                "total": 1
              }
            },
            {
              "batter": "V Kohli",
              "bowler": "CR Brathwaite",
              "non_striker": "SR Watson",
              "runs": {
                "batter": 1,
                "extras": 0,
                "total": 1
              }
            },
            {
              "batter": "SR Watson",
              "bowler": "CR Brathwaite",
              "non_striker": "V Kohli",
              "runs": {
                "batter": 0,
                "extras": 0,
                "total": 0
              }
            },
            {
              "batter": "SR Watson",
              "bowler": "CR Brathwaite",
              "non_striker": "V Kohli",
              "runs": {
                "batter": 0,
                "extras": 0,
                "total": 0
              }
            }
          ]
        },
        {
          "over": 11,
          "deliveries": [
            {
              "batter": "V Kohli",
              "bowler": "A Mishra",
              "non_striker": "SR Watson",
              "runs": {
                "batter": 1,
                "extras": 0,
                "total": 1
              }
            },
            {
              "batter": "SR Watson",
              "bowler": "A Mishra",
              "non_striker": "V Kohli",
              "runs": {
                "batter": 1,
                "extras": 0,
                "total": 1
              }
            },
            {
              "batter": "V Kohli",
              "bowler": "A Mishra",
              "non_striker": "SR Watson",
              "runs": {
                "batter": 0,
                "extras": 0,
                "total": 0
              }
            },
            {
              "batter": "V Kohli",
              "bowler": "A Mishra",
              "non_striker": "SR Watson",
              "runs": {
                "batter": 1,
                "extras": 0,
                "total": 1
              }
            },
            {
              "batter": "SR Watson",
              "bowler": "A Mishra",
              "non_striker": "V Kohli",
              "runs": {
                "batter": 0,
                "extras": 0,
                "total": 0
              }
            },
            {
              "batter": "SR Watson",
              "bowler": "A Mishra",
              "non_striker": "V Kohli",
              "runs": {
                "batter": 0,
                "extras": 0,
                "total": 0
              }
            }
          ]
        },
        {
          "over": 12,
          "deliveries": [
            {
              "batter": "V Kohli",
              "bowler": "CR Brathwaite",
              "non_striker": "SR Watson",
              "runs": {
                "batter": 1,
                "extras": 0,
                "total": 1
              }
            },
            {
              "batter": "SR Watson",
              "bowler": "CR Brathwaite",
              "non_striker": "V Kohli",
              "runs": {
                "batter": 0,
                "extras": 0,
                "total": 0
              }
            },
            {
              "batter": "SR Watson",
              "bowler": "CR Brathwaite",
              "non_striker": "V Kohli",
              "runs": {
                "batter": 1,
                "extras": 0,
                "total": 1
              }
            },
            {
              "batter": "V Kohli",
              "bowler": "CR Brathwaite",
              "non_striker": "SR Watson",
              "runs": {
                "batter": 1,
                "extras": 0,
                "total": 1
              }
            },
            {
              "batter": "SR Watson",
              "bowler": "CR Brathwaite",
              "non_striker": "V Kohli",
              "runs": {
                "batter": 1,
                "extras": 0,
                "total": 1
              }
            },
            {
              "batter": "V Kohli",
              "bowler": "CR Brathwaite",
              "non_striker": "SR Watson",
              "runs": {
                "batter": 4,
                "extras": 0,
                "total": 4
              }
            }
          ]
        },
        {
          "over": 13,
          "deliveries": [
            {
              "batter": "SR Watson",
              "bowler": "A Mishra",
              "non_striker": "V Kohli",
              "runs": {
                "batter": 1,
                "extras": 0,
                "total": 1
              }
            },
            {
              "batter": "V Kohli",
              "bowler": "A Mishra",
              "non_striker": "SR Watson",
              "runs": {
                "batter": 1,
                "extras": 0,
                "total": 1
              }
            },
            {
              "batter": "SR Watson",
              "bowler": "A Mishra",
              "non_striker": "V Kohli",
              "runs": {
                "batter": 0,
                "extras": 0,
                "total": 0
              }
            },
            {
              "batter": "SR Watson",
              "bowler": "A Mishra",
              "non_striker": "V Kohli",
              "runs": {
                "batter": 6,
                "extras": 0,
                "total": 6
              }
            },
            {
              "batter": "SR Watson",
              "bowler": "A Mishra",
              "non_striker": "V Kohli",
              "runs": {
                "batter": 0,
                "extras": 0,
                "total": 0
              }
            },
            {
              "batter": "SR Watson",
              "bowler": "A Mishra",
              "non_striker": "V Kohli",
              "runs": {
                "batter": 0,
                "extras": 0,
                "total": 0
              }
            }
          ]
        },
        {
          "over": 14,
          "deliveries": [
            {
              "batter": "V Kohli",
              "bowler": "P Negi",
              "non_striker": "SR Watson",
              "runs": {
                "batter": 2,
                "extras": 0,
                "total": 2
              }
            },
            {
              "batter": "V Kohli",
              "bowler": "P Negi",
              "non_striker": "SR Watson",
              "runs": {
                "batter": 1,
                "extras": 0,
                "total": 1
              }
            },
            {
              "batter": "SR Watson",
              "bowler": "P Negi",
              "non_striker": "V Kohli",
              "runs": {
                "batter": 2,
                "extras": 0,
                "total": 2
              }
            },
            {
              "batter": "SR Watson",
              "bowler": "P Negi",
              "non_striker": "V Kohli",
              "runs": {
                "batter": 1,
                "extras": 0,
                "total": 1
              }
            },
            {
              "batter": "V Kohli",
              "bowler": "P Negi",
              "non_striker": "SR Watson",
              "runs": {
                "batter": 1,
                "extras": 0,
                "total": 1
              }
            },
            {
              "batter": "SR Watson",
              "bowler": "P Negi",
              "non_striker": "V Kohli",
              "runs": {
                "batter": 0,
                "extras": 0,
                "total": 0
              },
              "wickets": [
                {
                  "kind": "caught",
                  "player_out": "SR Watson",
                  "fielders": [
                    {
                      "name": "SW Billings"
                    }
                  ]
                }
              ]
            }
          ]
        },
        {
          "over": 15,
          "deliveries": [
            {
              "batter": "STR Binny",
              "bowler": "A Mishra",
              "non_striker": "V Kohli",
              "runs": {
                "batter": 1,
                "extras": 0,
                "total": 1
              }
            },
            {
              "batter": "V Kohli",
              "bowler": "A Mishra",
              "non_striker": "STR Binny",
              "runs": {
                "batter": 1,
                "extras": 0,
                "total": 1
              }
            },
            {
              "batter": "STR Binny",
              "bowler": "A Mishra",
              "non_striker": "V Kohli",
              "runs": {
                "batter": 0,
                "extras": 0,
                "total": 0
              }
            },
            {
              "batter": "STR Binny",
              "bowler": "A Mishra",
              "non_striker": "V Kohli",
              "runs": {
                "batter": 4,
                "extras": 0,
                "total": 4
              }
            },
            {
              "batter": "STR Binny",
              "bowler": "A Mishra",
              "non_striker": "V Kohli",
              "runs": {
                "batter": 2,
                "extras": 0,
                "total": 2
              }
            },
            {
              "batter": "STR Binny",
              "bowler": "A Mishra",
              "non_striker": "V Kohli",
              "runs": {
                "batter": 0,
                "extras": 0,
                "total": 0
              }
            }
          ]
        },
        {
          "over": 16,
          "deliveries": [
            {
              "batter": "V Kohli",
              "bowler": "CR Brathwaite",
              "non_striker": "STR Binny",
              "runs": {
                "batter": 1,
                "extras": 0,
                "total": 1
              }
            },
            {
              "batter": "STR Binny",
              "bowler": "CR Brathwaite",
              "non_striker": "V Kohli",
              "runs": {
                "batter": 1,
                "extras": 0,
                "total": 1
              }
            },
            {
              "batter": "V Kohli",
              "bowler": "CR Brathwaite",
              "non_striker": "STR Binny",
              "runs": {
                "batter": 1,
                "extras": 0,
                "total": 1
              }
            },
            {
              "batter": "STR Binny",
              "bowler": "CR Brathwaite",
              "non_striker": "V Kohli",
              "runs": {
                "batter": 2,
                "extras": 0,
                "total": 2
              }
            },
            {
              "batter": "STR Binny",
              "bowler": "CR Brathwaite",
              "non_striker": "V Kohli",
              "runs": {
                "batter": 0,
                "extras": 0,
                "total": 0
              }
            },
            {
              "batter": "STR Binny",
              "bowler": "CR Brathwaite",
              "non_striker": "V Kohli",
              "runs": {
                "batter": 2,
                "extras": 0,
                "total": 2
              }
            }
          ]
        },
        {
          "over": 17,
          "deliveries": [
            {
              "batter": "V Kohli",
              "bowler": "Z Khan",
              "non_striker": "STR Binny",
              "runs": {
                "batter": 2,
                "extras": 0,
                "total": 2
              }
            },
            {
              "batter": "V Kohli",
              "bowler": "Z Khan",
              "non_striker": "STR Binny",
              "runs": {
                "batter": 0,
                "extras": 0,
                "total": 0
              }
            },
            {
              "batter": "V Kohli",
              "bowler": "Z Khan",
              "non_striker": "STR Binny",
              "runs": {
                "batter": 0,
                "extras": 0,
                "total": 0
              }
            },
            {
              "batter": "V Kohli",
              "bowler": "Z Khan",
              "non_striker": "STR Binny",
              "runs": {
                "batter": 1,
                "extras": 0,
                "total": 1
              }
            },
            {
              "batter": "STR Binny",
              "bowler": "Z Khan",
              "extras": {
                "wides": 5
              },
              "non_striker": "V Kohli",
              "runs": {
                "batter": 0,
                "extras": 5,
                "total": 5
              }
            },
            {
              "batter": "STR Binny",
              "bowler": "Z Khan",
              "non_striker": "V Kohli",
              "runs": {
                "batter": 4,
                "extras": 0,
                "total": 4
              }
            },
            {
              "batter": "STR Binny",
              "bowler": "Z Khan",
              "non_striker": "V Kohli",
              "runs": {
                "batter": 0,
                "extras": 0,
                "total": 0
              }
            }
          ]
        },
        {
          "over": 18,
          "deliveries": [
            {
              "batter": "V Kohli",
              "bowler": "CR Brathwaite",
              "non_striker": "STR Binny",
              "runs": {
                "batter": 1,
                "extras": 0,
                "total": 1
              }
            }
          ]
        }
      ],
      "powerplays": [
        {
          "from": 0.1,
          "to": 5.6,
          "type": "mandatory"
        }
      ],
      "target": {
        "overs": 20,
        "runs": 139
      }
    }
  ]
}