STADIUM_NAME,CITY
Maharaja Yadavindra Singh International Cricket Stadium,Mohali
Eden Gardens,Kolkata
De Beers Diamond Oval,Kimberley
Sharjah Cricket Stadium,Sharjah
Wankhede Stadium,Mumbai
Feroz Shah Kotla,Delhi
Holkar Cricket Stadium,Indore
Punjab Cricket Association IS Bindra Stadium,Chandigarh
Maharashtra Cricket Association Stadium,Pune
MA Chidambaram Stadium,Chennai
Dubai International Cricket Stadium,undefined
Kingsmead,Durban
Dr DY Patil Sports Academy,Navi Mumbai
Sharjah Cricket Stadium,undefined
Newlands,Cape Town
SuperSport Park,Centurion
Sawai Mansingh Stadium,Jaipur
Shaheed Veer Narayan Singh International Stadium,Raipur
Dubai International Cricket Stadium,Dubai
M Chinnaswamy Stadium,Bangalore
Rajiv Gandhi International Stadium,Hyderabad
Brabourne Stadium,Mumbai
Sheikh Zayed Stadium,Abu Dhabi
M.Chinnaswamy Stadium,Bengaluru
Punjab Cricket Association Stadium,Chandigarh
Narendra Modi Stadium,Ahmedabad
Arun Jaitley Stadium,Delhi
Dr. Y.S. Rajasekhara Reddy ACA-VDCA Cricket Stadium,Visakhapatnam
Barabati Stadium,Cuttack
Dr DY Patil Sports Academy,Mumbai
Saurashtra Cricket Association Stadium,Rajkot
Sardar Patel Stadium,Ahmedabad
Himachal Pradesh Cricket Association Stadium,Dharamsala
Bharat Ratna Shri Atal Bihari Vajpayee Ekana Cricket Stadium,Lucknow
Nehru Stadium,Kochi
Green Park,Kanpur
Subrata Roy Sahara Stadium,Pune
JSCA International Stadium Complex,Ranchi
Zayed Cricket Stadium,Abu Dhabi
Vidarbha Cricket Association Stadium,Nagpur
M Chinnaswamy Stadium,Bengaluru
St George's Park,Port Elizabeth
New Wanderers Stadium,Johannesburg
Barsapara Cricket Stadium,Guwahati
OUTsurance Oval,Bloemfontein
Buffalo Park,East London