[{"teamName":"Sunrisers Hyderabad","overs":[{"innings":1,"batter":"Abhishek Sharma","bowler":"MA Starc","non_striker":"TM Head","batterscore":0,"extrascore":0,"extra":{},"overnumber":0,"ballnumber":1,"dissimissals":{}},{"innings":1,"batter":"Abhishek Sharma","bowler":"MA Starc","non_striker":"TM Head","batterscore":0,"extrascore":0,"extra":{},"overnumber":0,"ballnumber":2,"dissimissals":{}},{"innings":1,"batter":"Abhishek Sharma","bowler":"MA Starc","non_striker":"TM Head","batterscore":0,"extrascore":0,"extra":{},"overnumber":0,"ballnumber":3,"dissimissals":{}},{"innings":1,"batter":"Abhishek Sharma","bowler":"MA Starc","non_striker":"TM Head","batterscore":2,"extrascore":0,"extra":{},"overnumber":0,"ballnumber":4,"dissimissals":{}},{"innings":1,"batter":"Abhishek Sharma","bowler":"MA Starc","non_striker":"TM Head","batterscore":0,"extrascore":0,"extra":{},"overnumber":0,"ballnumber":5,"dissimissals":{"playerName":"Abhishek Sharma","cause":"bowled","bowler":"MA Starc"}},{"innings":1,"batter":"RA Tripathi","bowler":"MA Starc","non_striker":"TM Head","batterscore":1,"extrascore":0,"extra":{},"overnumber":0,"ballnumber":6,"dissimissals":{}},{"innings":1,"batter":"RA Tripathi","bowler":"VG Arora","non_striker":"TM Head","batterscore":0,"extrascore":0,"extra":{},"overnumber":1,"ballnumber":1,"dissimissals":{}},{"innings":1,"batter":"RA Tripathi","bowler":"VG Arora","non_striker":"TM Head","batterscore":0,"extrascore":0,"extra":{},"overnumber":1,"ballnumber":2,"dissimissals":{}},{"innings":1,"batter":"RA Tripathi","bowler":"VG Arora","non_striker":"TM Head","batterscore":0,"extrascore":0,"extra":{},"overnumber":1,"ballnumber":3,"dissimissals":{}},{"innings":1,"batter":"RA Tripathi","bowler":"VG Arora","non_striker":"TM Head","batterscore":0,"extrascore":2,"extra":{"legbyes":2},"overnumber":1,"ballnumber":4,"dissimissals":{}},{"innings":1,"batter":"RA Tripathi","bowler":"VG Arora","non_striker":"TM Head","batterscore":1,"extrascore":0,"extra":{},"overnumber":1,"ballnumber":5,"dissimissals":{}},{"innings":1,"batter":"TM Head","bowler":"VG Arora","non_striker":"RA Tripathi","batterscore":0,"extrascore":0,"extra":{},"overnumber":1,"ballnumber":6,"dissimissals":{"playerName":"TM Head","cause":"caught","fielders":"Rahmanullah Gurbaz","bowler":"VG Arora"}},{"innings":1,"batter":"RA Tripathi","bowler":"MA Starc","non_striker":"AK Markram","batterscore":4,"extrascore":0,"extra":{},"overnumber":2,"ballnumber":1,"dissimissals":{}},{"innings":1,"batter":"RA Tripathi","bowler":"MA Starc","non_striker":"AK Markram","batterscore":1,"extrascore":0,"extra":{},"overnumber":2,"ballnumber":2,"dissimissals":{}},{"innings":1,"batter":"AK Markram","bowler":"MA Starc","non_striker":"RA Tripathi","batterscore":0,"extrascore":0,"extra":{},"overnumber":2,"ballnumber":3,"dissimissals":{}},{"innings":1,"batter":"AK Markram","bowler":"MA Starc","non_striker":"RA Tripathi","batterscore":4,"extrascore":0,"extra":{},"overnumber":2,"ballnumber":4,"dissimissals":{}},{"innings":1,"batter":"AK Markram","bowler":"MA Starc","non_striker":"RA Tripathi","batterscore":0,"extrascore":0,"extra":{},"overnumber":2,"ballnumber":5,"dissimissals":{}},{"innings":1,"batter":"AK Markram","bowler":"MA Starc","non_striker":"RA Tripathi","batterscore":0,"extrascore":0,"extra":{},"overnumber":2,"ballnumber":6,"dissimissals":{}},{"innings":1,"batter":"RA Tripathi","bowler":"VG Arora","non_striker":"AK Markram","batterscore":0,"extrascore":1,"extra":{"wides":1},"overnumber":3,"ballnumber":6,"dissimissals":{}},{"innings":1,"batter":"RA Tripathi","bowler":"VG Arora","non_striker":"AK Markram","batterscore":0,"extrascore":1,"extra":{"wides":1},"overnumber":3,"ballnumber":6,"dissimissals":{}},{"innings":1,"batter":"RA Tripathi","bowler":"VG Arora","non_striker":"AK Markram","batterscore":1,"extrascore":0,"extra":{},"overnumber":3,"ballnumber":1,"dissimissals":{}},{"innings":1,"batter":"AK Markram","bowler":"VG Arora","non_striker":"RA Tripathi","batterscore":0,"extrascore":0,"extra":{},"overnumber":3,"ballnumber":2,"dissimissals":{}},{"innings":1,"batter":"AK Markram","bowler":"VG Arora","non_striker":"RA Tripathi","batterscore":1,"extrascore":0,"extra":{},"overnumber":3,"ballnumber":3,"dissimissals":{}},{"innings":1,"batter":"RA Tripathi","bowler":"VG Arora","non_striker":"AK Markram","batterscore":0,"extrascore":0,"extra":{},"overnumber":3,"ballnumber":4,"dissimissals":{}},{"innings":1,"batter":"RA Tripathi","bowler":"VG Arora","non_striker":"AK Markram","batterscore":0,"extrascore":1,"extra":{"wides":1},"overnumber":3,"ballnumber":4,"dissimissals":{}},{"innings":1,"batter":"RA Tripathi","bowler":"VG Arora","non_striker":"AK Markram","batterscore":1,"extrascore":0,"extra":{},"overnumber":3,"ballnumber":5,"dissimissals":{}},{"innings":1,"batter":"AK Markram","bowler":"VG Arora","non_striker":"RA Tripathi","batterscore":0,"extrascore":0,"extra":{},"overnumber":3,"ballnumber":6,"dissimissals":{}},{"innings":1,"batter":"RA Tripathi","bowler":"MA Starc","non_striker":"AK Markram","batterscore":0,"extrascore":0,"extra":{},"overnumber":4,"ballnumber":1,"dissimissals":{}},{"innings":1,"batter":"RA Tripathi","bowler":"MA Starc","non_striker":"AK Markram","batterscore":0,"extrascore":0,"extra":{},"overnumber":4,"ballnumber":2,"dissimissals":{"playerName":"RA Tripathi","cause":"caught","fielders":"Ramandeep Singh","bowler":"MA Starc"}},{"innings":1,"batter":"Nithish Kumar Reddy","bowler":"MA Starc","non_striker":"AK Markram","batterscore":1,"extrascore":0,"extra":{},"overnumber":4,"ballnumber":3,"dissimissals":{}},{"innings":1,"batter":"AK Markram","bowler":"MA Starc","non_striker":"Nithish Kumar Reddy","batterscore":1,"extrascore":0,"extra":{},"overnumber":4,"ballnumber":4,"dissimissals":{}},{"innings":1,"batter":"Nithish Kumar Reddy","bowler":"MA Starc","non_striker":"AK Markram","batterscore":0,"extrascore":0,"extra":{},"overnumber":4,"ballnumber":5,"dissimissals":{}},{"innings":1,"batter":"Nithish Kumar Reddy","bowler":"MA Starc","non_striker":"AK Markram","batterscore":0,"extrascore":0,"extra":{},"overnumber":4,"ballnumber":6,"dissimissals":{}},{"innings":1,"batter":"AK Markram","bowler":"VG Arora","non_striker":"Nithish Kumar Reddy","batterscore":0,"extrascore":1,"extra":{"wides":1},"overnumber":5,"ballnumber":6,"dissimissals":{}},{"innings":1,"batter":"AK Markram","bowler":"VG Arora","non_striker":"Nithish Kumar Reddy","batterscore":4,"extrascore":0,"extra":{},"overnumber":5,"ballnumber":1,"dissimissals":{}},{"innings":1,"batter":"AK Markram","bowler":"VG Arora","non_striker":"Nithish Kumar Reddy","batterscore":4,"extrascore":0,"extra":{},"overnumber":5,"ballnumber":2,"dissimissals":{}},{"innings":1,"batter":"AK Markram","bowler":"VG Arora","non_striker":"Nithish Kumar Reddy","batterscore":1,"extrascore":0,"extra":{},"overnumber":5,"ballnumber":3,"dissimissals":{}},{"innings":1,"batter":"Nithish Kumar Reddy","bowler":"VG Arora","non_striker":"AK Markram","batterscore":0,"extrascore":0,"extra":{},"overnumber":5,"ballnumber":4,"dissimissals":{}},{"innings":1,"batter":"Nithish Kumar Reddy","bowler":"VG Arora","non_striker":"AK Markram","batterscore":6,"extrascore":0,"extra":{},"overnumber":5,"ballnumber":5,"dissimissals":{}},{"innings":1,"batter":"Nithish Kumar Reddy","bowler":"VG Arora","non_striker":"AK Markram","batterscore":1,"extrascore":0,"extra":{},"overnumber":5,"ballnumber":6,"dissimissals":{}},{"innings":1,"batter":"Nithish Kumar Reddy","bowler":"Harshit Rana","non_striker":"AK Markram","batterscore":4,"extrascore":0,"extra":{},"overnumber":6,"ballnumber":1,"dissimissals":{}},{"innings":1,"batter":"Nithish Kumar Reddy","bowler":"Harshit Rana","non_striker":"AK Markram","batterscore":1,"extrascore":0,"extra":{},"overnumber":6,"ballnumber":2,"dissimissals":{}},{"innings":1,"batter":"AK Markram","bowler":"Harshit Rana","non_striker":"Nithish Kumar Reddy","batterscore":0,"extrascore":1,"extra":{"wides":1},"overnumber":6,"ballnumber":2,"dissimissals":{}},{"innings":1,"batter":"AK Markram","bowler":"Harshit Rana","non_striker":"Nithish Kumar Reddy","batterscore":0,"extrascore":0,"extra":{},"overnumber":6,"ballnumber":3,"dissimissals":{}},{"innings":1,"batter":"AK Markram","bowler":"Harshit Rana","non_striker":"Nithish Kumar Reddy","batterscore":1,"extrascore":0,"extra":{},"overnumber":6,"ballnumber":4,"dissimissals":{}},{"innings":1,"batter":"Nithish Kumar Reddy","bowler":"Harshit Rana","non_striker":"AK Markram","batterscore":0,"extrascore":0,"extra":{},"overnumber":6,"ballnumber":5,"dissimissals":{}},{"innings":1,"batter":"Nithish Kumar Reddy","bowler":"Harshit Rana","non_striker":"AK Markram","batterscore":0,"extrascore":0,"extra":{},"overnumber":6,"ballnumber":6,"dissimissals":{"playerName":"Nithish Kumar Reddy","cause":"caught","fielders":"Rahmanullah Gurbaz","bowler":"Harshit Rana"}},{"innings":1,"batter":"AK Markram","bowler":"SP Narine","non_striker":"H Klaasen","batterscore":0,"extrascore":0,"extra":{},"overnumber":7,"ballnumber":1,"dissimissals":{}},{"innings":1,"batter":"AK Markram","bowler":"SP Narine","non_striker":"H Klaasen","batterscore":1,"extrascore":0,"extra":{},"overnumber":7,"ballnumber":2,"dissimissals":{}},{"innings":1,"batter":"H Klaasen","bowler":"SP Narine","non_striker":"AK Markram","batterscore":1,"extrascore":0,"extra":{},"overnumber":7,"ballnumber":3,"dissimissals":{}},{"innings":1,"batter":"AK Markram","bowler":"SP Narine","non_striker":"H Klaasen","batterscore":0,"extrascore":0,"extra":{},"overnumber":7,"ballnumber":4,"dissimissals":{}},{"innings":1,"batter":"AK Markram","bowler":"SP Narine","non_striker":"H Klaasen","batterscore":1,"extrascore":0,"extra":{},"overnumber":7,"ballnumber":5,"dissimissals":{}},{"innings":1,"batter":"H Klaasen","bowler":"SP Narine","non_striker":"AK Markram","batterscore":1,"extrascore":0,"extra":{},"overnumber":7,"ballnumber":6,"dissimissals":{}},{"innings":1,"batter":"H Klaasen","bowler":"Harshit Rana","non_striker":"AK Markram","batterscore":4,"extrascore":0,"extra":{},"overnumber":8,"ballnumber":1,"dissimissals":{}},{"innings":1,"batter":"H Klaasen","bowler":"Harshit Rana","non_striker":"AK Markram","batterscore":1,"extrascore":0,"extra":{},"overnumber":8,"ballnumber":2,"dissimissals":{}},{"innings":1,"batter":"AK Markram","bowler":"Harshit Rana","non_striker":"H Klaasen","batterscore":1,"extrascore":0,"extra":{},"overnumber":8,"ballnumber":3,"dissimissals":{}},{"innings":1,"batter":"H Klaasen","bowler":"Harshit Rana","non_striker":"AK Markram","batterscore":0,"extrascore":0,"extra":{},"overnumber":8,"ballnumber":4,"dissimissals":{}},{"innings":1,"batter":"H Klaasen","bowler":"Harshit Rana","non_striker":"AK Markram","batterscore":0,"extrascore":0,"extra":{},"overnumber":8,"ballnumber":5,"dissimissals":{}},{"innings":1,"batter":"H Klaasen","bowler":"Harshit Rana","non_striker":"AK Markram","batterscore":1,"extrascore":0,"extra":{},"overnumber":8,"ballnumber":6,"dissimissals":{}},{"innings":1,"batter":"H Klaasen","bowler":"SP Narine","non_striker":"AK Markram","batterscore":1,"extrascore":0,"extra":{},"overnumber":9,"ballnumber":1,"dissimissals":{}},{"innings":1,"batter":"AK Markram","bowler":"SP Narine","non_striker":"H Klaasen","batterscore":1,"extrascore":0,"extra":{},"overnumber":9,"ballnumber":2,"dissimissals":{}},{"innings":1,"batter":"H Klaasen","bowler":"SP Narine","non_striker":"AK Markram","batterscore":1,"extrascore":0,"extra":{},"overnumber":9,"ballnumber":3,"dissimissals":{}},{"innings":1,"batter":"AK Markram","bowler":"SP Narine","non_striker":"H Klaasen","batterscore":0,"extrascore":0,"extra":{},"overnumber":9,"ballnumber":4,"dissimissals":{}},{"innings":1,"batter":"AK Markram","bowler":"SP Narine","non_striker":"H Klaasen","batterscore":0,"extrascore":0,"extra":{},"overnumber":9,"ballnumber":5,"dissimissals":{}},{"innings":1,"batter":"AK Markram","bowler":"SP Narine","non_striker":"H Klaasen","batterscore":0,"extrascore":0,"extra":{},"overnumber":9,"ballnumber":6,"dissimissals":{}},{"innings":1,"batter":"H Klaasen","bowler":"AD Russell","non_striker":"AK Markram","batterscore":1,"extrascore":0,"extra":{},"overnumber":10,"ballnumber":1,"dissimissals":{}},{"innings":1,"batter":"AK Markram","bowler":"AD Russell","non_striker":"H Klaasen","batterscore":0,"extrascore":0,"extra":{},"overnumber":10,"ballnumber":2,"dissimissals":{"playerName":"AK Markram","cause":"caught","fielders":"MA Starc","bowler":"AD Russell"}},{"innings":1,"batter":"Shahbaz Ahmed","bowler":"AD Russell","non_striker":"H Klaasen","batterscore":2,"extrascore":0,"extra":{},"overnumber":10,"ballnumber":3,"dissimissals":{}},{"innings":1,"batter":"Shahbaz Ahmed","bowler":"AD Russell","non_striker":"H Klaasen","batterscore":0,"extrascore":0,"extra":{},"overnumber":10,"ballnumber":4,"dissimissals":{}},{"innings":1,"batter":"Shahbaz Ahmed","bowler":"AD Russell","non_striker":"H Klaasen","batterscore":0,"extrascore":0,"extra":{},"overnumber":10,"ballnumber":5,"dissimissals":{}},{"innings":1,"batter":"Shahbaz Ahmed","bowler":"AD Russell","non_striker":"H Klaasen","batterscore":6,"extrascore":0,"extra":{},"overnumber":10,"ballnumber":6,"dissimissals":{}},{"innings":1,"batter":"H Klaasen","bowler":"CV Varun","non_striker":"Shahbaz Ahmed","batterscore":0,"extrascore":0,"extra":{},"overnumber":11,"ballnumber":1,"dissimissals":{}},{"innings":1,"batter":"H Klaasen","bowler":"CV Varun","non_striker":"Shahbaz Ahmed","batterscore":1,"extrascore":0,"extra":{},"overnumber":11,"ballnumber":2,"dissimissals":{}},{"innings":1,"batter":"Shahbaz Ahmed","bowler":"CV Varun","non_striker":"H Klaasen","batterscore":0,"extrascore":0,"extra":{},"overnumber":11,"ballnumber":3,"dissimissals":{}},{"innings":1,"batter":"Shahbaz Ahmed","bowler":"CV Varun","non_striker":"H Klaasen","batterscore":0,"extrascore":0,"extra":{},"overnumber":11,"ballnumber":4,"dissimissals":{}},{"innings":1,"batter":"Shahbaz Ahmed","bowler":"CV Varun","non_striker":"H Klaasen","batterscore":0,"extrascore":0,"extra":{},"overnumber":11,"ballnumber":5,"dissimissals":{"playerName":"Shahbaz Ahmed","cause":"caught","fielders":"SP Narine","bowler":"CV Varun"}},{"innings":1,"batter":"Abdul Samad","bowler":"CV Varun","non_striker":"H Klaasen","batterscore":1,"extrascore":0,"extra":{},"overnumber":11,"ballnumber":6,"dissimissals":{}},{"innings":1,"batter":"Abdul Samad","bowler":"AD Russell","non_striker":"H Klaasen","batterscore":2,"extrascore":0,"extra":{},"overnumber":12,"ballnumber":1,"dissimissals":{}},{"innings":1,"batter":"Abdul Samad","bowler":"AD Russell","non_striker":"H Klaasen","batterscore":1,"extrascore":0,"extra":{},"overnumber":12,"ballnumber":2,"dissimissals":{}},{"innings":1,"batter":"H Klaasen","bowler":"AD Russell","non_striker":"Abdul Samad","batterscore":1,"extrascore":0,"extra":{},"overnumber":12,"ballnumber":3,"dissimissals":{}},{"innings":1,"batter":"Abdul Samad","bowler":"AD Russell","non_striker":"H Klaasen","batterscore":0,"extrascore":1,"extra":{"wides":1},"overnumber":12,"ballnumber":3,"dissimissals":{}},{"innings":1,"batter":"Abdul Samad","bowler":"AD Russell","non_striker":"H Klaasen","batterscore":0,"extrascore":0,"extra":{},"overnumber":12,"ballnumber":4,"dissimissals":{"playerName":"Abdul Samad","cause":"caught","fielders":"Rahmanullah Gurbaz","bowler":"AD Russell"}},{"innings":1,"batter":"PJ Cummins","bowler":"AD Russell","non_striker":"H Klaasen","batterscore":4,"extrascore":0,"extra":{},"overnumber":12,"ballnumber":5,"dissimissals":{}},{"innings":1,"batter":"PJ Cummins","bowler":"AD Russell","non_striker":"H Klaasen","batterscore":1,"extrascore":0,"extra":{},"overnumber":12,"ballnumber":6,"dissimissals":{}},{"innings":1,"batter":"PJ Cummins","bowler":"CV Varun","non_striker":"H Klaasen","batterscore":4,"extrascore":0,"extra":{},"overnumber":13,"ballnumber":1,"dissimissals":{}},{"innings":1,"batter":"PJ Cummins","bowler":"CV Varun","non_striker":"H Klaasen","batterscore":0,"extrascore":1,"extra":{"byes":1},"overnumber":13,"ballnumber":2,"dissimissals":{}},{"innings":1,"batter":"H Klaasen","bowler":"CV Varun","non_striker":"PJ Cummins","batterscore":0,"extrascore":0,"extra":{},"overnumber":13,"ballnumber":3,"dissimissals":{}},{"innings":1,"batter":"H Klaasen","bowler":"CV Varun","non_striker":"PJ Cummins","batterscore":2,"extrascore":0,"extra":{},"overnumber":13,"ballnumber":4,"dissimissals":{}},{"innings":1,"batter":"H Klaasen","bowler":"CV Varun","non_striker":"PJ Cummins","batterscore":1,"extrascore":0,"extra":{},"overnumber":13,"ballnumber":5,"dissimissals":{}},{"innings":1,"batter":"PJ Cummins","bowler":"CV Varun","non_striker":"H Klaasen","batterscore":0,"extrascore":0,"extra":{},"overnumber":13,"ballnumber":6,"dissimissals":{}},{"innings":1,"batter":"H Klaasen","bowler":"Harshit Rana","non_striker":"PJ Cummins","batterscore":0,"extrascore":0,"extra":{},"overnumber":14,"ballnumber":1,"dissimissals":{"playerName":"H Klaasen","cause":"bowled","bowler":"Harshit Rana"}},{"innings":1,"batter":"JD Unadkat","bowler":"Harshit Rana","non_striker":"PJ Cummins","batterscore":0,"extrascore":0,"extra":{},"overnumber":14,"ballnumber":2,"dissimissals":{}},{"innings":1,"batter":"JD Unadkat","bowler":"Harshit Rana","non_striker":"PJ Cummins","batterscore":0,"extrascore":0,"extra":{},"overnumber":14,"ballnumber":3,"dissimissals":{}},{"innings":1,"batter":"JD Unadkat","bowler":"Harshit Rana","non_striker":"PJ Cummins","batterscore":0,"extrascore":0,"extra":{},"overnumber":14,"ballnumber":4,"dissimissals":{}},{"innings":1,"batter":"JD Unadkat","bowler":"Harshit Rana","non_striker":"PJ Cummins","batterscore":0,"extrascore":0,"extra":{},"overnumber":14,"ballnumber":5,"dissimissals":{}},{"innings":1,"batter":"JD Unadkat","bowler":"Harshit Rana","non_striker":"PJ Cummins","batterscore":0,"extrascore":0,"extra":{},"overnumber":14,"ballnumber":6,"dissimissals":{}},{"innings":1,"batter":"PJ Cummins","bowler":"SP Narine","non_striker":"JD Unadkat","batterscore":0,"extrascore":4,"extra":{"byes":4},"overnumber":15,"ballnumber":1,"dissimissals":{}},{"innings":1,"batter":"PJ Cummins","bowler":"SP Narine","non_striker":"JD Unadkat","batterscore":1,"extrascore":0,"extra":{},"overnumber":15,"ballnumber":2,"dissimissals":{}},{"innings":1,"batter":"JD Unadkat","bowler":"SP Narine","non_striker":"PJ Cummins","batterscore":0,"extrascore":0,"extra":{},"overnumber":15,"ballnumber":3,"dissimissals":{}},{"innings":1,"batter":"JD Unadkat","bowler":"SP Narine","non_striker":"PJ Cummins","batterscore":1,"extrascore":0,"extra":{},"overnumber":15,"ballnumber":4,"dissimissals":{}},{"innings":1,"batter":"PJ Cummins","bowler":"SP Narine","non_striker":"JD Unadkat","batterscore":1,"extrascore":0,"extra":{},"overnumber":15,"ballnumber":5,"dissimissals":{}},{"innings":1,"batter":"JD Unadkat","bowler":"SP Narine","non_striker":"PJ Cummins","batterscore":1,"extrascore":0,"extra":{},"overnumber":15,"ballnumber":6,"dissimissals":{}},{"innings":1,"batter":"JD Unadkat","bowler":"Harshit Rana","non_striker":"PJ Cummins","batterscore":1,"extrascore":0,"extra":{},"overnumber":16,"ballnumber":1,"dissimissals":{}},{"innings":1,"batter":"PJ Cummins","bowler":"Harshit Rana","non_striker":"JD Unadkat","batterscore":0,"extrascore":0,"extra":{},"overnumber":16,"ballnumber":2,"dissimissals":{}},{"innings":1,"batter":"PJ Cummins","bowler":"Harshit Rana","non_striker":"JD Unadkat","batterscore":0,"extrascore":0,"extra":{},"overnumber":16,"ballnumber":3,"dissimissals":{}},{"innings":1,"batter":"PJ Cummins","bowler":"Harshit Rana","non_striker":"JD Unadkat","batterscore":2,"extrascore":0,"extra":{},"overnumber":16,"ballnumber":4,"dissimissals":{}},{"innings":1,"batter":"PJ Cummins","bowler":"Harshit Rana","non_striker":"JD Unadkat","batterscore":6,"extrascore":0,"extra":{},"overnumber":16,"ballnumber":5,"dissimissals":{}},{"innings":1,"batter":"PJ Cummins","bowler":"Harshit Rana","non_striker":"JD Unadkat","batterscore":1,"extrascore":0,"extra":{},"overnumber":16,"ballnumber":6,"dissimissals":{}},{"innings":1,"batter":"PJ Cummins","bowler":"SP Narine","non_striker":"JD Unadkat","batterscore":1,"extrascore":0,"extra":{},"overnumber":17,"ballnumber":1,"dissimissals":{}},{"innings":1,"batter":"JD Unadkat","bowler":"SP Narine","non_striker":"PJ Cummins","batterscore":1,"extrascore":0,"extra":{},"overnumber":17,"ballnumber":2,"dissimissals":{}},{"innings":1,"batter":"PJ Cummins","bowler":"SP Narine","non_striker":"JD Unadkat","batterscore":2,"extrascore":0,"extra":{},"overnumber":17,"ballnumber":3,"dissimissals":{}},{"innings":1,"batter":"PJ Cummins","bowler":"SP Narine","non_striker":"JD Unadkat","batterscore":1,"extrascore":0,"extra":{},"overnumber":17,"ballnumber":4,"dissimissals":{}},{"innings":1,"batter":"JD Unadkat","bowler":"SP Narine","non_striker":"PJ Cummins","batterscore":0,"extrascore":0,"extra":{},"overnumber":17,"ballnumber":5,"dissimissals":{"playerName":"JD Unadkat","cause":"lbw","bowler":"SP Narine"}},{"innings":1,"batter":"B Kumar","bowler":"SP Narine","non_striker":"PJ Cummins","batterscore":0,"extrascore":0,"extra":{},"overnumber":17,"ballnumber":6,"dissimissals":{}},{"innings":1,"batter":"PJ Cummins","bowler":"AD Russell","non_striker":"B Kumar","batterscore":0,"extrascore":0,"extra":{},"overnumber":18,"ballnumber":1,"dissimissals":{}},{"innings":1,"batter":"PJ Cummins","bowler":"AD Russell","non_striker":"B Kumar","batterscore":0,"extrascore":0,"extra":{},"overnumber":18,"ballnumber":2,"dissimissals":{}},{"innings":1,"batter":"PJ Cummins","bowler":"AD Russell","non_striker":"B Kumar","batterscore":0,"extrascore":0,"extra":{},"overnumber":18,"ballnumber":3,"dissimissals":{"playerName":"PJ Cummins","cause":"caught","fielders":"MA Starc","bowler":"AD Russell"}}]},{"teamName":"Kolkata Knight Riders","overs":[{"innings":2,"batter":"Rahmanullah Gurbaz","bowler":"B Kumar","non_striker":"SP Narine","batterscore":0,"extrascore":0,"extra":{},"overnumber":0,"ballnumber":4,"dissimissals":{}},{"innings":2,"batter":"Rahmanullah Gurbaz","bowler":"B Kumar","non_striker":"SP Narine","batterscore":4,"extrascore":0,"extra":{},"overnumber":0,"ballnumber":5,"dissimissals":{}},{"innings":2,"batter":"Rahmanullah Gurbaz","bowler":"B Kumar","non_striker":"SP Narine","batterscore":0,"extrascore":0,"extra":{},"overnumber":0,"ballnumber":6,"dissimissals":{}},{"innings":2,"batter":"Rahmanullah Gurbaz","bowler":"B Kumar","non_striker":"SP Narine","batterscore":0,"extrascore":1,"extra":{"wides":1},"overnumber":0,"ballnumber":6,"dissimissals":{}},{"innings":2,"batter":"Rahmanullah Gurbaz","bowler":"B Kumar","non_striker":"SP Narine","batterscore":0,"extrascore":0,"extra":{},"overnumber":0,"ballnumber":1,"dissimissals":{}},{"innings":2,"batter":"Rahmanullah Gurbaz","bowler":"B Kumar","non_striker":"SP Narine","batterscore":0,"extrascore":0,"extra":{},"overnumber":0,"ballnumber":2,"dissimissals":{}},{"innings":2,"batter":"Rahmanullah Gurbaz","bowler":"B Kumar","non_striker":"SP Narine","batterscore":0,"extrascore":0,"extra":{},"overnumber":0,"ballnumber":3,"dissimissals":{}},{"innings":2,"batter":"SP Narine","bowler":"PJ Cummins","non_striker":"Rahmanullah Gurbaz","batterscore":6,"extrascore":0,"extra":{},"overnumber":1,"ballnumber":4,"dissimissals":{}},{"innings":2,"batter":"SP Narine","bowler":"PJ Cummins","non_striker":"Rahmanullah Gurbaz","batterscore":0,"extrascore":0,"extra":{},"overnumber":1,"ballnumber":5,"dissimissals":{"playerName":"SP Narine","cause":"caught","fielders":"Shahbaz Ahmed","bowler":"PJ Cummins"}},{"innings":2,"batter":"VR Iyer","bowler":"PJ Cummins","non_striker":"Rahmanullah Gurbaz","batterscore":0,"extrascore":2,"extra":{"wides":2},"overnumber":1,"ballnumber":5,"dissimissals":{}},{"innings":2,"batter":"Rahmanullah Gurbaz","bowler":"PJ Cummins","non_striker":"VR Iyer","batterscore":0,"extrascore":0,"extra":{},"overnumber":1,"ballnumber":6,"dissimissals":{}},{"innings":2,"batter":"Rahmanullah Gurbaz","bowler":"PJ Cummins","non_striker":"VR Iyer","batterscore":0,"extrascore":0,"extra":{},"overnumber":1,"ballnumber":1,"dissimissals":{}},{"innings":2,"batter":"Rahmanullah Gurbaz","bowler":"PJ Cummins","non_striker":"VR Iyer","batterscore":4,"extrascore":0,"extra":{},"overnumber":1,"ballnumber":2,"dissimissals":{}},{"innings":2,"batter":"Rahmanullah Gurbaz","bowler":"PJ Cummins","non_striker":"VR Iyer","batterscore":0,"extrascore":0,"extra":{},"overnumber":1,"ballnumber":3,"dissimissals":{}},{"innings":2,"batter":"VR Iyer","bowler":"B Kumar","non_striker":"Rahmanullah Gurbaz","batterscore":4,"extrascore":0,"extra":{},"overnumber":2,"ballnumber":4,"dissimissals":{}},{"innings":2,"batter":"VR Iyer","bowler":"B Kumar","non_striker":"Rahmanullah Gurbaz","batterscore":6,"extrascore":0,"extra":{},"overnumber":2,"ballnumber":5,"dissimissals":{}},{"innings":2,"batter":"VR Iyer","bowler":"B Kumar","non_striker":"Rahmanullah Gurbaz","batterscore":6,"extrascore":0,"extra":{},"overnumber":2,"ballnumber":6,"dissimissals":{}},{"innings":2,"batter":"VR Iyer","bowler":"B Kumar","non_striker":"Rahmanullah Gurbaz","batterscore":1,"extrascore":0,"extra":{},"overnumber":2,"ballnumber":1,"dissimissals":{}},{"innings":2,"batter":"Rahmanullah Gurbaz","bowler":"B Kumar","non_striker":"VR Iyer","batterscore":1,"extrascore":0,"extra":{},"overnumber":2,"ballnumber":2,"dissimissals":{}},{"innings":2,"batter":"VR Iyer","bowler":"B Kumar","non_striker":"Rahmanullah Gurbaz","batterscore":2,"extrascore":0,"extra":{},"overnumber":2,"ballnumber":3,"dissimissals":{}},{"innings":2,"batter":"Rahmanullah Gurbaz","bowler":"T Natarajan","non_striker":"VR Iyer","batterscore":0,"extrascore":1,"extra":{"wides":1},"overnumber":3,"ballnumber":3,"dissimissals":{}},{"innings":2,"batter":"Rahmanullah Gurbaz","bowler":"T Natarajan","non_striker":"VR Iyer","batterscore":4,"extrascore":0,"extra":{},"overnumber":3,"ballnumber":4,"dissimissals":{}},{"innings":2,"batter":"Rahmanullah Gurbaz","bowler":"T Natarajan","non_striker":"VR Iyer","batterscore":0,"extrascore":0,"extra":{},"overnumber":3,"ballnumber":5,"dissimissals":{}},{"innings":2,"batter":"Rahmanullah Gurbaz","bowler":"T Natarajan","non_striker":"VR Iyer","batterscore":0,"extrascore":1,"extra":{"wides":1},"overnumber":3,"ballnumber":5,"dissimissals":{}},{"innings":2,"batter":"Rahmanullah Gurbaz","bowler":"T Natarajan","non_striker":"VR Iyer","batterscore":0,"extrascore":0,"extra":{},"overnumber":3,"ballnumber":6,"dissimissals":{}},{"innings":2,"batter":"Rahmanullah Gurbaz","bowler":"T Natarajan","non_striker":"VR Iyer","batterscore":1,"extrascore":0,"extra":{},"overnumber":3,"ballnumber":1,"dissimissals":{}},{"innings":2,"batter":"VR Iyer","bowler":"T Natarajan","non_striker":"Rahmanullah Gurbaz","batterscore":1,"extrascore":0,"extra":{},"overnumber":3,"ballnumber":2,"dissimissals":{}},{"innings":2,"batter":"Rahmanullah Gurbaz","bowler":"T Natarajan","non_striker":"VR Iyer","batterscore":1,"extrascore":0,"extra":{},"overnumber":3,"ballnumber":3,"dissimissals":{}},{"innings":2,"batter":"Rahmanullah Gurbaz","bowler":"PJ Cummins","non_striker":"VR Iyer","batterscore":4,"extrascore":0,"extra":{},"overnumber":4,"ballnumber":4,"dissimissals":{}},{"innings":2,"batter":"Rahmanullah Gurbaz","bowler":"PJ Cummins","non_striker":"VR Iyer","batterscore":1,"extrascore":0,"extra":{},"overnumber":4,"ballnumber":5,"dissimissals":{}},{"innings":2,"batter":"VR Iyer","bowler":"PJ Cummins","non_striker":"Rahmanullah Gurbaz","batterscore":1,"extrascore":0,"extra":{},"overnumber":4,"ballnumber":6,"dissimissals":{}},{"innings":2,"batter":"Rahmanullah Gurbaz","bowler":"PJ Cummins","non_striker":"VR Iyer","batterscore":0,"extrascore":0,"extra":{},"overnumber":4,"ballnumber":1,"dissimissals":{}},{"innings":2,"batter":"Rahmanullah Gurbaz","bowler":"PJ Cummins","non_striker":"VR Iyer","batterscore":0,"extrascore":0,"extra":{},"overnumber":4,"ballnumber":2,"dissimissals":{}},{"innings":2,"batter":"Rahmanullah Gurbaz","bowler":"PJ Cummins","non_striker":"VR Iyer","batterscore":0,"extrascore":0,"extra":{},"overnumber":4,"ballnumber":3,"dissimissals":{}},{"innings":2,"batter":"VR Iyer","bowler":"T Natarajan","non_striker":"Rahmanullah Gurbaz","batterscore":4,"extrascore":0,"extra":{},"overnumber":5,"ballnumber":4,"dissimissals":{}},{"innings":2,"batter":"VR Iyer","bowler":"T Natarajan","non_striker":"Rahmanullah Gurbaz","batterscore":4,"extrascore":0,"extra":{},"overnumber":5,"ballnumber":5,"dissimissals":{}},{"innings":2,"batter":"VR Iyer","bowler":"T Natarajan","non_striker":"Rahmanullah Gurbaz","batterscore":6,"extrascore":0,"extra":{},"overnumber":5,"ballnumber":6,"dissimissals":{}},{"innings":2,"batter":"VR Iyer","bowler":"T Natarajan","non_striker":"Rahmanullah Gurbaz","batterscore":4,"extrascore":0,"extra":{},"overnumber":5,"ballnumber":1,"dissimissals":{}},{"innings":2,"batter":"VR Iyer","bowler":"T Natarajan","non_striker":"Rahmanullah Gurbaz","batterscore":1,"extrascore":0,"extra":{},"overnumber":5,"ballnumber":2,"dissimissals":{}},{"innings":2,"batter":"Rahmanullah Gurbaz","bowler":"T Natarajan","non_striker":"VR Iyer","batterscore":1,"extrascore":0,"extra":{},"overnumber":5,"ballnumber":3,"dissimissals":{}},{"innings":2,"batter":"Rahmanullah Gurbaz","bowler":"Shahbaz Ahmed","non_striker":"VR Iyer","batterscore":0,"extrascore":0,"extra":{},"overnumber":6,"ballnumber":4,"dissimissals":{}},{"innings":2,"batter":"Rahmanullah Gurbaz","bowler":"Shahbaz Ahmed","non_striker":"VR Iyer","batterscore":0,"extrascore":4,"extra":{"byes":4},"overnumber":6,"ballnumber":5,"dissimissals":{}},{"innings":2,"batter":"Rahmanullah Gurbaz","bowler":"Shahbaz Ahmed","non_striker":"VR Iyer","batterscore":6,"extrascore":0,"extra":{},"overnumber":6,"ballnumber":6,"dissimissals":{}},{"innings":2,"batter":"Rahmanullah Gurbaz","bowler":"Shahbaz Ahmed","non_striker":"VR Iyer","batterscore":1,"extrascore":0,"extra":{},"overnumber":6,"ballnumber":1,"dissimissals":{}},{"innings":2,"batter":"VR Iyer","bowler":"Shahbaz Ahmed","non_striker":"Rahmanullah Gurbaz","batterscore":0,"extrascore":1,"extra":{"legbyes":1},"overnumber":6,"ballnumber":2,"dissimissals":{}},{"innings":2,"batter":"Rahmanullah Gurbaz","bowler":"Shahbaz Ahmed","non_striker":"VR Iyer","batterscore":0,"extrascore":0,"extra":{},"overnumber":6,"ballnumber":3,"dissimissals":{}},{"innings":2,"batter":"VR Iyer","bowler":"JD Unadkat","non_striker":"Rahmanullah Gurbaz","batterscore":1,"extrascore":0,"extra":{},"overnumber":7,"ballnumber":4,"dissimissals":{}},{"innings":2,"batter":"Rahmanullah Gurbaz","bowler":"JD Unadkat","non_striker":"VR Iyer","batterscore":1,"extrascore":0,"extra":{},"overnumber":7,"ballnumber":5,"dissimissals":{}},{"innings":2,"batter":"VR Iyer","bowler":"JD Unadkat","non_striker":"Rahmanullah Gurbaz","batterscore":0,"extrascore":0,"extra":{},"overnumber":7,"ballnumber":6,"dissimissals":{}},{"innings":2,"batter":"VR Iyer","bowler":"JD Unadkat","non_striker":"Rahmanullah Gurbaz","batterscore":2,"extrascore":0,"extra":{},"overnumber":7,"ballnumber":1,"dissimissals":{}},{"innings":2,"batter":"VR Iyer","bowler":"JD Unadkat","non_striker":"Rahmanullah Gurbaz","batterscore":1,"extrascore":0,"extra":{},"overnumber":7,"ballnumber":2,"dissimissals":{}},{"innings":2,"batter":"Rahmanullah Gurbaz","bowler":"JD Unadkat","non_striker":"VR Iyer","batterscore":4,"extrascore":0,"extra":{},"overnumber":7,"ballnumber":3,"dissimissals":{}},{"innings":2,"batter":"VR Iyer","bowler":"Shahbaz Ahmed","non_striker":"Rahmanullah Gurbaz","batterscore":2,"extrascore":0,"extra":{},"overnumber":8,"ballnumber":4,"dissimissals":{}},{"innings":2,"batter":"VR Iyer","bowler":"Shahbaz Ahmed","non_striker":"Rahmanullah Gurbaz","batterscore":0,"extrascore":1,"extra":{"legbyes":1},"overnumber":8,"ballnumber":5,"dissimissals":{}},{"innings":2,"batter":"Rahmanullah Gurbaz","bowler":"Shahbaz Ahmed","non_striker":"VR Iyer","batterscore":0,"extrascore":0,"extra":{},"overnumber":8,"ballnumber":6,"dissimissals":{}},{"innings":2,"batter":"Rahmanullah Gurbaz","bowler":"Shahbaz Ahmed","non_striker":"VR Iyer","batterscore":6,"extrascore":0,"extra":{},"overnumber":8,"ballnumber":1,"dissimissals":{}},{"innings":2,"batter":"Rahmanullah Gurbaz","bowler":"Shahbaz Ahmed","non_striker":"VR Iyer","batterscore":0,"extrascore":0,"extra":{},"overnumber":8,"ballnumber":2,"dissimissals":{"playerName":"Rahmanullah Gurbaz","cause":"lbw","bowler":"Shahbaz Ahmed"}},{"innings":2,"batter":"SS Iyer","bowler":"Shahbaz Ahmed","non_striker":"VR Iyer","batterscore":4,"extrascore":0,"extra":{},"overnumber":8,"ballnumber":3,"dissimissals":{}},{"innings":2,"batter":"VR Iyer","bowler":"AK Markram","non_striker":"SS Iyer","batterscore":2,"extrascore":0,"extra":{},"overnumber":9,"ballnumber":4,"dissimissals":{}},{"innings":2,"batter":"VR Iyer","bowler":"AK Markram","non_striker":"SS Iyer","batterscore":0,"extrascore":0,"extra":{},"overnumber":9,"ballnumber":5,"dissimissals":{}},{"innings":2,"batter":"VR Iyer","bowler":"AK Markram","non_striker":"SS Iyer","batterscore":0,"extrascore":0,"extra":{},"overnumber":9,"ballnumber":6,"dissimissals":{}},{"innings":2,"batter":"VR Iyer","bowler":"AK Markram","non_striker":"SS Iyer","batterscore":1,"extrascore":0,"extra":{},"overnumber":9,"ballnumber":1,"dissimissals":{}},{"innings":2,"batter":"SS Iyer","bowler":"AK Markram","non_striker":"VR Iyer","batterscore":1,"extrascore":0,"extra":{},"overnumber":9,"ballnumber":2,"dissimissals":{}},{"innings":2,"batter":"VR Iyer","bowler":"AK Markram","non_striker":"SS Iyer","batterscore":1,"extrascore":0,"extra":{},"overnumber":9,"ballnumber":3,"dissimissals":{}},{"innings":2,"batter":"VR Iyer","bowler":"Shahbaz Ahmed","non_striker":"SS Iyer","batterscore":1,"extrascore":0,"extra":{},"overnumber":10,"ballnumber":4,"dissimissals":{}},{"innings":2,"batter":"SS Iyer","bowler":"Shahbaz Ahmed","non_striker":"VR Iyer","batterscore":1,"extrascore":0,"extra":{},"overnumber":10,"ballnumber":5,"dissimissals":{}},{"innings":2,"batter":"VR Iyer","bowler":"Shahbaz Ahmed","non_striker":"SS Iyer","batterscore":1,"extrascore":0,"extra":{},"overnumber":10,"ballnumber":6,"dissimissals":{}}]}]